can_transact,can_select,chance_of_playing_next_round,chance_of_playing_this_round,code,cost_change_event,cost_change_event_fall,cost_change_start,cost_change_start_fall,price_change_percent,price_change_hourly_rate,price_change_projections,price_change_locked_until,price_change_calibrating,dreamteam_count,element_type,ep_next,ep_this,event_points,first_name,form,id,in_dreamteam,news,news_added,now_cost,photo,points_per_game,removed,second_name,selected_by_percent,special,squad_number,status,team,team_code,total_points,transfers_in,transfers_in_event,transfers_out,transfers_out_event,value_form,value_season,web_name,known_name,region,team_join_date,birth_date,has_temporary_code,opta_code,minutes,goals_scored,assists,clean_sheets,goals_conceded,own_goals,penalties_saved,penalties_missed,yellow_cards,red_cards,saves,bonus,bps,influence,creativity,threat,ict_index,clearances_blocks_interceptions,recoveries,tackles,defensive_contribution,starts,expected_goals,expected_assists,expected_goal_involvements,expected_goals_conceded,corners_and_indirect_freekicks_order,corners_and_indirect_freekicks_text,direct_freekicks_order,direct_freekicks_text,penalties_order,penalties_text,scout_risks,scout_news_link,influence_rank,influence_rank_type,creativity_rank,creativity_rank_type,threat_rank,threat_rank_type,ict_index_rank,ict_index_rank_type,expected_goals_per_90,saves_per_90,expected_assists_per_90,expected_goal_involvements_per_90,expected_goals_conceded_per_90,goals_conceded_per_90,now_cost_rank,now_cost_rank_type,form_rank,form_rank_type,points_per_game_rank,points_per_game_rank_type,selected_rank,selected_rank_type,starts_per_90,clean_sheets_per_90,defensive_contribution_per_90
True,True,,,154561,0,0,0,0,11.4,-94,"[{'offset': 0, 'projected_percent': '11.2', 'likelihood': 1}, {'offset': 1, 'projected_percent': '9.9', 'likelihood': 1}, {'offset': 2, 'projected_percent': '8.7', 'likelihood': 1}]",,False,0,1,3.0,3.0,0,David,3.0,1,False,,,60,154561.jpg,6.0,False,Raya Martín,38.2,False,,a,1,3,6,148914,42180,125999,44021,0.5,1.0,Raya,,200.0,2024-07-04,1995-09-15,False,p154561,90,0,0,1,0,0,0,0,0,0,1,0,24,11.8,0.0,0.0,1.2,1,8,0,0,1,0.00,0.00,0.00,0.20,,,,,,,[],,144,19,600,70,591,70,231,19,0.0,1.0,0.0,0.0,0.2,0.0,60,1,110,8,44,3,6,1,1.0,1.0,0.0
True,True,,,109745,0,0,0,0,-73.9,6,"[{'offset': 0, 'projected_percent': '-72.3', 'likelihood': -3}, {'offset': 1, 'projected_percent': '-62.5', 'likelihood': -3}, {'offset': 2, 'projected_percent': '-52.7', 'likelihood': -3}]",,False,0,1,0.0,0.0,0,Kepa,0.0,2,False,,,50,109745.jpg,0.0,False,Arrizabalaga Revuelta,0.1,False,,a,1,3,0,500,178,1672,283,0.0,0.0,Arrizabalaga,,200.0,2025-07-01,1994-10-03,False,p109745,0,0,0,0,0,0,0,0,0,0,0,0,0,0.0,0.0,0.0,0.0,0,0,0,0,0,0.00,0.00,0.00,0.00,,,,,,,[],,444,65,451,54,392,54,460,65,0.0,0.0,0.0,0.0,0.0,0.0,236,9,500,65,500,65,447,49,0.0,0.0,0.0
True,True,,,437495,0,0,0,0,-70.8,-6,"[{'offset': 0, 'projected_percent': '-75.2', 'likelihood': -3}, {'offset': 1, 'projected_percent': '-101.8', 'likelihood': -5}, {'offset': 2, 'projected_percent': '-128.4', 'likelihood': -5}]",,False,0,1,0.0,0.0,0,Illan,0.0,3,False,,,50,437495.jpg,0.0,False,Meslier,0.0,False,,a,1,3,0,135,34,596,104,0.0,0.0,Meslier,,73.0,2026-07-09,2000-03-02,False,p437495,0,0,0,0,0,0,0,0,0,0,0,0,0,0.0,0.0,0.0,0.0,0,0,0,0,0,0.00,0.00,0.00,0.00,,,,,,,[],,483,68,493,61,446,61,499,68,0.0,0.0,0.0,0.0,0.0,0.0,302,16,527,68,527,68,531,58,0.0,0.0,0.0
True,True,,,226597,0,0,0,0,-14.4,-1753,"[{'offset': 0, 'projected_percent': '-15.9', 'likelihood': -1}, {'offset': 1, 'projected_percent': '-24.7', 'likelihood': -2}, {'offset': 2, 'projected_percent': '-33.6', 'likelihood': -2}]",,False,0,2,2.5,2.5,0,Gabriel,2.5,4,False,,,80,226597.jpg,5.0,False,dos Santos Magalhães,28.2,False,,a,1,3,5,72176,13411,197951,73843,0.3,0.6,Gabriel,Gabriel Magalhães,30.0,2020-09-01,1997-12-19,False,p226597,90,0,0,1,0,0,0,0,1,0,0,0,21,6.6,1.8,1.0,0.9,4,2,0,4,1,0.05,0.01,0.06,0.20,,,,,,,[],,196,87,193,59,194,66,240,90,0.05,0.0,0.01,0.06,0.2,0.0,7,1,142,50,68,24,8,2,1.0,1.0,4.0
True,True,0.0,0.0,445122,0,0,0,0,-67.6,-18,"[{'offset': 0, 'projected_percent': '-69.2', 'likelihood': -3}, {'offset': 1, 'projected_percent': '-79.0', 'likelihood': -3}, {'offset': 2, 'projected_percent': '-88.8', 'likelihood': -3}]",,False,0,2,0.0,0.0,0,Jurriën,0.0,5,False,Groin injury - Unknown return date,2026-07-23T12:01:23.272929Z,65,445122.jpg,0.0,False,Timber,0.1,False,,i,1,3,0,591,190,3945,841,0.0,0.0,J.Timber,Jurriën Timber,152.0,2023-07-14,2001-06-17,False,p445122,0,0,0,0,0,0,0,0,0,0,0,0,0,0.0,0.0,0.0,0.0,0,0,0,0,0,0.00,0.00,0.00,0.00,,,,,,,[],https://www.arsenal.com/news/arteta-issues-update-on-bruno-timber-and-saliba-aKfIr6V2lm7B?utm_source=premier-league-web&utm_medium=referral&utm_campaign=pl-referral-always-on&utm_content=home&utm_term=live-bar,614,207,616,207,614,207,616,207,0.0,0.0,0.0,0.0,0.0,0.0,41,3,615,205,615,205,425,150,0.0,0.0,0.0
True,True,0.0,0.0,462424,0,0,0,0,-58.0,-64,"[{'offset': 0, 'projected_percent': '-60.2', 'likelihood': -3}, {'offset': 1, 'projected_percent': '-73.3', 'likelihood': -3}, {'offset': 2, 'projected_percent': '-86.3', 'likelihood': -3}]",,False,0,2,0.0,0.0,0,William,0.0,6,False,Back injury - Unknown return date,2026-07-23T12:01:23.289376Z,60,462424.jpg,0.0,False,Saliba,0.3,False,,i,1,3,0,1348,502,8860,2044,0.0,0.0,Saliba,,73.0,2019-07-25,2001-03-24,False,p462424,0,0,0,0,0,0,0,0,0,0,0,0,0,0.0,0.0,0.0,0.0,0,0,0,0,0,0.00,0.00,0.00,0.00,,,,,,,[],https://www.arsenal.com/news/arteta-issues-update-on-bruno-timber-and-saliba-aKfIr6V2lm7B?utm_source=premier-league-web&utm_medium=referral&utm_campaign=pl-referral-always-on&utm_content=home&utm_term=live-bar,602,206,605,206,598,206,605,206,0.0,0.0,0.0,0.0,0.0,0.0,85,9,608,204,608,204,314,117,0.0,0.0,0.0
True,True,,,499169,0,0,0,0,0.8,-1,"[{'offset': 0, 'projected_percent': '0.8', 'likelihood': 1}, {'offset': 1, 'projected_percent': '0.8', 'likelihood': 1}, {'offset': 2, 'projected_percent': '0.8', 'likelihood': 1}]",,False,0,3,1.5,1.5,0,Myles,1.5,7,False,,,55,499169.jpg,3.0,False,Lewis-Skelly,0.7,False,,a,1,3,3,11857,2164,11873,2822,0.3,0.5,Lewis-Skelly,,241.0,2022-12-04,2006-09-26,False,p499169,90,0,0,1,0,0,0,0,0,0,0,0,15,11.0,22.9,7.0,4.1,1,5,1,7,1,0.06,0.11,0.17,0.20,,,,,,,[],,155,54,54,35,112,59,101,52,0.06,0.0,0.11,0.17,0.2,0.0,192,120,194,90,116,50,225,75,1.0,1.0,7.0
True,True,,,466075,0,0,1,-1,17.2,793,"[{'offset': 0, 'projected_percent': '19.0', 'likelihood': 1}, {'offset': 1, 'projected_percent': '29.9', 'likelihood': 2}, {'offset': 2, 'projected_percent': '40.8', 'likelihood': 3}]",,False,0,2,4.5,4.5,0,Riccardo,4.5,8,False,,,56,466075.jpg,9.0,False,Calafiori,41.6,False,,a,1,3,9,374577,64472,69830,28197,0.8,1.6,Calafiori,,106.0,2024-07-29,2002-05-19,False,p466075,80,0,1,1,0,0,0,0,0,0,0,0,31,26.0,12.2,4.0,4.2,4,1,1,5,1,0.04,0.09,0.13,0.06,,,,,,,[],,62,24,105,31,137,45,98,34,0.04,0.0,0.1,0.14,0.07,0.0,113,11,68,24,11,4,5,1,1.12,1.12,5.62
True,True,,,448104,0,0,-1,1,-17.7,-112,"[{'offset': 0, 'projected_percent': '-19.5', 'likelihood': -1}, {'offset': 1, 'projected_percent': '-30.7', 'likelihood': -2}, {'offset': 2, 'projected_percent': '-41.9', 'likelihood': -3}]",,False,0,2,0.5,0.5,0,Piero,0.5,9,False,,,54,448104.jpg,1.0,False,Hincapié,1.4,False,,a,1,3,1,5889,1979,47482,6436,0.1,0.2,Hincapie,,62.0,2026-07-01,2002-01-09,False,p448104,9,0,0,0,0,0,0,0,0,0,0,0,3,0.4,0.5,0.0,0.1,0,0,0,0,0,0.00,0.00,0.00,0.15,,,,,,,[],,273,102,252,91,518,192,290,102,0.0,0.0,0.0,0.0,1.5,0.0,219,32,314,111,293,106,160,64,0.0,0.0,0.0
True,True,100.0,100.0,198869,0,0,0,0,52.5,-33,"[{'offset': 0, 'projected_percent': '52.4', 'likelihood': 3}, {'offset': 1, 'projected_percent': '52.0', 'likelihood': 3}, {'offset': 2, 'projected_percent': '51.5', 'likelihood': 3}]",,False,0,2,5.5,5.5,0,Benjamin,5.5,10,False,,2026-07-23T12:01:23.305229Z,55,198869.jpg,11.0,False,White,7.0,False,,a,1,3,11,175355,30414,46176,21121,1.0,2.0,White,,241.0,2021-07-30,1997-10-08,False,p198869,90,0,1,1,0,0,0,0,0,0,0,2,37,33.2,26.8,13.0,7.3,4,3,1,5,1,0.18,0.21,0.39,0.20,,,,,,,[],,42,15,38,11,76,21,41,11,0.18,0.0,0.21,0.39,0.2,0.0,134,15,43,17,3,1,57,23,1.0,1.0,5.0
True,True,,,500040,0,0,0,0,-32.2,-295,"[{'offset': 0, 'projected_percent': '-33.4', 'likelihood': -2}, {'offset': 1, 'projected_percent': '-41.1', 'likelihood': -3}, {'offset': 2, 'projected_percent': '-48.7', 'likelihood': -3}]",,False,0,2,3.0,3.0,0,Cristhian,3.0,11,False,,,55,500040.jpg,6.0,False,Mosquera,5.5,False,,a,1,3,6,19219,3809,63072,17123,0.5,1.1,Mosquera,,200.0,2025-07-24,2004-06-27,False,p500040,90,0,0,1,0,0,0,0,0,0,0,0,27,14.4,0.6,0.0,1.5,6,3,0,6,1,0.00,0.00,0.00,0.20,,,,,,,[],,119,55,246,89,572,201,210,82,0.0,0.0,0.0,0.0,0.2,0.0,193,27,106,39,43,16,66,26,1.0,1.0,6.0
True,True,,,223340,0,0,0,0,14.0,-575,"[{'offset': 0, 'projected_percent': '12.7', 'likelihood': 1}, {'offset': 1, 'projected_percent': '4.8', 'likelihood': 1}, {'offset': 2, 'projected_percent': '-3.1', 'likelihood': -1}]",,False,0,3,4.5,4.5,0,Bukayo,4.5,12,False,,,95,223340.jpg,9.0,False,Saka,10.2,False,,a,1,3,9,100565,11652,58472,23242,0.5,0.9,Saka,,241.0,2018-11-28,2001-09-05,False,p223340,67,1,0,1,0,0,0,0,0,0,0,1,36,42.8,26.1,33.0,10.2,2,4,1,7,1,0.64,0.08,0.72,0.06,2.0,,2.0,,1.0,,[],,21,11,43,29,25,12,12,9,0.86,0.0,0.11,0.97,0.08,0.0,4,3,71,34,14,7,39,15,1.34,1.34,9.4
True,True,,,204480,0,0,0,0,-45.6,-1458,"[{'offset': 0, 'projected_percent': '-47.7', 'likelihood': -3}, {'offset': 1, 'projected_percent': '-60.6', 'likelihood': -3}, {'offset': 2, 'projected_percent': '-73.4', 'likelihood': -3}]",,False,0,3,1.5,1.5,0,Declan,1.5,13,False,,,75,204480.jpg,3.0,False,Rice,16.2,False,,a,1,3,3,41851,6364,211880,54158,0.2,0.4,Rice,,241.0,2023-07-15,1999-01-14,False,p204480,67,0,0,1,0,0,0,0,0,0,0,0,10,6.8,6.4,2.0,1.5,3,3,0,6,1,0.07,0.08,0.15,0.06,1.0,,1.0,,,,[],,193,77,136,80,187,95,213,96,0.09,0.0,0.11,0.2,0.08,0.0,15,9,205,97,124,56,24,9,1.34,1.34,8.06
True,True,,,232413,-1,1,-1,1,-8.0,-204,"[{'offset': 0, 'projected_percent': '-9.7', 'likelihood': -1}, {'offset': 1, 'projected_percent': '-19.9', 'likelihood': -1}, {'offset': 2, 'projected_percent': '-30.0', 'likelihood': -2}]",,False,0,3,0.5,0.5,0,Eberechi,0.5,14,False,,,64,232413.jpg,1.0,False,Eze,1.7,False,,a,1,3,1,8261,2545,53036,8544,0.1,0.2,Eze,,241.0,2025-08-23,1998-06-29,False,p232413,14,0,0,0,0,0,0,0,0,0,0,0,4,0.0,1.8,1.0,0.1,0,2,0,2,0,0.04,0.00,0.04,0.15,,,3.0,,,,[],,610,267,192,112,193,99,294,140,0.26,0.0,0.0,0.26,0.96,0.0,53,37,343,164,328,160,148,43,0.0,0.0,12.86
True,True,,,184029,0,0,1,-1,8.8,129,"[{'offset': 0, 'projected_percent': '9.1', 'likelihood': 1}, {'offset': 1, 'projected_percent': '10.8', 'likelihood': 1}, {'offset': 2, 'projected_percent': '12.6', 'likelihood': 1}]",,False,0,3,5.5,5.5,0,Martin,5.5,15,False,,,66,184029.jpg,11.0,False,Ødegaard,11.9,False,,a,1,3,11,325166,35607,59975,23115,0.8,1.7,Ødegaard,,161.0,2021-08-20,1998-12-17,False,p184029,75,1,0,1,0,0,0,0,0,0,0,3,41,50.6,41.5,31.0,12.3,1,4,3,8,1,0.21,0.10,0.31,0.06,4.0,,,,3.0,,[],,6,4,13,11,27,13,6,5,0.25,0.0,0.12,0.37,0.07,0.0,31,20,46,23,5,3,33,12,1.2,1.2,9.6
True,True,,,248857,0,0,-1,1,-20.2,-41,"[{'offset': 0, 'projected_percent': '-23.4', 'likelihood': -2}, {'offset': 1, 'projected_percent': '-43.1', 'likelihood': -3}, {'offset': 2, 'projected_percent': '-62.8', 'likelihood': -3}]",,False,0,3,0.5,0.5,0,Noni,0.5,16,False,,,64,248857.jpg,1.0,False,Madueke,0.3,False,,a,1,3,1,1928,516,9713,1482,0.1,0.2,Madueke,,241.0,2025-07-18,2002-03-10,False,p248857,22,0,0,0,0,0,0,0,0,0,0,0,8,9.4,43.1,0.0,5.3,0,2,0,2,0,0.00,0.04,0.04,0.15,6.0,,,,,,[],,171,67,11,9,609,265,70,37,0.0,0.0,0.16,0.16,0.61,0.0,54,38,344,165,329,161,299,102,0.0,0.0,8.18
True,True,,,195384,-1,1,-1,1,-10.2,-88,"[{'offset': 0, 'projected_percent': '-12.3', 'likelihood': -1}, {'offset': 1, 'projected_percent': '-25.2', 'likelihood': -2}, {'offset': 2, 'projected_percent': '-38.0', 'likelihood': -2}]",,False,0,3,0.5,0.5,0,Mikel,0.5,17,False,,,59,195384.jpg,1.0,False,Merino Zazón,0.6,False,,a,1,3,1,3523,1101,19067,3810,0.1,0.2,Merino,,200.0,2024-08-27,1996-06-22,False,p195384,14,0,0,0,0,0,0,0,0,0,0,0,5,3.6,1.2,14.0,1.9,0,2,0,2,0,0.14,0.02,0.16,0.15,,,,,,,[],,233,103,216,121,73,40,186,83,0.9,0.0,0.13,1.03,0.96,0.0,105,66,333,157,317,153,244,81,0.0,0.0,12.86
True,True,,,444145,0,0,-1,1,-37.4,-53,"[{'offset': 0, 'projected_percent': '-43.8', 'likelihood': -3}, {'offset': 1, 'projected_percent': '-83.3', 'likelihood': -3}, {'offset': 2, 'projected_percent': '-122.8', 'likelihood': -5}]",,False,0,3,0.0,0.0,0,Gabriel,0.0,18,False,,,64,444145.jpg,0.0,False,Martinelli Silva,0.2,False,,a,1,3,0,1772,454,8396,1360,0.0,0.0,Martinelli,Gabriel Martinelli,30.0,2019-07-15,2001-06-18,False,p444145,0,0,0,0,0,0,0,0,0,0,0,0,0,0.0,0.0,0.0,0.0,0,0,0,0,0,0.00,0.00,0.00,0.00,,,,,,,[],,611,268,613,269,610,266,613,269,0.0,0.0,0.0,0.0,0.0,0.0,55,39,612,269,612,269,348,128,0.0,0.0,0.0
True,True,,,481655,-1,1,-1,1,-6.0,-56,"[{'offset': 0, 'projected_percent': '-6.8', 'likelihood': -1}, {'offset': 1, 'projected_percent': '-11.9', 'likelihood': -1}, {'offset': 2, 'projected_percent': '-16.9', 'likelihood': -1}]",,False,0,3,0.5,0.5,0,Martín,0.5,19,False,,,54,481655.jpg,1.0,False,Zubimendi Ibáñez,0.9,False,,a,1,3,1,2963,1384,24860,4268,0.1,0.2,Zubimendi,,200.0,2025-07-06,1999-02-02,False,p481655,22,0,0,0,0,0,0,0,0,0,0,0,3,3.8,2.3,0.0,0.6,0,2,1,3,0,0.00,0.02,0.02,0.15,,,,,,,[],,228,100,178,104,521,210,253,114,0.0,0.0,0.08,0.08,0.61,0.0,222,137,315,148,294,138,200,65,0.0,0.0,12.27
True,True,,,616077,0,0,-1,1,-19.3,-9,"[{'offset': 0, 'projected_percent': '-21.9', 'likelihood': -2}, {'offset': 1, 'projected_percent': '-37.6', 'likelihood': -2}, {'offset': 2, 'projected_percent': '-53.3', 'likelihood': -3}]",,False,0,3,0.0,0.0,0,Max,0.0,20,False,,,54,616077.jpg,0.0,False,Dowman,0.1,False,,a,1,3,0,744,271,2876,546,0.0,0.0,Dowman,,241.0,2025-07-22,2009-12-31,False,p616077,0,0,0,0,0,0,0,0,0,0,0,0,0,0.0,0.0,0.0,0.0,0,0,0,0,0,0.00,0.00,0.00,0.00,,,,,,,[],,542,227,555,236,524,213,558,234,0.0,0.0,0.0,0.0,0.0,0.0,225,140,574,243,574,243,444,178,0.0,0.0,0.0
True,True,,,499175,-1,1,-1,1,-1.1,-2,"[{'offset': 0, 'projected_percent': '-3.2', 'likelihood': -1}, {'offset': 1, 'projected_percent': '-16.1', 'likelihood': -1}, {'offset': 2, 'projected_percent': '-29.1', 'likelihood': -2}]",,False,0,3,0.0,0.0,0,Ethan,0.0,22,False,,,54,499175.jpg,0.0,False,Nwaneri,0.0,False,,a,1,3,0,139,63,412,88,0.0,0.0,Nwaneri,,241.0,2022-09-17,2007-03-21,False,p499175,0,0,0,0,0,0,0,0,0,0,0,0,0,0.0,0.0,0.0,0.0,0,0,0,0,0,0.00,0.00,0.00,0.00,,,,,,,[],,541,226,554,235,523,212,557,233,0.0,0.0,0.0,0.0,0.0,0.0,224,139,573,242,573,242,580,245,0.0,0.0,0.0
True,True,,,438098,0,0,0,0,-52.9,0,"[{'offset': 0, 'projected_percent': '-52.9', 'likelihood': -3}, {'offset': 1, 'projected_percent': '-52.9', 'likelihood': -3}, {'offset': 2, 'projected_percent': '-52.9', 'likelihood': -3}]",,False,0,3,0.0,0.0,0,Fábio,0.0,23,False,,,55,438098.jpg,0.0,False,Ferreira Vieira,0.0,False,,a,1,3,0,143,63,269,54,0.0,0.0,Fábio Vieira,Fábio Vieira,173.0,2022-06-21,2000-05-30,False,p438098,0,0,0,0,0,0,0,0,0,0,0,0,0,0.0,0.0,0.0,0.0,0,0,0,0,0,0.00,0.00,0.00,0.00,,,,,,,[],,562,238,575,246,555,232,576,244,0.0,0.0,0.0,0.0,0.0,0.0,165,102,589,252,589,252,589,251,0.0,0.0,0.0
True,False,0.0,,200641,0,0,0,0,0.0,0,"[{'offset': 0, 'projected_percent': '0.0', 'likelihood': 0}, {'offset': 1, 'projected_percent': '0.0', 'likelihood': 0}, {'offset': 2, 'projected_percent': '0.0', 'likelihood': 0}]",,False,0,3,0.0,0.0,0,Reiss,0.0,24,False,has departed the club as a free agent.,2026-08-29T00:33:08.556767Z,55,200641.jpg,0.0,False,Nelson,0.0,False,,u,1,3,0,68,4,287,115,0.0,0.0,Nelson,,241.0,2017-07-12,1999-12-10,False,p200641,0,0,0,0,0,0,0,0,0,0,0,0,0,0.0,0.0,0.0,0.0,0,0,0,0,0,0.00,0.00,0.00,0.00,,,,,,,[],,551,230,566,239,540,221,567,237,0.0,0.0,0.0,0.0,0.0,0.0,136,84,582,246,582,246,595,253,0.0,0.0,0.0
True,True,,,224117,0,0,-1,1,-41.8,-1098,"[{'offset': 0, 'projected_percent': '-45.9', 'likelihood': -3}, {'offset': 1, 'projected_percent': '-71.0', 'likelihood': -3}, {'offset': 2, 'projected_percent': '-96.1', 'likelihood': -4}]",,False,0,4,0.0,0.0,0,Viktor,0.0,25,False,,,74,224117.jpg,0.0,False,Gyökeres,6.3,False,,a,1,3,0,11489,2713,270503,32374,0.0,0.0,Gyökeres,,206.0,2025-07-26,1998-06-04,False,p224117,0,0,0,0,0,0,0,0,0,0,0,0,0,0.0,0.0,0.0,0.0,0,0,0,0,0,0.00,0.00,0.00,0.00,,,,,2.0,,[],,621,71,622,71,622,71,622,71,0.0,0.0,0.0,0.0,0.0,0.0,21,8,619,71,619,71,62,10,0.0,0.0,0.0
True,True,,,219847,0,0,0,0,74.1,185,"[{'offset': 0, 'projected_percent': '74.5', 'likelihood': 3}, {'offset': 1, 'projected_percent': '77.0', 'likelihood': 3}, {'offset': 2, 'projected_percent': '79.6', 'likelihood': 3}]",,False,0,4,3.0,3.0,0,Kai,3.0,26,False,,,75,219847.jpg,6.0,False,Havertz,7.5,False,,a,1,3,6,208763,21155,62685,23860,0.4,0.8,Havertz,,80.0,2023-06-28,1999-06-11,False,p219847,90,1,0,1,0,0,0,0,0,0,0,0,34,37.2,13.2,25.0,7.5,2,0,0,2,1,0.26,0.03,0.29,0.20,,,,,,,[],,35,5,98,9,38,10,38,7,0.26,0.0,0.03,0.29,0.2,0.0,16,6,115,14,49,4,54,7,1.0,1.0,2.0
True,True,,,205651,0,0,0,0,-94.9,-54,"[{'offset': 0, 'projected_percent': '-98.6', 'likelihood': -4}, {'offset': 1, 'projected_percent': '-121.8', 'likelihood': -5}, {'offset': 2, 'projected_percent': '-144.9', 'likelihood': -5}]",,False,0,4,0.0,0.0,0,Gabriel,0.0,27,False,,,60,205651.jpg,0.0,False,Fernando de Jesus,0.3,False,,a,1,3,0,3111,1197,9247,2069,0.0,0.0,G.Jesus,Gabriel Jesus,30.0,2022-07-04,1997-04-03,False,p205651,0,0,0,0,0,0,0,0,0,0,0,0,0,0.0,0.0,0.0,0.0,0,0,0,0,0,0.00,0.00,0.00,0.00,,,,,,,[],,597,62,602,65,592,64,602,65,0.0,0.0,0.0,0.0,0.0,0.0,67,16,605,69,605,69,291,50,0.0,0.0,0.0
True,True,,,199798,0,0,0,0,-101.0,-684,"[{'offset': 0, 'projected_percent': '-102.5', 'likelihood': -5}, {'offset': 1, 'projected_percent': '-111.8', 'likelihood': -5}, {'offset': 2, 'projected_percent': '-121.2', 'likelihood': -5}]",,False,0,2,0.0,0.0,0,Ezri,0.0,31,False,,,45,199798.jpg,0.0,False,Konsa Ngoyo,10.5,False,,a,1,3,0,78969,29148,274548,44961,0.0,0.0,Konsa,,241.0,2026-08-21,1997-10-23,False,p199798,0,0,0,0,0,0,0,0,0,0,0,0,0,0.0,0.0,0.0,0.0,0,0,0,0,0,0.00,0.00,0.00,0.00,,,,,,,[],,356,145,360,149,289,124,373,146,0.0,0.0,0.0,0.0,0.0,0.0,439,99,421,156,421,156,37,13,0.0,0.0,0.0
True,True,75.0,75.0,208706,0,0,-1,1,-30.9,-800,"[{'offset': 0, 'projected_percent': '-35.0', 'likelihood': -2}, {'offset': 1, 'projected_percent': '-60.3', 'likelihood': -3}, {'offset': 2, 'projected_percent': '-85.5', 'likelihood': -3}]",,False,0,3,0.0,0.0,0,Bruno,0.0,452,False,Thigh injury - 75% chance of playing,2026-08-20T17:00:08.846118Z,69,208706.jpg,0.0,False,Guimarães Rodriguez Moura,2.4,False,,d,1,3,0,1224,374,148574,22019,0.0,0.0,Bruno G.,Bruno Guimarães,30.0,2026-08-08,1997-11-16,False,p208706,0,0,0,0,0,0,0,0,0,0,0,0,0,0.0,0.0,0.0,0.0,0,0,0,0,0,0.00,0.00,0.00,0.00,5.0,,,,4.0,,[],https://www.arsenal.com/news/arteta-issues-update-on-bruno-timber-and-saliba-aKfIr6V2lm7B?utm_source=premier-league-web&utm_medium=referral&utm_campaign=pl-referral-always-on&utm_content=home&utm_term=live-bar,618,273,620,274,619,273,620,274,0.0,0.0,0.0,0.0,0.0,0.0,29,18,618,273,618,273,119,37,0.0,0.0,0.0
True,True,,,439509,0,0,0,0,95.1,-145,"[{'offset': 0, 'projected_percent': '94.8', 'likelihood': 3}, {'offset': 1, 'projected_percent': '92.8', 'likelihood': 3}, {'offset': 2, 'projected_percent': '90.8', 'likelihood': 3}]",,False,0,3,3.0,3.0,0,Christos,3.0,557,False,,,65,439509.jpg,6.0,False,Tzolis,25.8,False,,a,1,3,6,284533,47846,96216,40516,0.5,0.9,Tzolis,,83.0,2026-07-23,2002-01-30,False,p439509,75,0,1,1,0,0,0,0,0,0,0,0,30,17.0,39.8,30.0,8.7,2,3,1,6,1,0.19,0.14,0.33,0.06,3.0,,,,,,[],,102,35,16,14,29,15,24,15,0.23,0.0,0.17,0.4,0.07,0.0,39,26,114,54,47,24,11,5,1.2,1.2,7.2
True,True,,,72147,0,0,0,0,0.1,12,"[{'offset': 0, 'projected_percent': '0.1', 'likelihood': 1}, {'offset': 1, 'projected_percent': '0.3', 'likelihood': 1}, {'offset': 2, 'projected_percent': '0.4', 'likelihood': 1}]",,False,0,1,0.5,0.5,0,Marco,0.5,29,False,,,45,72147.jpg,1.0,False,Bizot,0.1,False,,a,2,7,1,1633,788,1316,435,0.1,0.2,M.Bizot,,152.0,2025-07-15,1991-03-10,False,p72147,90,0,0,0,4,0,0,0,0,0,3,0,1,28.2,0.0,0.0,2.8,2,6,0,0,1,0.00,0.00,0.00,3.77,,,,,,,[],,56,8,341,24,266,24,138,8,0.0,3.0,0.0,0.0,3.77,4.0,408,23,268,21,232,20,382,43,1.0,0.0,0.0
True,False,0.0,0.0,101188,0,0,0,0,0.0,-41,"[{'offset': 0, 'projected_percent': '0.0', 'likelihood': 0}, {'offset': 1, 'projected_percent': '0.0', 'likelihood': 0}, {'offset': 2, 'projected_percent': '0.0', 'likelihood': 0}]",,False,0,2,0.0,0.0,0,Lucas,0.0,30,False,Has joined Paris Saint-Germain permanently,2026-08-10T14:03:30.089007Z,45,101188.jpg,0.0,False,Digne,0.1,False,,u,2,7,0,0,0,5781,804,0.0,0.0,Digne,,73.0,2022-01-13,1993-07-20,False,p101188,0,0,0,0,0,0,0,0,0,0,0,0,0,0.0,0.0,0.0,0.0,0,0,0,0,0,0.00,0.00,0.00,0.00,,,,,,,[],,341,140,344,143,270,116,358,141,0.0,0.0,0.0,0.0,0.0,0.0,413,84,408,153,408,153,448,158,0.0,0.0,0.0
True,True,,,199796,0,0,0,0,-50.2,-224,"[{'offset': 0, 'projected_percent': '-51.0', 'likelihood': -3}, {'offset': 1, 'projected_percent': '-55.3', 'likelihood': -3}, {'offset': 2, 'projected_percent': '-59.7', 'likelihood': -3}]",,False,0,2,-0.5,-0.5,0,Matty,-0.5,32,False,,,45,199796.jpg,-1.0,False,Cash,7.4,False,,a,2,7,-1,33052,6074,125678,19351,-0.1,-0.2,Cash,,172.0,2020-09-03,1997-08-07,False,p199796,90,0,0,0,4,0,0,0,1,0,0,0,-8,12.0,1.1,0.0,1.3,5,0,2,7,1,0.00,0.00,0.00,3.77,1.0,,,,,,[],,143,67,218,72,288,123,222,85,0.0,0.0,0.0,0.0,3.77,4.0,438,98,624,206,624,206,55,22,1.0,0.0,7.0
True,True,,,149484,0,0,0,0,0.2,5,"[{'offset': 0, 'projected_percent': '0.2', 'likelihood': 1}, {'offset': 1, 'projected_percent': '0.2', 'likelihood': 1}, {'offset': 2, 'projected_percent': '0.3', 'likelihood': 1}]",,False,0,2,0.5,0.5,0,Tyrone,0.5,33,False,,,45,149484.jpg,1.0,False,Mings,0.4,False,,a,2,7,1,4079,826,4402,895,0.1,0.2,Mings,,241.0,2019-07-08,1993-03-13,False,p149484,16,0,0,0,0,0,0,0,0,0,0,0,5,2.0,0.0,0.0,0.2,0,0,1,1,0,0.00,0.00,0.00,0.22,,,,,,,[],,251,98,353,145,280,118,280,99,0.0,0.0,0.0,0.0,1.24,0.0,425,88,269,91,233,79,276,106,0.0,0.0,5.62
True,True,,,244954,0,0,0,0,-37.6,-4,"[{'offset': 0, 'projected_percent': '-37.8', 'likelihood': -2}, {'offset': 1, 'projected_percent': '-39.0', 'likelihood': -2}, {'offset': 2, 'projected_percent': '-40.2', 'likelihood': -3}]",,False,0,2,0.0,0.0,0,Pau,0.0,34,False,,,45,244954.jpg,0.0,False,Torres,0.4,False,,a,2,7,0,2371,540,6043,983,0.0,0.0,Pau,,200.0,2023-07-12,1997-01-16,False,p244954,73,0,0,0,4,0,0,0,0,0,0,0,-14,0.0,0.7,0.0,0.0,5,1,0,5,1,0.00,0.00,0.00,3.55,,,,,,,[],,372,156,234,81,309,137,389,157,0.0,0.0,0.0,0.0,4.38,4.93,466,119,434,164,434,164,271,101,1.23,0.0,6.16
True,True,,,515597,0,0,0,0,-18.9,-2,"[{'offset': 0, 'projected_percent': '-19.5', 'likelihood': -1}, {'offset': 1, 'projected_percent': '-22.9', 'likelihood': -2}, {'offset': 2, 'projected_percent': '-26.2', 'likelihood': -2}]",,False,0,3,0.5,0.5,0,Lamare,0.5,35,False,,,50,515597.jpg,1.0,False,Bogarde,0.1,False,,a,2,7,1,904,268,1308,323,0.1,0.2,Bogarde,,152.0,2021-01-07,2004-01-05,False,p515597,16,0,0,0,0,0,0,0,0,0,0,0,3,2.2,0.5,0.0,0.3,1,0,0,1,0,0.00,0.00,0.00,0.22,,,,,,,[],,247,112,251,134,487,185,277,130,0.0,0.0,0.0,0.0,1.24,0.0,358,210,303,140,280,127,465,188,0.0,0.0,5.62
True,True,,,441302,0,0,0,0,-41.2,-6,"[{'offset': 0, 'projected_percent': '-41.4', 'likelihood': -3}, {'offset': 1, 'projected_percent': '-42.6', 'likelihood': -3}, {'offset': 2, 'projected_percent': '-43.8', 'likelihood': -3}]",,False,0,2,0.0,0.0,0,Ian,0.0,36,False,,,45,441302.jpg,0.0,False,Maatsen,0.7,False,,a,2,7,0,3542,996,10691,1833,0.0,0.0,Maatsen,,152.0,2024-06-28,2002-03-10,False,p441302,81,0,0,0,4,0,0,0,0,0,0,0,-9,9.2,0.8,3.0,1.3,7,2,2,9,1,0.03,0.00,0.03,3.62,,,,,,,[],,172,74,228,78,148,49,223,86,0.03,0.0,0.0,0.03,4.02,4.44,472,124,438,167,438,167,224,82,1.11,0.0,10.0
True,True,,,184667,0,0,0,0,-39.4,9,"[{'offset': 0, 'projected_percent': '-38.6', 'likelihood': -2}, {'offset': 1, 'projected_percent': '-33.7', 'likelihood': -2}, {'offset': 2, 'projected_percent': '-28.8', 'likelihood': -2}]",,False,0,2,-1.0,-1.0,0,Victor,-1.0,37,False,,,45,184667.jpg,-2.0,False,Lindelöf,0.3,False,,a,2,7,-2,2286,511,4722,711,-0.2,-0.4,Lindelöf,,206.0,2025-09-01,1994-07-17,False,p184667,90,0,0,0,4,1,0,0,0,0,0,0,-13,1.8,0.1,0.0,0.2,3,1,0,3,1,0.00,0.00,0.00,3.77,,,,,,,[],,255,99,273,101,286,121,281,100,0.0,0.0,0.0,0.0,3.77,4.0,435,95,625,207,625,207,309,114,1.0,0.0,3.0
True,True,,,606798,0,0,0,0,-10.1,31,"[{'offset': 0, 'projected_percent': '-9.7', 'likelihood': -1}, {'offset': 1, 'projected_percent': '-7.1', 'likelihood': -1}, {'offset': 2, 'projected_percent': '-4.5', 'likelihood': -1}]",,False,0,2,0.0,0.0,0,Andrés,0.0,38,False,,,40,606798.jpg,0.0,False,García,1.7,False,,a,2,7,0,11235,3896,17844,3921,0.0,0.0,A.García,,,,,False,p606798,0,0,0,0,0,0,0,0,0,0,0,0,0,0.0,0.0,0.0,0.0,0,0,0,0,0,0.00,0.00,0.00,0.00,,,,,,,[],,332,133,333,136,256,106,349,134,0.0,0.0,0.0,0.0,0.0,0.0,620,201,399,146,399,146,144,59,0.0,0.0,0.0
True,False,0.0,0.0,578545,0,0,0,0,0.0,-56,"[{'offset': 0, 'projected_percent': '0.0', 'likelihood': 0}, {'offset': 1, 'projected_percent': '0.0', 'likelihood': 0}, {'offset': 2, 'projected_percent': '0.0', 'likelihood': 0}]",,False,0,2,0.0,0.0,0,Kosta,0.0,39,False,Has joined Rangers on loan for the rest of the season,2026-08-19T13:56:46.385411Z,40,578545.jpg,0.0,False,Nedeljkovic,0.2,False,,u,2,7,0,0,0,8599,1361,0.0,0.0,Nedeljkovic,,190.0,2024-01-22,2005-12-16,False,p578545,0,0,0,0,0,0,0,0,0,0,0,0,0,0.0,0.0,0.0,0.0,0,0,0,0,0,0.00,0.00,0.00,0.00,,,,,,,[],,330,132,330,134,253,104,347,133,0.0,0.0,0.0,0.0,0.0,0.0,617,199,397,145,397,145,335,125,0.0,0.0,0.0
True,True,,,195546,0,0,0,0,-84.7,-92,"[{'offset': 0, 'projected_percent': '-86.6', 'likelihood': -3}, {'offset': 1, 'projected_percent': '-98.1', 'likelihood': -4}, {'offset': 2, 'projected_percent': '-109.7', 'likelihood': -5}]",,False,0,3,1.0,1.0,0,Emiliano,1.0,41,False,,,60,195546.jpg,2.0,False,Buendía Stati,1.1,False,,a,2,7,2,7485,2465,27542,5656,0.2,0.3,Buendía,,10.0,2021-06-10,1996-12-25,False,p195546,85,0,0,0,4,0,0,0,0,0,0,0,4,0.0,16.3,8.0,2.2,3,3,1,7,1,0.13,0.09,0.22,3.62,3.0,,1.0,,1.0,,[],,596,260,73,45,99,50,167,76,0.14,0.0,0.1,0.24,3.83,4.24,64,43,254,122,179,89,180,54,1.06,0.0,7.41
True,True,,,215711,0,0,0,0,-65.0,-13,"[{'offset': 0, 'projected_percent': '-67.0', 'likelihood': -3}, {'offset': 1, 'projected_percent': '-79.7', 'likelihood': -3}, {'offset': 2, 'projected_percent': '-92.4', 'likelihood': -3}]",,False,0,3,0.0,0.0,0,Leon,0.0,44,False,,,55,215711.jpg,0.0,False,Bailey,0.1,False,,a,2,7,0,1377,375,3390,733,0.0,0.0,Bailey,,107.0,2021-08-04,1997-08-09,False,p215711,0,0,0,0,0,0,0,0,0,0,0,0,0,0.0,0.0,0.0,0.0,0,0,0,0,0,0.00,0.00,0.00,0.00,,,,,,,[],,556,233,571,242,547,225,571,240,0.0,0.0,0.0,0.0,0.0,0.0,145,89,584,248,584,248,383,147,0.0,0.0,0.0
True,True,,,122806,0,0,0,0,-75.0,-175,"[{'offset': 0, 'projected_percent': '-76.5', 'likelihood': -3}, {'offset': 1, 'projected_percent': '-85.8', 'likelihood': -3}, {'offset': 2, 'projected_percent': '-95.1', 'likelihood': -4}]",,False,0,3,0.5,0.5,0,John,0.5,45,False,,,55,122806.jpg,1.0,False,McGinn,2.7,False,,a,2,7,1,10935,3329,55109,10456,0.1,0.2,McGinn,,243.0,2018-08-08,1994-10-18,False,p122806,81,0,0,0,4,0,0,0,1,0,0,0,8,1.6,2.4,1.0,0.5,2,3,1,6,1,0.04,0.01,0.05,3.62,2.0,,,,,,[],,257,118,173,102,190,96,258,117,0.04,0.0,0.01,0.05,4.02,4.44,122,78,317,150,299,141,111,33,1.11,0.0,6.67
True,True,,,88894,0,0,0,0,-9.9,4,"[{'offset': 0, 'projected_percent': '-9.5', 'likelihood': -1}, {'offset': 1, 'projected_percent': '-7.1', 'likelihood': -1}, {'offset': 2, 'projected_percent': '-4.6', 'likelihood': -1}]",,False,0,3,1.0,1.0,0,Ross,1.0,46,False,,,50,88894.jpg,2.0,False,Barkley,0.2,False,,a,2,7,2,2763,888,3578,862,0.2,0.4,Barkley,,241.0,2024-07-01,1993-12-05,False,p88894,73,0,0,0,4,0,0,0,0,0,0,0,11,9.4,21.4,7.0,3.8,1,0,0,1,1,0.10,0.02,0.12,3.55,4.0,,,,,,[],,170,66,58,38,103,52,107,56,0.12,0.0,0.02,0.14,4.38,4.93,230,143,224,102,156,72,320,111,1.23,0.0,1.23
True,True,100.0,100.0,226944,0,0,0,0,-28.0,10,"[{'offset': 0, 'projected_percent': '-27.3', 'likelihood': -2}, {'offset': 1, 'projected_percent': '-23.2', 'likelihood': -2}, {'offset': 2, 'projected_percent': '-19.1', 'likelihood': -1}]",,False,0,3,1.0,1.0,0,Boubacar,1.0,47,False,,2026-07-23T12:01:23.337269Z,50,226944.jpg,2.0,False,Kamara,0.3,False,,a,2,7,2,3673,1184,6260,1521,0.2,0.4,Kamara,,73.0,2022-06-11,1999-11-23,False,p226944,90,0,0,0,4,0,0,0,0,0,0,0,9,11.2,2.8,0.0,1.4,3,2,2,7,1,0.00,0.00,0.00,3.77,,,,,,,[],,154,53,165,97,430,157,218,97,0.0,0.0,0.0,0.0,3.77,4.0,283,170,231,106,163,76,289,95,1.0,0.0,7.0
True,True,0.0,0.0,449871,0,0,0,0,-44.8,-3,"[{'offset': 0, 'projected_percent': '-46.0', 'likelihood': -3}, {'offset': 1, 'projected_percent': '-53.4', 'likelihood': -3}, {'offset': 2, 'projected_percent': '-60.9', 'likelihood': -3}]",,False,0,3,0.0,0.0,0,Amadou,0.0,48,False,Knee injury - Unknown return date,2026-07-23T12:01:23.352497Z,50,449871.jpg,0.0,False,Onana,0.0,False,,i,2,7,0,212,55,719,190,0.0,0.0,Onana,,21.0,2024-07-22,2001-08-16,False,p449871,0,0,0,0,0,0,0,0,0,0,0,0,0,0.0,0.0,0.0,0.0,0,0,0,0,0,0.00,0.00,0.00,0.00,,,,,,,[],,491,194,501,203,454,169,507,201,0.0,0.0,0.0,0.0,0.0,0.0,310,184,534,220,534,220,553,230,0.0,0.0,0.0
True,False,0.0,0.0,469247,0,0,0,0,0.0,0,"[{'offset': 0, 'projected_percent': '0.0', 'likelihood': 0}, {'offset': 1, 'projected_percent': '0.0', 'likelihood': 0}, {'offset': 2, 'projected_percent': '0.0', 'likelihood': 0}]",,False,0,3,0.0,0.0,0,Samuel,0.0,49,False,Has joined Bolton Wanderers on loan for the rest of the season,2026-08-17T13:52:28.532616Z,50,469247.jpg,0.0,False,Iling-Junior,0.0,False,,u,2,7,0,0,0,146,26,0.0,0.0,Iling Jr,,241.0,2024-07-01,2003-10-04,False,p469247,0,0,0,0,0,0,0,0,0,0,0,0,0,0.0,0.0,0.0,0.0,0,0,0,0,0,0.00,0.00,0.00,0.00,,,,,,,[],,497,198,508,207,463,174,513,205,0.0,0.0,0.0,0.0,0.0,0.0,322,189,539,223,539,223,615,269,0.0,0.0,0.0
True,True,,,645618,0,0,0,0,-13.1,37,"[{'offset': 0, 'projected_percent': '-11.8', 'likelihood': -1}, {'offset': 1, 'projected_percent': '-3.9', 'likelihood': -1}, {'offset': 2, 'projected_percent': '0.3', 'likelihood': 1}]",,False,0,3,0.0,0.0,0,Bradley,0.0,50,False,,,45,645618.jpg,0.0,False,Burrowes,0.7,False,,a,2,7,0,5825,2312,9016,2248,0.0,0.0,Burrowes,,241.0,2025-01-09,2008-03-04,False,p645618,0,0,0,0,0,0,0,0,0,0,0,0,0,0.0,0.0,0.0,0.0,0,0,0,0,0,0.00,0.00,0.00,0.00,,,,,,,[],,430,159,436,169,377,128,446,166,0.0,0.0,0.0,0.0,0.0,0.0,544,273,487,193,487,193,232,78,0.0,0.0,0.0
True,True,,,577285,0,0,0,0,2.4,63,"[{'offset': 0, 'projected_percent': '2.5', 'likelihood': 1}, {'offset': 1, 'projected_percent': '3.4', 'likelihood': 1}, {'offset': 2, 'projected_percent': '4.3', 'likelihood': 1}]",,False,0,3,1.0,1.0,0,George,1.0,51,False,,,45,577285.jpg,2.0,False,Hemmings,0.8,False,,a,2,7,2,14139,5396,8001,2517,0.2,0.4,George Hemmings,,241.0,2025-08-05,2007-03-04,False,p577285,90,0,0,0,4,0,0,0,0,0,0,0,12,10.6,11.6,2.0,2.4,0,2,3,5,1,0.00,0.00,0.00,3.77,,,,,,,[],,158,56,111,67,164,80,154,69,0.0,0.0,0.0,0.0,3.77,4.0,525,264,222,100,155,71,221,74,1.0,0.0,5.0
True,True,,,653481,0,0,0,0,-26.0,2,"[{'offset': 0, 'projected_percent': '-25.2', 'likelihood': -2}, {'offset': 1, 'projected_percent': '-20.4', 'likelihood': -2}, {'offset': 2, 'projected_percent': '-15.6', 'likelihood': -1}]",,False,0,3,0.5,0.5,0,Alysson Edward Franco,0.5,52,False,,,50,653481.jpg,1.0,False,da Rocha dos Santos,0.0,False,,a,2,7,1,489,146,813,217,0.1,0.2,Alysson,Alysson,30.0,2026-01-01,2006-05-05,False,p653481,8,0,0,0,0,0,0,0,0,0,0,0,5,4.0,0.0,0.0,0.4,1,1,1,3,0,0.00,0.00,0.00,0.14,,,,,,,[],,224,97,548,232,513,206,267,123,0.0,0.0,0.0,0.0,1.58,0.0,395,237,312,146,291,136,499,206,0.0,0.0,33.75
True,True,0.0,0.0,614071,-1,1,-1,1,-4.8,-79,"[{'offset': 0, 'projected_percent': '-7.1', 'likelihood': -1}, {'offset': 1, 'projected_percent': '-21.0', 'likelihood': -2}, {'offset': 2, 'projected_percent': '-34.9', 'likelihood': -2}]",,False,0,3,0.0,0.0,0,Johan,0.0,53,False,Knee injury - Unknown return date,2026-08-15T15:30:06.388335Z,59,614071.jpg,0.0,False,Manzambi,0.2,False,,i,2,7,0,371,139,10751,1961,0.0,0.0,Manzambi,,207.0,2026-07-17,2005-10-14,False,p614071,0,0,0,0,0,0,0,0,0,0,0,0,0,0.0,0.0,0.0,0.0,0,0,0,0,0,0.00,0.00,0.00,0.00,,,,,,,[],,590,257,597,261,588,253,599,261,0.0,0.0,0.0,0.0,0.0,0.0,112,73,602,262,602,262,359,135,0.0,0.0,0.0
True,True,0.0,0.0,448089,0,0,0,0,-0.0,0,"[{'offset': 0, 'projected_percent': '-0.0', 'likelihood': 0}, {'offset': 1, 'projected_percent': '-0.0', 'likelihood': 0}, {'offset': 2, 'projected_percent': '-0.0', 'likelihood': 0}]",2026-08-31T13:00:07.426195Z,False,0,3,0.0,0.0,0,Joao,-1.0,54,False,Suspended until 19 Sep,2026-08-23T17:30:08.367415Z,55,448089.jpg,-2.0,False,Gomes,0.0,False,,s,2,7,-2,173,19,2265,382,-0.2,-0.4,Gomes,João Gomes,30.0,2026-07-20,2001-02-12,False,p448089,39,0,0,0,4,0,0,0,0,1,0,0,-2,1.0,11.0,0.0,1.2,1,2,4,7,1,0.00,0.01,0.01,2.58,,,,,,,[],,265,123,121,71,560,235,228,103,0.0,0.0,0.02,0.02,5.95,9.23,172,107,626,276,626,276,495,203,2.31,0.0,16.15
True,True,,,178301,0,0,-1,1,-70.0,-2692,"[{'offset': 0, 'projected_percent': '-79.2', 'likelihood': -3}, {'offset': 1, 'projected_percent': '-136.0', 'likelihood': -5}, {'offset': 2, 'projected_percent': '-192.8', 'likelihood': -5}]",,False,0,4,0.0,0.0,0,Ollie,0.0,55,False,,,79,178301.jpg,0.0,False,Watkins,6.8,False,,a,2,7,0,12900,2268,338486,62026,0.0,0.0,Watkins,,241.0,2020-09-09,1995-12-30,False,p178301,0,0,0,0,0,0,0,0,0,0,0,0,0,0.0,0.0,0.0,0.0,0,0,0,0,0,0.00,0.00,0.00,0.00,,,,,2.0,,[],,625,73,626,73,626,73,626,73,0.0,0.0,0.0,0.0,0.0,0.0,11,4,623,73,623,73,60,9,0.0,0.0,0.0
True,True,50.0,50.0,173879,0,0,0,0,-77.6,-12,"[{'offset': 0, 'projected_percent': '-79.1', 'likelihood': -3}, {'offset': 1, 'projected_percent': '-88.5', 'likelihood': -3}, {'offset': 2, 'projected_percent': '-97.8', 'likelihood': -4}]",,False,0,4,0.0,0.0,0,Tammy,0.0,56,False,Knock - 50% chance of playing,2026-08-15T16:00:07.558543Z,55,173879.jpg,0.0,False,Abraham,0.1,False,,d,2,7,0,736,139,3519,836,0.0,0.0,Abraham,,241.0,2026-01-27,1997-10-02,False,p173879,0,0,0,0,0,0,0,0,0,0,0,0,0,0.0,0.0,0.0,0.0,0,0,0,0,0,0.00,0.00,0.00,0.00,,,,,,,[],,545,47,560,55,532,54,561,56,0.0,0.0,0.0,0.0,0.0,0.0,127,32,577,64,577,64,419,61,0.0,0.0,0.0
True,True,,,493105,0,0,0,0,-99.1,-61,"[{'offset': 0, 'projected_percent': '-101.8', 'likelihood': -5}, {'offset': 1, 'projected_percent': '-118.7', 'likelihood': -5}, {'offset': 2, 'projected_percent': '-135.5', 'likelihood': -5}]",,False,0,3,0.5,0.5,0,Alejandro,0.5,160,False,,,60,493105.jpg,1.0,False,Garnacho Ferreyra,0.5,False,,a,2,7,1,2741,720,13486,2911,0.1,0.2,Garnacho,,10.0,2026-07-23,2004-07-01,False,p493105,4,0,0,0,0,0,0,0,0,0,0,0,2,0.0,0.0,0.0,0.0,0,0,0,0,0,0.00,0.00,0.00,0.14,,,,,,,[],,605,264,608,266,602,260,608,266,0.0,0.0,0.0,0.0,3.15,0.0,92,58,339,162,324,158,256,86,0.0,0.0,0.0
True,True,,,517052,0,0,0,0,6.4,481,"[{'offset': 0, 'projected_percent': '7.4', 'likelihood': 1}, {'offset': 1, 'projected_percent': '14.0', 'likelihood': 1}, {'offset': 2, 'projected_percent': '20.6', 'likelihood': 2}]",,False,0,4,0.0,0.0,0,Nicolas,0.0,166,False,,,65,517052.jpg,0.0,False,Jackson,0.5,False,,a,2,7,0,23889,18550,11403,3186,0.0,0.0,N.Jackson,,189.0,2026-08-28,2001-06-20,False,p517052,0,0,0,0,0,0,0,0,0,0,0,0,0,0.0,0.0,0.0,0.0,0,0,0,0,0,0.00,0.00,0.00,0.00,,,,,,,[],,617,68,619,69,617,69,619,69,0.0,0.0,0.0,0.0,0.0,0.0,46,12,617,70,617,70,251,40,0.0,0.0,0.0
True,True,0.0,0.0,690838,0,0,0,0,-25.8,-61,"[{'offset': 0, 'projected_percent': '-27.1', 'likelihood': -2}, {'offset': 1, 'projected_percent': '-35.4', 'likelihood': -2}, {'offset': 2, 'projected_percent': '-43.6', 'likelihood': -3}]",,False,0,4,0.0,0.0,0,Brian,0.0,582,False,Unspecified injury - Unknown return date,2026-08-15T16:00:07.974271Z,55,690838.jpg,0.0,False,Madjo,0.4,False,,i,2,7,0,1484,318,11901,2978,0.0,0.0,Madjo,,241.0,2026-01-12,2009-01-12,False,p690838,0,0,0,0,0,0,0,0,0,0,0,0,0,0.0,0.0,0.0,0.0,0,0,0,0,0,0.00,0.00,0.00,0.00,,,,,,,[],,583,57,592,62,583,62,594,63,0.0,0.0,0.0,0.0,0.0,0.0,218,47,599,67,599,67,281,48,0.0,0.0,0.0
True,True,,,487992,0,0,0,0,0.0,0,"[{'offset': 0, 'projected_percent': '0.0', 'likelihood': 0}, {'offset': 1, 'projected_percent': '0.0', 'likelihood': 0}, {'offset': 2, 'projected_percent': '0.0', 'likelihood': 0}]",2026-09-02T14:00:12.061795Z,False,0,2,0.5,0.5,0,Matteo,0.5,596,False,,,45,487992.jpg,1.0,False,Ruggeri,0.1,False,,a,2,7,1,1133,277,1396,297,0.1,0.2,Ruggeri,,106.0,2026-08-19,2002-07-11,False,p487992,8,0,0,0,0,0,0,0,0,0,0,0,3,4.0,0.0,0.0,0.4,0,0,2,2,0,0.00,0.00,0.00,0.14,,,,,,,[],,222,92,387,162,325,144,262,97,0.0,0.0,0.0,0.0,1.58,0.0,488,132,278,100,248,93,408,144,0.0,0.0,22.5
True,True,,,433969,0,0,0,0,0.0,0,"[{'offset': 0, 'projected_percent': '0.0', 'likelihood': 0}, {'offset': 1, 'projected_percent': '0.0', 'likelihood': 0}, {'offset': 2, 'projected_percent': '0.0', 'likelihood': 0}]",2026-09-02T14:00:48.901511Z,False,0,1,0.0,0.0,0,Zion,0.0,597,False,,,50,433969.jpg,0.0,False,Suzuki,0.9,False,,a,2,7,0,7132,2903,8919,2148,0.0,0.0,Suzuki,,108.0,2026-08-19,2002-08-21,False,p433969,0,0,0,0,0,0,0,0,0,0,0,0,0,0.0,0.0,0.0,0.0,0,0,0,0,0,0.00,0.00,0.00,0.00,,,,,,,[],,482,67,492,60,445,60,498,67,0.0,0.0,0.0,0.0,0.0,0.0,300,15,526,67,526,67,208,30,0.0,0.0,0.0
True,True,,,569577,0,0,0,0,0.0,0,"[{'offset': 0, 'projected_percent': '0.0', 'likelihood': 0}, {'offset': 1, 'projected_percent': '0.0', 'likelihood': 0}, {'offset': 2, 'projected_percent': '0.0', 'likelihood': 0}]",2026-09-05T18:20:01.582031Z,False,0,2,0.0,0.0,0,Triston,0.0,606,False,,,40,569577.jpg,0.0,False,Rowe,0.1,False,,a,2,7,0,3180,1620,621,375,0.0,0.0,Rowe,,241.0,2026-07-01,2006-10-02,False,p569577,0,0,0,0,0,0,0,0,0,0,0,0,0,0.0,0.0,0.0,0.0,0,0,0,0,0,0.00,0.00,0.00,0.00,,,,,,,[],,326,128,326,130,248,99,343,129,0.0,0.0,0.0,0.0,0.0,0.0,612,194,393,141,393,141,434,151,0.0,0.0,0.0
True,True,,,571380,0,0,0,0,0.0,0,"[{'offset': 0, 'projected_percent': '0.0', 'likelihood': 0}, {'offset': 1, 'projected_percent': '0.0', 'likelihood': 0}, {'offset': 2, 'projected_percent': '0.0', 'likelihood': 0}]",2026-09-05T18:20:27.235486Z,False,0,3,0.0,0.0,0,Luka,0.0,607,False,,,45,571380.jpg,0.0,False,Lynch,0.1,False,,a,2,7,0,5004,1401,1433,601,0.0,0.0,Lynch,,241.0,2026-07-01,2007-01-11,False,p571380,0,0,0,0,0,0,0,0,0,0,0,0,0,0.0,0.0,0.0,0.0,0,0,0,0,0,0.00,0.00,0.00,0.00,,,,,,,[],,411,150,417,160,356,118,427,157,0.0,0.0,0.0,0.0,0.0,0.0,520,262,470,185,470,185,411,162,0.0,0.0,0.0
True,True,,,214590,0,0,0,0,0.0,0,"[{'offset': 0, 'projected_percent': '0.0', 'likelihood': 0}, {'offset': 1, 'projected_percent': '0.0', 'likelihood': 0}, {'offset': 2, 'projected_percent': '0.0', 'likelihood': 0}]",2026-09-07T14:00:13.698490Z,False,0,2,1.7,1.7,0,Aaron,0.0,611,False,,,45,214590.jpg,0.0,False,Wan-Bissaka,0.1,False,,a,2,7,0,3342,1793,505,339,0.0,0.0,Wan-Bissaka,,50.0,2026-08-21,1997-11-26,False,p214590,0,0,0,0,0,0,0,0,0,0,0,0,0,0.0,0.0,0.0,0.0,0,0,0,0,0,0.00,0.00,0.00,0.00,,,,,,,[],,359,146,363,150,292,125,376,147,0.0,0.0,0.0,0.0,0.0,0.0,444,102,424,157,424,157,446,157,0.0,0.0,0.0
True,True,,,119090,0,0,0,0,0.0,0,"[{'offset': 0, 'projected_percent': '0.0', 'likelihood': 0}, {'offset': 1, 'projected_percent': '0.0', 'likelihood': 0}, {'offset': 2, 'projected_percent': '0.0', 'likelihood': 0}]",2026-09-10T13:59:31.002497Z,False,0,3,2.2,2.2,0,Leon,0.0,618,False,,,60,119090.jpg,0.0,False,Goretzka,0.0,False,,a,2,7,0,1380,1168,165,158,0.0,0.0,Goretzka,,80.0,2026-08-27,1995-02-06,False,p119090,0,0,0,0,0,0,0,0,0,0,0,0,0,0.0,0.0,0.0,0.0,0,0,0,0,0,0.00,0.00,0.00,0.00,,,,,,,[],,593,259,599,262,590,254,601,262,0.0,0.0,0.0,0.0,0.0,0.0,59,41,604,263,604,263,552,229,0.0,0.0,0.0
True,True,,,457569,0,0,0,0,6.2,121,"[{'offset': 0, 'projected_percent': '6.5', 'likelihood': 1}, {'offset': 1, 'projected_percent': '8.2', 'likelihood': 1}, {'offset': 2, 'projected_percent': '9.8', 'likelihood': 1}]",,False,0,1,2.5,2.5,3,Đorđe,2.5,57,False,,,45,457569.jpg,2.5,False,Petrović,3.4,False,,a,3,91,5,37001,11623,20874,6821,0.6,1.1,Petrović,,190.0,2025-07-16,1999-10-08,False,p457569,180,0,0,0,3,0,0,0,0,0,9,0,33,36.8,0.0,0.0,3.7,5,13,0,0,2,0.00,0.00,0.00,4.09,,,,,,,[],,36,3,381,40,315,40,111,3,0.0,4.5,0.0,0.0,2.04,1.5,475,39,122,10,131,10,101,16,1.0,0.0,0.0
True,True,,,40383,0,0,0,0,0.1,80,"[{'offset': 0, 'projected_percent': '0.3', 'likelihood': 1}, {'offset': 1, 'projected_percent': '1.4', 'likelihood': 1}, {'offset': 2, 'projected_percent': '2.5', 'likelihood': 1}]",,False,0,1,0.0,0.0,0,Fraser,0.0,58,False,,,40,40383.jpg,0.0,False,Forster,3.2,False,,a,3,91,0,16914,7352,14848,4195,0.0,0.0,Forster,,241.0,2026-01-02,1988-03-17,False,p40383,0,0,0,0,0,0,0,0,0,0,0,0,0,0.0,0.0,0.0,0.0,0,0,0,0,0,0.00,0.00,0.00,0.00,,,,,,,[],,281,22,278,2,196,2,297,22,0.0,0.0,0.0,0.0,0.0,0.0,551,50,350,23,350,23,106,17,0.0,0.0,0.0
True,False,0.0,0.0,444172,0,0,0,0,0.0,-26,"[{'offset': 0, 'projected_percent': '0.0', 'likelihood': 0}, {'offset': 1, 'projected_percent': '0.0', 'likelihood': 0}, {'offset': 2, 'projected_percent': '0.0', 'likelihood': 0}]",,False,0,1,0.0,0.0,0,Will,0.0,59,False,Has joined MK Dons permanently,2026-08-27T14:53:48.692835Z,40,444172.jpg,0.0,False,Dennis,0.2,False,,u,3,91,0,1133,0,2563,1046,0.0,0.0,Dennis,,241.0,2019-08-01,2000-07-10,False,p444172,0,0,0,0,0,0,0,0,0,0,0,0,0,0.0,0.0,0.0,0.0,0,0,0,0,0,0.00,0.00,0.00,0.00,,,,,,,[],,305,36,305,16,224,16,322,36,0.0,0.0,0.0,0.0,0.0,0.0,586,64,373,37,373,37,358,38,0.0,0.0,0.0
True,True,,,463981,0,0,0,0,1.7,1,"[{'offset': 0, 'projected_percent': '1.7', 'likelihood': 1}, {'offset': 1, 'projected_percent': '1.7', 'likelihood': 1}, {'offset': 2, 'projected_percent': '1.8', 'likelihood': 1}]",,False,0,2,2.5,2.5,4,James,2.5,60,False,,,55,463981.jpg,2.5,False,Hill,0.9,False,,a,3,91,5,11231,2078,9288,2547,0.5,0.9,Hill,,241.0,2022-01-05,2002-01-10,False,p463981,180,0,0,0,3,0,0,0,0,0,0,0,19,11.6,0.3,0.0,1.2,14,4,4,18,2,0.00,0.74,0.74,4.09,,,,,,,[],,148,70,264,96,563,199,229,87,0.0,0.0,0.37,0.37,2.04,1.5,176,24,132,47,140,50,206,78,1.0,0.0,9.0
True,True,,,494521,0,0,0,0,-2.9,-125,"[{'offset': 0, 'projected_percent': '-3.6', 'likelihood': -1}, {'offset': 1, 'projected_percent': '-7.9', 'likelihood': -1}, {'offset': 2, 'projected_percent': '-12.3', 'likelihood': -1}]",,False,0,2,2.5,2.5,4,Adrien,2.5,61,False,,,55,494521.jpg,2.5,False,Truffert,4.1,False,,a,3,91,5,24886,4285,34823,9002,0.5,0.9,Truffert,,73.0,2025-06-16,2001-11-20,False,p494521,180,0,0,0,3,0,0,0,0,0,0,2,27,15.4,1.3,0.0,1.7,12,13,4,16,2,0.00,0.07,0.07,4.09,,,,,,,[],,110,49,211,68,569,200,200,78,0.0,0.0,0.04,0.04,2.04,1.5,189,26,134,48,142,51,85,34,1.0,0.0,8.0
True,True,,,242882,0,0,0,0,0.2,-26,"[{'offset': 0, 'projected_percent': '0.1', 'likelihood': 1}, {'offset': 1, 'projected_percent': '-13.1', 'likelihood': -1}, {'offset': 2, 'projected_percent': '-31.9', 'likelihood': -2}]",,False,0,2,0.0,0.0,0,Bafodé,0.0,62,False,,,50,242882.jpg,0.0,False,Diakité,0.2,False,,a,3,91,0,3344,622,3484,1163,0.0,0.0,Diakité,,73.0,2025-08-13,2001-01-06,False,p242882,0,0,0,0,0,0,0,0,0,0,0,0,0,0.0,0.0,0.0,0.0,0,0,0,0,0,0.00,0.00,0.00,0.00,,,,,,,[],,478,188,487,188,438,175,494,188,0.0,0.0,0.0,0.0,0.0,0.0,293,51,524,188,524,188,341,127,0.0,0.0,0.0
True,True,0.0,0.0,620487,0,0,0,0,-49.7,-3,"[{'offset': 0, 'projected_percent': '-52.6', 'likelihood': -3}, {'offset': 1, 'projected_percent': '-70.4', 'likelihood': -3}, {'offset': 2, 'projected_percent': '-88.1', 'likelihood': -3}]",,False,0,2,0.0,0.0,0,Veljko,0.0,63,False,Unspecified injury - Unknown return date,2026-08-06T10:00:10.456051Z,50,620487.jpg,0.0,False,Milosavljevic,0.0,False,,i,3,91,0,98,24,367,71,0.0,0.0,Milosavljević,,190.0,2025-09-01,2007-06-28,False,p620487,0,0,0,0,0,0,0,0,0,0,0,0,0,0.0,0.0,0.0,0.0,0,0,0,0,0,0.00,0.00,0.00,0.00,,,,,,,[],,532,199,544,199,508,191,548,199,0.0,0.0,0.0,0.0,0.0,0.0,389,76,566,198,566,198,591,201,0.0,0.0,0.0
True,True,,,54469,0,0,0,0,1.0,3,"[{'offset': 0, 'projected_percent': '1.0', 'likelihood': 1}, {'offset': 1, 'projected_percent': '1.0', 'likelihood': 1}, {'offset': 2, 'projected_percent': '1.1', 'likelihood': 1}]",,False,0,2,1.0,1.0,1,Adam,1.0,64,False,,,45,54469.jpg,1.0,False,Smith,0.1,False,,a,3,91,2,3331,486,1496,478,0.2,0.4,Smith,,241.0,2014-01-28,1991-04-29,False,p54469,180,0,0,0,3,0,0,0,1,0,0,0,9,7.0,0.6,0.0,0.8,8,3,3,11,2,0.00,0.02,0.02,4.09,,,,,,,[],,188,83,238,85,264,114,242,92,0.0,0.0,0.01,0.01,2.04,1.5,406,81,211,73,231,78,386,139,1.0,0.0,5.5
True,True,0.0,0.0,436893,0,0,0,0,-68.7,-10,"[{'offset': 0, 'projected_percent': '-74.2', 'likelihood': -3}, {'offset': 1, 'projected_percent': '-108.0', 'likelihood': -5}, {'offset': 2, 'projected_percent': '-141.8', 'likelihood': -5}]",,False,0,2,0.0,0.0,0,Julián,0.0,65,False,Thigh injury - Unknown return date,2026-08-09T08:00:05.645826Z,45,436893.jpg,0.0,False,Araujo Zúñiga,0.0,False,,i,3,91,0,120,32,646,140,0.0,0.0,J.Araujo,,139.0,2024-08-13,2001-08-13,False,p436893,0,0,0,0,0,0,0,0,0,0,0,0,0,0.0,0.0,0.0,0.0,0,0,0,0,0,0.00,0.00,0.00,0.00,,,,,,,[],https://www.afcb.co.uk/news/2026/august/06/araujo-undergoes-successful-surgery/,374,157,378,160,312,139,391,158,0.0,0.0,0.0,0.0,0.0,0.0,470,122,436,165,436,165,572,198,0.0,0.0,0.0
True,True,100.0,75.0,575901,0,0,0,0,-34.2,32,"[{'offset': 0, 'projected_percent': '-30.5', 'likelihood': -2}, {'offset': 1, 'projected_percent': '-7.9', 'likelihood': -1}, {'offset': 2, 'projected_percent': '0.3', 'likelihood': 1}]",,False,0,2,0.0,0.0,0,Julio,0.0,66,False,,2026-08-15T16:30:07.021055Z,40,575901.jpg,0.0,False,Soler Barreto,0.2,False,,a,3,91,0,1480,1064,3034,607,0.0,0.0,Soler,,10.0,2025-01-07,2005-02-16,False,p575901,0,0,0,0,0,0,0,0,0,0,0,0,0,0.0,0.0,0.0,0.0,0,0,0,0,0,0.00,0.00,0.00,0.00,,,,,,,[],,327,129,327,131,250,101,344,130,0.0,0.0,0.0,0.0,0.0,0.0,614,196,394,142,394,142,336,126,0.0,0.0,0.0
True,True,,,499604,0,0,0,0,-13.2,-520,"[{'offset': 0, 'projected_percent': '-17.8', 'likelihood': -1}, {'offset': 1, 'projected_percent': '-46.0', 'likelihood': -3}, {'offset': 2, 'projected_percent': '-74.3', 'likelihood': -3}]",,False,0,3,2.0,2.0,2,Rayan Vitor,2.0,67,False,,,65,499604.jpg,2.0,False,Simplício Rocha,2.6,False,,a,3,91,4,27215,3535,38440,16261,0.3,0.6,Rayan,Rayan,30.0,2026-01-27,2006-08-03,False,p499604,178,0,0,0,2,0,0,0,0,0,0,0,13,6.2,11.3,17.0,3.5,2,3,1,6,2,0.44,0.05,0.49,3.90,,,,,,,[],,200,81,118,70,62,32,117,58,0.22,0.0,0.03,0.25,1.97,1.01,44,29,168,81,186,92,113,34,1.01,0.0,3.03
True,True,,,201658,0,0,0,0,34.3,-331,"[{'offset': 0, 'projected_percent': '33.6', 'likelihood': 2}, {'offset': 1, 'projected_percent': '29.0', 'likelihood': 2}, {'offset': 2, 'projected_percent': '24.5', 'likelihood': 2}]",,False,0,3,5.5,5.5,1,Marcus,5.5,68,False,,,60,201658.jpg,5.5,False,Tavernier,2.5,False,,a,3,91,11,97662,10455,24685,12254,0.9,1.8,Tavernier,,241.0,2022-08-01,1999-03-22,False,p201658,180,1,0,0,3,0,0,0,1,0,0,3,52,40.0,17.2,18.0,7.5,3,10,6,19,2,0.49,0.29,0.78,4.09,1.0,,1.0,,3.0,,[],,27,14,70,43,53,28,36,21,0.24,0.0,0.14,0.38,2.04,1.5,65,44,45,22,54,27,117,36,1.0,0.0,9.5
True,True,,,503139,0,0,0,0,4.0,388,"[{'offset': 0, 'projected_percent': '4.9', 'likelihood': 1}, {'offset': 1, 'projected_percent': '10.2', 'likelihood': 1}, {'offset': 2, 'projected_percent': '15.5', 'likelihood': 1}]",,False,1,3,7.0,7.0,12,Alex,7.0,69,False,,,60,503139.jpg,7.0,False,Scott,1.7,False,,a,3,91,14,25018,16498,17394,4508,1.2,2.3,Scott,,241.0,2023-08-10,2003-08-21,False,p503139,176,1,0,1,2,0,0,0,1,0,0,3,56,11.4,4.8,0.0,1.6,4,15,7,26,2,0.26,0.28,0.54,3.96,2.0,,4.0,,,,[],,152,52,147,87,604,262,205,93,0.13,0.0,0.14,0.27,2.02,1.02,94,60,23,12,29,15,145,42,1.02,0.51,13.3
True,True,,,222683,0,0,0,0,2.8,-165,"[{'offset': 0, 'projected_percent': '2.4', 'likelihood': 1}, {'offset': 1, 'projected_percent': '0.1', 'likelihood': 1}, {'offset': 2, 'projected_percent': '-18.4', 'likelihood': -1}]",,False,0,3,3.0,3.0,3,Justin,3.0,70,False,,,60,222683.jpg,3.0,False,Kluivert,1.2,False,,a,3,91,6,19386,3065,15686,6096,0.5,1.0,Kluivert,,152.0,2023-07-01,1999-05-05,False,p222683,154,0,0,2,0,0,0,0,0,0,0,0,27,11.0,14.3,17.0,4.2,1,10,3,14,2,0.72,0.05,0.77,3.61,3.0,,2.0,,2.0,,[],,156,55,87,55,60,31,99,51,0.42,0.0,0.03,0.45,2.11,0.0,72,46,112,52,122,54,177,53,1.17,1.17,8.18
True,True,,,155408,0,0,0,0,1.3,25,"[{'offset': 0, 'projected_percent': '1.4', 'likelihood': 1}, {'offset': 1, 'projected_percent': '1.7', 'likelihood': 1}, {'offset': 2, 'projected_percent': '2.0', 'likelihood': 1}]",,False,0,3,3.0,3.0,3,Lewis,3.0,71,False,,,50,155408.jpg,3.0,False,Cook,0.2,False,,a,3,91,6,5195,1936,2588,881,0.6,1.2,Cook,,241.0,2016-07-08,1997-02-03,False,p155408,143,0,0,2,0,0,0,0,0,0,0,0,21,4.6,2.1,0.0,0.7,3,5,1,9,2,0.00,0.01,0.01,3.61,5.0,,,,,,[],,216,92,184,107,400,142,245,108,0.0,0.0,0.01,0.01,2.27,0.0,245,149,95,42,106,44,338,122,1.26,1.26,5.66
True,True,,,496208,0,0,0,0,-41.9,-15,"[{'offset': 0, 'projected_percent': '-46.4', 'likelihood': -3}, {'offset': 1, 'projected_percent': '-74.0', 'likelihood': -3}, {'offset': 2, 'projected_percent': '-101.5', 'likelihood': -5}]",,False,0,3,0.5,0.5,0,Ben,0.5,72,False,,,50,496208.jpg,1.0,False,Gannon-Doak,0.1,False,,a,3,91,1,494,129,1286,453,0.1,0.2,Gannon-Doak,,243.0,2025-08-18,2005-11-11,False,p496208,1,0,0,0,1,0,0,0,0,0,0,0,3,0.2,0.1,2.0,0.2,0,1,0,1,0,0.00,0.00,0.00,0.19,,,,,,,[],,276,131,275,143,171,84,282,133,0.0,0.0,0.0,0.0,17.1,90.0,342,200,299,136,275,123,452,181,0.0,0.0,90.0
True,True,100.0,100.0,200785,0,0,0,0,0.5,23,"[{'offset': 0, 'projected_percent': '0.5', 'likelihood': 1}, {'offset': 1, 'projected_percent': '0.8', 'likelihood': 1}, {'offset': 2, 'projected_percent': '1.2', 'likelihood': 1}]",,False,0,3,1.0,1.0,1,Tyler,1.0,73,False,,2026-08-15T16:30:07.029928Z,50,200785.jpg,1.0,False,Adams,0.2,False,,a,3,91,2,4740,1708,4214,1359,0.2,0.4,Adams,,229.0,2023-08-20,1999-02-14,False,p200785,36,0,0,0,3,0,0,0,0,0,0,0,8,3.6,0.6,0.0,0.4,3,3,0,6,0,0.00,0.00,0.00,0.47,,,,,,,[],,231,101,239,127,412,150,263,119,0.0,0.0,0.0,0.0,1.18,7.5,258,158,226,103,260,113,321,112,0.0,0.0,15.0
True,True,100.0,100.0,111317,0,0,0,0,0.0,6,"[{'offset': 0, 'projected_percent': '0.1', 'likelihood': 1}, {'offset': 1, 'projected_percent': '0.1', 'likelihood': 1}, {'offset': 2, 'projected_percent': '0.2', 'likelihood': 1}]",,False,0,3,0.5,0.5,1,David,0.5,74,False,,2026-08-15T16:30:07.037929Z,50,111317.jpg,1.0,False,Brooks,0.1,False,,a,3,91,1,949,347,948,253,0.1,0.2,Brooks,,244.0,2018-07-01,1997-07-08,False,p111317,9,0,0,0,1,0,0,0,0,0,0,0,3,0.0,0.0,0.0,0.0,0,0,0,0,0,0.00,0.01,0.01,0.16,4.0,,3.0,,,,[],,445,168,452,178,393,137,461,175,0.0,0.0,0.1,0.1,1.6,10.0,237,144,282,125,254,109,484,199,0.0,0.0,0.0
True,True,100.0,100.0,158499,0,0,0,0,0.0,0,"[{'offset': 0, 'projected_percent': '0.0', 'likelihood': 0}, {'offset': 1, 'projected_percent': '0.0', 'likelihood': 0}, {'offset': 2, 'projected_percent': '0.0', 'likelihood': 0}]",2026-08-31T15:30:07.730886Z,False,0,3,0.5,0.5,1,Ryan,0.5,75,False,,2026-07-24T17:30:10.035483Z,50,158499.jpg,1.0,False,Christie,0.0,False,,a,3,91,1,872,312,336,140,0.1,0.2,Christie,,243.0,2021-08-31,1995-02-22,False,p158499,3,0,0,0,1,0,0,0,0,0,0,0,5,0.0,0.0,0.0,0.0,0,1,1,2,0,0.00,0.00,0.00,0.13,6.0,,,,,,[],,452,173,460,183,401,143,468,180,0.0,0.0,0.0,0.0,3.9,30.0,246,150,284,126,256,110,550,227,0.0,0.0,60.0
True,True,,,614574,0,0,0,0,-20.1,0,"[{'offset': 0, 'projected_percent': '-20.1', 'likelihood': -2}, {'offset': 1, 'projected_percent': '-20.1', 'likelihood': -2}, {'offset': 2, 'projected_percent': '-20.1', 'likelihood': -2}]",,False,0,3,0.5,0.5,0,Alex,0.5,76,False,,,50,614574.jpg,1.0,False,Tóth,0.0,False,,a,3,91,1,137,37,219,73,0.1,0.2,Tóth.A,,98.0,2026-01-20,2005-10-23,False,p614574,15,0,0,0,2,0,0,0,0,0,0,0,5,2.8,0.6,0.0,0.3,0,1,1,2,0,0.00,0.00,0.00,0.31,,,,,,,[],,238,107,243,129,507,202,278,131,0.0,0.0,0.0,0.0,1.86,12.0,388,233,309,144,288,133,568,237,0.0,0.0,12.0
True,True,0.0,0.0,489888,0,0,0,0,-103.1,-4,"[{'offset': 0, 'projected_percent': '-104.5', 'likelihood': -5}, {'offset': 1, 'projected_percent': '-113.3', 'likelihood': -5}, {'offset': 2, 'projected_percent': '-122.1', 'likelihood': -5}]",,False,0,3,0.0,0.0,0,Amine,0.0,77,False,Unspecified injury - Unknown return date,2026-08-15T16:00:07.590566Z,50,489888.jpg,0.0,False,Adli,0.0,False,,i,3,91,0,83,29,1207,231,0.0,0.0,Adli,,145.0,2025-08-21,2000-05-10,False,p489888,0,0,0,0,0,0,0,0,0,0,0,0,0,0.0,0.0,0.0,0.0,0,0,0,0,0,0.00,0.00,0.00,0.00,,,,,,,[],,503,202,515,211,472,178,519,209,0.0,0.0,0.0,0.0,0.0,0.0,333,194,544,226,544,226,554,231,0.0,0.0,0.0
True,True,0.0,0.0,560262,0,0,0,0,-111.1,-111,"[{'offset': 0, 'projected_percent': '-114.4', 'likelihood': -5}, {'offset': 1, 'projected_percent': '-134.9', 'likelihood': -5}, {'offset': 2, 'projected_percent': '-155.4', 'likelihood': -5}]",,False,0,3,0.0,0.0,0,Junior,0.0,78,False,Foot injury - Unknown return date,2026-07-29T17:30:09.796802Z,75,560262.jpg,0.0,False,Kroupi,0.3,False,,i,3,91,0,562,100,16682,3274,0.0,0.0,Kroupi.Jr,,73.0,2025-02-02,2006-06-23,False,p560262,0,0,0,0,0,0,0,0,0,0,0,0,0,0.0,0.0,0.0,0.0,0,0,0,0,0,0.00,0.00,0.00,0.00,,,,,1.0,,[],https://www.afcb.co.uk/news/2026/july/29/junior-kroupi-undergoes-successful-surgery-after-foot-injury/,624,275,625,276,625,276,625,276,0.0,0.0,0.0,0.0,0.0,0.0,20,12,622,275,622,275,305,105,0.0,0.0,0.0
True,True,,,444102,0,0,0,0,34.1,334,"[{'offset': 0, 'projected_percent': '34.8', 'likelihood': 2}, {'offset': 1, 'projected_percent': '39.4', 'likelihood': 2}, {'offset': 2, 'projected_percent': '44.0', 'likelihood': 3}]",,False,0,4,4.5,4.5,5,Francisco Evanilson,4.5,79,False,,,60,444102.jpg,4.5,False,de Lima Barbosa,3.1,False,,a,3,91,9,96409,23784,29215,10189,0.8,1.5,Evanilson,Evanilson,30.0,2024-08-16,1999-10-06,False,p444102,154,0,2,2,0,0,0,0,1,0,0,0,28,19.4,11.9,2.0,3.3,5,5,1,11,2,0.58,0.25,0.83,3.61,,,,,,,[],,88,9,108,12,185,29,124,14,0.34,0.0,0.15,0.49,2.11,0.0,81,21,70,9,79,11,107,16,1.17,1.17,6.43
True,False,0.0,0.0,168636,0,0,0,0,0.0,-8,"[{'offset': 0, 'projected_percent': '0.0', 'likelihood': 0}, {'offset': 1, 'projected_percent': '0.0', 'likelihood': 0}, {'offset': 2, 'projected_percent': '0.0', 'likelihood': 0}]",,False,0,4,0.0,0.0,0,Enes,0.0,80,False,Has joined Getafe permanently,2026-08-14T14:14:21.881112Z,55,168636.jpg,0.0,False,Ünal,0.0,False,,u,3,91,0,0,0,1268,198,0.0,0.0,Enes Ünal,,219.0,2024-07-01,1997-05-10,False,p168636,0,0,0,0,0,0,0,0,0,0,0,0,0,0.0,0.0,0.0,0.0,0,0,0,0,0,0.00,0.00,0.00,0.00,,,,,,,[],,544,46,559,54,531,53,560,55,0.0,0.0,0.0,0.0,0.0,0.0,124,30,576,63,576,63,547,70,0.0,0.0,0.0
True,True,100.0,100.0,561245,0,0,0,0,-6.9,-5,"[{'offset': 0, 'projected_percent': '-7.9', 'likelihood': -1}, {'offset': 1, 'projected_percent': '-14.0', 'likelihood': -1}, {'offset': 2, 'projected_percent': '-20.1', 'likelihood': -2}]",,False,0,4,0.5,0.5,1,Álvaro,0.5,81,False,,2026-08-15T16:30:07.054142Z,60,561245.jpg,1.0,False,Rodríguez,0.1,False,,a,3,91,1,1430,430,1718,536,0.1,0.2,Rodríguez,,230.0,2026-07-14,2004-07-14,False,p561245,9,0,0,0,1,0,0,0,0,0,0,0,4,0.0,0.0,0.0,0.0,0,1,0,1,0,0.00,0.00,0.00,0.16,,,,,,,[],,608,67,611,68,606,68,611,68,0.0,0.0,0.0,0.0,1.6,10.0,102,27,341,41,326,39,401,58,0.0,0.0,10.0
True,True,,,483067,0,0,0,0,2.9,-12,"[{'offset': 0, 'projected_percent': '2.8', 'likelihood': 1}, {'offset': 1, 'projected_percent': '2.7', 'likelihood': 1}, {'offset': 2, 'projected_percent': '2.5', 'likelihood': 1}]",,False,0,2,3.0,3.0,4,António João,3.0,566,False,,,50,483067.jpg,3.0,False,Pereira de Albuquerque Tavares da Silva,0.4,False,,a,3,91,6,8655,1290,3127,937,0.6,1.2,Silva,António Silva,173.0,2026-08-01,2003-10-30,False,p483067,180,0,0,0,3,0,0,0,1,0,0,0,16,31.4,0.3,0.0,3.2,21,5,2,23,2,0.25,0.03,0.28,4.09,,,,,,,[],,52,20,260,95,466,182,126,48,0.12,0.0,0.02,0.14,2.04,1.5,327,63,99,37,110,40,282,108,1.0,0.0,11.5
True,True,,,494928,0,0,0,0,-30.9,-20,"[{'offset': 0, 'projected_percent': '-33.1', 'likelihood': -2}, {'offset': 1, 'projected_percent': '-47.1', 'likelihood': -3}, {'offset': 2, 'projected_percent': '-61.1', 'likelihood': -3}]",,False,0,2,0.0,0.0,0,Juanlu,0.0,573,False,,,45,494928.jpg,0.0,False,Sánchez,0.2,False,,a,3,91,0,547,95,2067,602,0.0,0.0,Sanchez,,200.0,2026-08-06,2003-08-15,False,p494928,0,0,0,0,0,0,0,0,0,0,0,0,0,0.0,0.0,0.0,0.0,0,0,0,0,0,0.00,0.00,0.00,0.00,,,,,,,[],,386,162,393,163,331,145,402,162,0.0,0.0,0.0,0.0,0.0,0.0,494,133,446,168,446,168,331,123,0.0,0.0,0.0
True,True,,,523700,0,0,0,0,0.0,0,"[{'offset': 0, 'projected_percent': '0.0', 'likelihood': 0}, {'offset': 1, 'projected_percent': '0.0', 'likelihood': 0}, {'offset': 2, 'projected_percent': '0.0', 'likelihood': 0}]",2026-09-05T18:20:47.304197Z,False,0,4,0.5,0.5,0,Daniel,0.5,608,False,,,50,523700.jpg,1.0,False,Jebbison,0.1,False,,a,3,91,1,3768,1291,911,490,0.1,0.2,Jebbison,,39.0,2024-07-10,2003-08-13,False,p523700,15,0,0,0,2,0,0,0,0,0,0,0,6,3.4,0.8,17.0,2.1,0,1,0,1,0,0.10,0.00,0.10,0.31,,,,,,,[],,235,17,230,26,57,12,171,18,0.6,0.0,0.0,0.6,1.86,12.0,361,58,304,35,281,30,476,63,0.0,0.0,6.0
True,True,,,230650,0,0,0,0,0.0,0,"[{'offset': 0, 'projected_percent': '0.0', 'likelihood': 0}, {'offset': 1, 'projected_percent': '0.0', 'likelihood': 0}, {'offset': 2, 'projected_percent': '0.0', 'likelihood': 0}]",2026-09-09T14:56:25.380082Z,False,0,1,1.9,1.9,0,Michele,0.0,615,False,,,45,230650.jpg,0.0,False,Di Gregorio,0.0,False,,a,3,91,0,674,433,148,121,0.0,0.0,Di Gregorio,,106.0,2026-08-25,1997-07-27,False,p230650,0,0,0,0,0,0,0,0,0,0,0,0,0,0.0,0.0,0.0,0.0,0,0,0,0,0,0.00,0.00,0.00,0.00,,,,,,,[],,364,54,368,36,299,36,381,54,0.0,0.0,0.0,0.0,0.0,0.0,454,35,428,55,428,55,575,67,0.0,0.0,0.0
True,True,,,200720,0,0,0,0,26.3,378,"[{'offset': 0, 'projected_percent': '27.1', 'likelihood': 2}, {'offset': 1, 'projected_percent': '32.3', 'likelihood': 2}, {'offset': 2, 'projected_percent': '37.5', 'likelihood': 2}]",,False,0,1,4.5,4.5,2,Caoimhín,4.5,82,False,,,50,200720.jpg,4.5,False,Kelleher,6.7,False,,a,4,94,9,100267,25833,30527,10603,0.9,1.8,Kelleher,,104.0,2025-06-03,1998-11-23,False,p200720,180,0,0,1,1,0,0,0,0,0,5,0,41,31.4,0.0,0.0,3.1,2,9,0,0,2,0.00,0.01,0.01,2.00,,,,,,,[],,51,6,468,56,411,56,128,6,0.0,2.5,0.0,0.0,1.0,0.5,257,11,62,4,72,5,61,8,1.0,0.5,0.0
True,True,,,507433,0,0,0,0,-14.9,-9,"[{'offset': 0, 'projected_percent': '-16.8', 'likelihood': -1}, {'offset': 1, 'projected_percent': '-28.5', 'likelihood': -2}, {'offset': 2, 'projected_percent': '-40.3', 'likelihood': -3}]",,False,0,1,0.0,0.0,0,Hákon Rafn,0.0,83,False,,,45,507433.jpg,0.0,False,Valdimarsson,0.1,False,,a,4,94,0,867,225,1204,314,0.0,0.0,Valdimarsson,,99.0,2024-01-26,2001-10-13,False,p507433,0,0,0,0,0,0,0,0,0,0,0,0,0,0.0,0.0,0.0,0.0,0,0,0,0,0,0.00,0.00,0.00,0.00,,,,,,,[],,391,57,398,45,336,45,407,57,0.0,0.0,0.0,0.0,0.0,0.0,499,44,451,58,451,58,407,45,0.0,0.0,0.0
True,True,,,432830,0,0,0,0,9.3,75,"[{'offset': 0, 'projected_percent': '9.5', 'likelihood': 1}, {'offset': 1, 'projected_percent': '10.5', 'likelihood': 1}, {'offset': 2, 'projected_percent': '11.5', 'likelihood': 1}]",,False,0,2,4.5,4.5,3,Nathan,4.5,84,False,,,55,432830.jpg,4.5,False,Collins,2.1,False,,a,4,94,9,32417,7328,13585,4212,0.8,1.6,Collins,,104.0,2023-07-04,2001-04-30,False,p432830,180,0,0,1,1,0,0,0,1,0,0,0,35,11.6,21.5,17.0,5.0,14,11,2,16,2,0.44,0.04,0.48,2.00,,,,,,,[],,147,69,57,17,58,16,77,26,0.22,0.0,0.02,0.24,1.0,0.5,162,21,65,23,75,26,128,52,1.0,0.5,8.0
True,True,0.0,0.0,444765,0,0,0,0,-94.0,-34,"[{'offset': 0, 'projected_percent': '-96.9', 'likelihood': -4}, {'offset': 1, 'projected_percent': '-114.5', 'likelihood': -5}, {'offset': 2, 'projected_percent': '-132.1', 'likelihood': -5}]",,False,0,2,0.0,0.0,0,Sepp,0.0,85,False,Groin injury - Unknown return date,2026-08-15T15:30:06.416627Z,50,444765.jpg,0.0,False,van den Berg,0.1,False,,i,4,94,0,190,45,5024,901,0.0,0.0,Van den Berg,,152.0,2024-08-22,2001-12-20,False,p444765,0,0,0,0,0,0,0,0,0,0,0,0,0,0.0,0.0,0.0,0.0,0,0,0,0,0,0.00,0.00,0.00,0.00,,,,,,,[],https://www.brentfordfc.com/en/news/article/first-team-brentford-v-tottenham-hotspur-premier-league-team-news-mamadou-sangar%C3%A9,488,191,498,191,451,179,504,191,0.0,0.0,0.0,0.0,0.0,0.0,307,56,532,191,532,191,421,149,0.0,0.0,0.0
True,True,,,249231,0,0,0,0,29.4,689,"[{'offset': 0, 'projected_percent': '31.0', 'likelihood': 2}, {'offset': 1, 'projected_percent': '40.4', 'likelihood': 3}, {'offset': 2, 'projected_percent': '49.9', 'likelihood': 3}]",,False,0,3,8.0,8.0,6,Keane,8.0,86,False,,,55,249231.jpg,8.0,False,Lewis-Potter,1.4,False,,a,4,94,16,74105,21563,11402,4686,1.5,2.9,Lewis-Potter,,241.0,2022-07-12,2001-02-22,False,p249231,177,1,1,1,1,0,0,0,0,0,0,3,66,47.2,15.9,19.0,8.2,7,11,3,21,2,0.79,0.25,1.04,2.00,,,1.0,,,,[],,12,8,76,47,49,25,29,19,0.4,0.0,0.13,0.53,1.02,0.51,158,97,15,8,21,11,163,48,1.02,0.51,10.68
True,True,,,191866,0,0,0,0,29.5,497,"[{'offset': 0, 'projected_percent': '30.6', 'likelihood': 2}, {'offset': 1, 'projected_percent': '37.4', 'likelihood': 2}, {'offset': 2, 'projected_percent': '44.2', 'likelihood': 3}]",,False,0,2,5.5,5.5,3,Kristoffer,5.5,87,False,,,45,191866.jpg,5.5,False,Ajer,4.3,False,,a,4,94,11,95314,25336,22267,8365,1.2,2.4,Ajer,,161.0,2021-07-21,1998-04-17,False,p191866,180,0,0,1,1,0,0,0,1,0,0,0,36,20.0,0.9,35.0,5.6,25,5,2,27,2,0.11,0.03,0.14,2.00,,,,,,,[],,84,38,223,74,21,5,60,18,0.06,0.0,0.02,0.08,1.0,0.5,436,96,40,15,51,19,81,32,1.0,0.5,13.5
True,True,,,607464,0,0,1,-1,17.7,597,"[{'offset': 0, 'projected_percent': '19.1', 'likelihood': 1}, {'offset': 1, 'projected_percent': '27.3', 'likelihood': 2}, {'offset': 2, 'projected_percent': '35.4', 'likelihood': 2}]",,False,1,2,7.5,7.5,2,Michael,7.5,88,False,,,46,607464.jpg,7.5,False,Kayode,8.5,False,,a,4,94,15,362340,51537,35709,14549,1.6,3.3,Kayode,,106.0,2025-07-01,2004-07-10,False,p607464,162,1,0,1,1,0,0,0,0,0,0,1,44,33.8,1.5,46.0,8.1,8,9,1,9,2,0.52,0.20,0.72,1.90,,,,,,,[],,39,13,197,62,10,1,31,6,0.29,0.0,0.11,0.4,1.06,0.56,405,80,17,6,22,9,49,19,1.11,0.56,5.0
True,True,,,194010,0,0,0,0,-33.7,-10,"[{'offset': 0, 'projected_percent': '-34.7', 'likelihood': -2}, {'offset': 1, 'projected_percent': '-40.7', 'likelihood': -3}, {'offset': 2, 'projected_percent': '-46.7', 'likelihood': -3}]",,False,0,2,0.5,0.5,1,Rico,0.5,89,False,,,45,194010.jpg,1.0,False,Henry,0.2,False,,a,4,94,1,699,155,2664,518,0.1,0.2,Henry,,107.0,2016-08-31,1997-07-08,False,p194010,2,0,0,0,0,0,0,0,0,0,0,0,3,0.0,0.0,0.0,0.0,0,0,0,0,0,0.00,0.00,0.00,0.00,,,,,,,[],,355,144,359,148,287,122,372,145,0.0,0.0,0.0,0.0,0.0,0.0,437,97,271,93,236,82,319,120,0.0,0.0,0.0
True,True,,,472713,0,0,0,0,0.1,3,"[{'offset': 0, 'projected_percent': '0.1', 'likelihood': 1}, {'offset': 1, 'projected_percent': '0.1', 'likelihood': 1}, {'offset': 2, 'projected_percent': '0.2', 'likelihood': 1}]",,False,0,2,1.0,1.0,1,Aaron,1.0,90,False,,,45,472713.jpg,1.0,False,Hickey,0.1,False,,a,4,94,2,829,206,779,239,0.2,0.4,Hickey,,243.0,2022-07-09,2002-06-10,False,p472713,16,0,0,0,0,0,0,0,0,0,0,0,8,0.0,0.3,0.0,0.0,0,2,1,1,0,0.00,0.02,0.02,0.10,,,,,,,[],,380,160,257,93,320,142,396,160,0.0,0.0,0.11,0.11,0.56,0.0,481,128,219,79,245,90,454,161,0.0,0.0,5.62
True,True,,,570241,0,0,0,0,-19.9,0,"[{'offset': 0, 'projected_percent': '-19.9', 'likelihood': -1}, {'offset': 1, 'projected_percent': '-19.9', 'likelihood': -1}, {'offset': 2, 'projected_percent': '-19.9', 'likelihood': -1}]",,False,0,2,0.0,0.0,0,Kim,0.0,92,False,,,45,570241.jpg,0.0,False,Ji-soo,0.0,False,,a,4,94,0,155,43,271,73,0.0,0.0,Ji-soo,Kim Ji-Soo,114.0,2023-07-20,2004-12-24,False,p570241,0,0,0,0,0,0,0,0,0,0,0,0,0,0.0,0.0,0.0,0.0,0,0,0,0,0,0.00,0.00,0.00,0.00,,,,,,,[],,410,169,416,170,355,152,426,169,0.0,0.0,0.0,0.0,0.0,0.0,519,141,469,175,469,175,556,191,0.0,0.0,0.0
True,True,,,513086,0,0,0,0,-34.1,-14,"[{'offset': 0, 'projected_percent': '-36.1', 'likelihood': -2}, {'offset': 1, 'projected_percent': '-48.5', 'likelihood': -3}, {'offset': 2, 'projected_percent': '-60.9', 'likelihood': -3}]",,False,0,2,0.0,0.0,0,Jannik,0.0,93,False,,,45,513086.jpg,0.0,False,Schuster,0.2,False,,a,4,94,0,187,45,1510,304,0.0,0.0,Schuster,,14.0,2026-06-15,2006-05-16,False,p513086,0,0,0,0,0,0,0,0,0,0,0,0,0,0.0,0.0,0.0,0.0,0,0,0,0,0,0.00,0.00,0.00,0.00,,,,,,,[],,393,165,400,166,338,148,409,165,0.0,0.0,0.0,0.0,0.0,0.0,501,136,453,171,453,171,367,136,0.0,0.0,0.0
True,True,,,513418,0,0,0,0,4.3,610,"[{'offset': 0, 'projected_percent': '5.7', 'likelihood': 1}, {'offset': 1, 'projected_percent': '14.1', 'likelihood': 1}, {'offset': 2, 'projected_percent': '22.4', 'likelihood': 2}]",,False,0,3,6.5,6.5,10,Kevin,6.5,94,False,,,60,513418.jpg,6.5,False,Schade,3.5,False,,a,4,94,13,42442,17444,36279,10490,1.1,2.2,Schade,,80.0,2023-07-01,2001-11-27,False,p513418,177,1,0,1,1,0,0,0,0,0,0,3,51,14.4,11.8,59.0,8.5,4,9,5,18,2,0.77,0.02,0.79,2.00,,,,,2.0,,[],,120,39,110,66,2,1,28,18,0.39,0.0,0.01,0.4,1.02,0.51,96,62,25,14,31,17,95,30,1.02,0.51,9.15
True,True,,,533463,0,0,0,0,-32.3,-276,"[{'offset': 0, 'projected_percent': '-38.4', 'likelihood': -2}, {'offset': 1, 'projected_percent': '-75.9', 'likelihood': -3}, {'offset': 2, 'projected_percent': '-113.3', 'likelihood': -5}]",,False,0,3,2.0,2.0,1,Dango,2.0,95,False,,,65,533463.jpg,2.0,False,Ouattara,1.1,False,,a,4,94,4,8751,1403,17688,6736,0.3,0.6,O.Dango,,35.0,2025-08-16,2002-02-11,False,p533463,95,0,0,1,1,0,0,0,0,0,0,0,22,1.0,30.8,15.0,4.7,5,7,1,13,1,0.07,0.37,0.44,1.81,2.0,,,,,,[],,268,125,26,21,70,38,85,45,0.07,0.0,0.35,0.42,1.71,0.95,47,31,169,82,187,93,186,58,0.95,0.95,12.32
True,True,,,440089,0,0,0,0,-52.6,-30,"[{'offset': 0, 'projected_percent': '-54.0', 'likelihood': -3}, {'offset': 1, 'projected_percent': '-62.4', 'likelihood': -3}, {'offset': 2, 'projected_percent': '-70.8', 'likelihood': -3}]",,False,0,3,2.0,2.0,3,Mikkel,2.0,96,False,,,55,440089.jpg,2.0,False,Damsgaard,0.5,False,,a,4,94,4,3199,881,9443,1899,0.4,0.7,Damsgaard,,58.0,2022-08-10,2000-07-03,False,p440089,82,0,0,1,0,0,0,0,0,0,0,0,26,7.6,26.3,0.0,3.4,1,8,3,12,1,0.03,0.24,0.27,0.25,3.0,,3.0,,,,[],,183,72,41,28,556,233,120,60,0.03,0.0,0.26,0.29,0.27,0.0,166,103,159,77,174,85,257,87,1.1,1.1,13.17
True,True,75.0,,207283,0,0,0,0,1.0,-98,"[{'offset': 0, 'projected_percent': '0.8', 'likelihood': 1}, {'offset': 1, 'projected_percent': '-15.3', 'likelihood': -1}, {'offset': 2, 'projected_percent': '-49.7', 'likelihood': -3}]",,False,0,3,2.2,3.0,0,Mathias,3.0,97,False,Unspecified injury - 75% chance of playing,2026-08-30T12:30:08.176795Z,55,207283.jpg,6.0,False,Jensen,0.2,False,,d,4,94,6,4355,497,2679,1342,0.5,1.1,Jensen,,58.0,2019-07-10,1996-01-01,False,p207283,66,0,1,1,0,0,0,0,0,0,0,0,22,12.6,46.2,13.0,7.2,0,3,2,5,1,0.08,0.34,0.42,0.47,1.0,,2.0,,3.0,,[],,138,46,9,8,77,42,43,25,0.11,0.0,0.46,0.57,0.64,0.0,142,87,103,46,41,22,327,116,1.36,1.36,6.82
True,True,,,204580,0,0,0,0,17.5,100,"[{'offset': 0, 'projected_percent': '17.7', 'likelihood': 1}, {'offset': 1, 'projected_percent': '19.1', 'likelihood': 1}, {'offset': 2, 'projected_percent': '20.4', 'likelihood': 2}]",,False,0,3,5.0,5.0,1,Vitaly,5.0,98,False,,,50,204580.jpg,5.0,False,Janelt,0.6,False,,a,4,94,10,44323,10564,7544,3259,1.0,2.0,Janelt,,80.0,2020-10-03,1998-05-10,False,p204580,180,1,0,1,1,0,0,0,2,0,0,0,46,53.2,38.8,24.0,11.6,11,5,7,23,2,0.39,0.25,0.64,2.00,4.0,,,,,,[],,3,3,18,15,39,22,8,7,0.2,0.0,0.12,0.32,1.0,0.5,261,160,49,25,57,29,245,82,1.0,0.5,11.5
True,True,0.0,0.0,543295,0,0,0,0,-15.6,-2,"[{'offset': 0, 'projected_percent': '-24.4', 'likelihood': -2}, {'offset': 1, 'projected_percent': '-78.1', 'likelihood': -3}, {'offset': 2, 'projected_percent': '-131.8', 'likelihood': -5}]",,False,0,3,0.0,0.0,0,Antoni,0.0,99,False,Knee injury - Unknown return date,2026-07-23T12:01:23.384798Z,50,543295.jpg,0.0,False,Milambo,0.0,False,,i,4,94,0,40,12,57,12,0.0,0.0,Milambo,,152.0,2025-07-03,2005-04-03,False,p543295,0,0,0,0,0,0,0,0,0,0,0,0,0,0.0,0.0,0.0,0.0,0,0,0,0,0,0.00,0.00,0.00,0.00,,,,,,,[],https://www.brentfordfc.com/en/news/video/first-team-fabio-carvalho-brentford-injury-return-keith-andrews?utm_source=chatgpt.com,521,213,534,222,492,190,537,220,0.0,0.0,0.0,0.0,0.0,0.0,368,218,559,234,559,234,617,271,0.0,0.0,0.0
True,True,100.0,100.0,244858,0,0,0,0,-2.3,2,"[{'offset': 0, 'projected_percent': '-0.4', 'likelihood': -1}, {'offset': 1, 'projected_percent': '0.0', 'likelihood': 0}, {'offset': 2, 'projected_percent': '0.0', 'likelihood': 0}]",,False,0,3,0.0,0.0,0,Fábio,0.0,100,False,,2026-08-18T13:58:17.442072Z,50,244858.jpg,0.0,False,Freitas Gouveia Carvalho,0.0,False,,a,4,94,0,317,162,345,99,0.0,0.0,Carvalho,Fábio Carvalho,173.0,2024-08-12,2002-08-30,False,p244858,0,0,0,0,0,0,0,0,0,0,0,0,0,0.0,0.0,0.0,0.0,0,0,0,0,0,0.00,0.00,0.00,0.00,,,,,,,[],,479,188,488,197,439,162,495,195,0.0,0.0,0.0,0.0,0.0,0.0,294,177,525,217,525,217,561,232,0.0,0.0,0.0
True,True,,,508395,0,0,0,0,-61.7,-144,"[{'offset': 0, 'projected_percent': '-64.8', 'likelihood': -3}, {'offset': 1, 'projected_percent': '-83.9', 'likelihood': -3}, {'offset': 2, 'projected_percent': '-103.0', 'likelihood': -5}]",,False,0,3,1.0,1.0,1,Yehor,1.0,102,False,,,50,508395.jpg,1.0,False,Yarmoliuk,1.1,False,,a,4,94,2,1016,271,17782,4603,0.2,0.4,Yarmoliuk,,225.0,2022-10-28,2004-03-01,False,p508395,44,0,0,0,1,0,0,0,0,0,0,0,11,2.2,0.8,3.0,0.6,1,3,2,6,0,0.04,0.01,0.05,1.38,,,,,,,[],,246,111,229,126,150,77,252,113,0.08,0.0,0.02,0.1,2.82,2.05,351,205,238,110,278,125,185,57,0.0,0.0,12.27
True,True,,,183656,0,0,0,0,-47.7,-5,"[{'offset': 0, 'projected_percent': '-52.4', 'likelihood': -3}, {'offset': 1, 'projected_percent': '-81.4', 'likelihood': -3}, {'offset': 2, 'projected_percent': '-110.3', 'likelihood': -5}]",,False,0,3,0.0,0.0,0,Josh,0.0,103,False,,,50,183656.jpg,0.0,False,Dasilva,0.0,False,,a,4,94,0,209,45,504,151,0.0,0.0,Dasilva,,241.0,2025-10-23,1998-10-23,False,p183656,0,0,0,0,0,0,0,0,0,0,0,0,0,0.0,0.0,0.0,0.0,0,0,0,0,0,0.00,0.00,0.00,0.00,,,,,,,[],,458,177,466,186,409,148,474,184,0.0,0.0,0.0,0.0,0.0,0.0,254,155,509,208,509,208,543,224,0.0,0.0,0.0
True,True,,,444180,0,0,0,0,-14.6,-23,"[{'offset': 0, 'projected_percent': '-17.7', 'likelihood': -1}, {'offset': 1, 'projected_percent': '-36.9', 'likelihood': -2}, {'offset': 2, 'projected_percent': '-56.1', 'likelihood': -3}]",,False,0,3,1.5,1.5,2,Jaidon,1.5,105,False,,,60,444180.jpg,1.5,False,Anthony,0.2,False,,a,4,94,3,2477,519,3281,890,0.2,0.5,Anthony,,241.0,2026-07-07,1999-12-01,False,p444180,83,0,0,1,0,0,0,0,1,0,0,0,13,10.6,34.9,1.0,4.7,0,7,2,9,1,0.14,0.41,0.55,0.19,,,,,,,[],,160,58,21,16,192,98,84,44,0.15,0.0,0.44,0.59,0.21,0.0,82,52,199,93,215,103,362,136,1.08,1.08,9.76
True,True,,,502500,0,0,0,0,-29.3,-3043,"[{'offset': 0, 'projected_percent': '-33.8', 'likelihood': -2}, {'offset': 1, 'projected_percent': '-61.6', 'likelihood': -3}, {'offset': 2, 'projected_percent': '-89.3', 'likelihood': -3}]",,False,0,4,1.0,1.0,2,Igor Thiago,1.0,106,False,,,80,502500.jpg,1.0,False,Nascimento Rodrigues,15.7,False,,a,4,94,2,107366,15594,221938,80771,0.1,0.2,Thiago,Igor Thiago,30.0,2024-07-01,2001-06-26,False,p502500,172,0,0,1,1,0,0,1,0,0,0,0,-1,2.2,4.0,8.0,1.4,1,7,1,9,2,1.73,0.09,1.82,1.93,,,,,1.0,,[],,250,20,153,19,102,21,221,21,0.91,0.0,0.05,0.96,1.01,0.52,10,3,261,33,335,41,27,5,1.05,0.52,4.71
True,True,,,593174,0,0,0,0,1.6,133,"[{'offset': 0, 'projected_percent': '1.9', 'likelihood': 1}, {'offset': 1, 'projected_percent': '3.7', 'likelihood': 1}, {'offset': 2, 'projected_percent': '5.6', 'likelihood': 1}]",,False,0,4,0.0,0.0,0,Kaye,0.0,107,False,,,45,593174.jpg,0.0,False,Furo,0.9,False,,a,4,94,0,13975,5784,11526,3083,0.0,0.0,Furo,,21.0,2026-01-11,2007-02-06,False,p593174,0,0,0,0,0,0,0,0,0,0,0,0,0,0.0,0.0,0.0,0.0,0,0,0,0,0,0.00,0.00,0.00,0.00,,,,,,,[],,417,32,423,39,363,38,433,41,0.0,0.0,0.0,0.0,0.0,0.0,529,70,476,49,476,49,197,31,0.0,0.0,0.0
True,True,,,75115,0,0,0,0,-2.1,-14,"[{'offset': 0, 'projected_percent': '-3.0', 'likelihood': -1}, {'offset': 1, 'projected_percent': '-8.3', 'likelihood': -1}, {'offset': 2, 'projected_percent': '-13.5', 'likelihood': -1}]",,False,0,4,1.0,1.0,1,Callum,1.0,108,False,,,55,75115.jpg,1.0,False,Wilson,0.4,False,,a,4,94,2,5832,1481,6659,1851,0.2,0.4,Wilson,,241.0,2026-07-09,1992-02-27,False,p75115,9,0,0,0,0,0,0,0,0,0,0,0,7,2.2,10.3,5.0,1.8,0,1,0,1,0,0.07,0.04,0.11,0.07,,,,,,,[],,248,19,122,15,125,23,192,19,0.7,0.0,0.4,1.1,0.7,0.0,117,29,242,26,296,31,280,47,0.0,0.0,10.0
True,True,,,513545,0,0,1,-1,47.7,2414,"[{'offset': 0, 'projected_percent': '53.1', 'likelihood': 3}, {'offset': 1, 'projected_percent': '86.3', 'likelihood': 3}, {'offset': 2, 'projected_percent': '119.4', 'likelihood': 5}]",,False,1,3,9.0,9.0,4,Mamadou,9.0,565,True,,,56,513545.jpg,9.0,False,Sangaré,10.1,False,,a,4,94,18,540027,96265,47610,24270,1.6,3.2,M.Sangaré,,132.0,2026-08-01,2002-06-26,False,p513545,165,0,2,1,1,0,0,0,0,0,0,3,58,31.6,21.8,21.0,7.4,10,12,6,28,2,0.29,0.36,0.65,1.90,,,,,,,[],,50,21,56,37,44,23,39,23,0.16,0.0,0.2,0.36,1.04,0.55,115,74,7,4,12,6,40,16,1.09,0.55,15.27
True,True,,,613804,0,0,0,0,0.0,0,"[{'offset': 0, 'projected_percent': '0.0', 'likelihood': 0}, {'offset': 1, 'projected_percent': '0.0', 'likelihood': 0}, {'offset': 2, 'projected_percent': '0.0', 'likelihood': 0}]",2026-09-10T14:57:43.968027Z,False,0,2,1.7,1.7,0,El Hadji Malick,0.0,620,False,,,45,613804.jpg,0.0,False,Diouf,0.1,False,,a,4,94,0,4838,4238,971,934,0.0,0.0,Diouf,El Hadji Malick Diouf,189.0,2026-08-28,2004-12-29,False,p613804,0,0,0,0,0,0,0,0,0,0,0,0,0,0.0,0.0,0.0,0.0,0,0,0,0,0,0.00,0.00,0.00,0.00,,,,,,,[],,422,172,428,173,369,156,438,172,0.0,0.0,0.0,0.0,0.0,0.0,536,147,481,178,481,178,488,171,0.0,0.0,0.0
True,True,,,489639,0,0,0,0,19.2,490,"[{'offset': 0, 'projected_percent': '20.3', 'likelihood': 2}, {'offset': 1, 'projected_percent': '27.0', 'likelihood': 2}, {'offset': 2, 'projected_percent': '33.8', 'likelihood': 2}]",,False,0,1,3.0,3.0,0,Bart,3.0,109,False,,,45,489639.jpg,3.0,False,Verbruggen,21.5,False,,a,5,36,6,138755,53999,74481,29001,0.7,1.3,Verbruggen,,152.0,2023-07-03,2002-08-18,False,p489639,180,0,0,1,4,0,0,0,0,0,1,0,24,6.6,0.0,0.0,0.7,0,18,0,0,2,0.00,0.00,0.00,3.26,,,,,,,[],,195,20,388,44,326,44,244,20,0.0,0.5,0.0,0.0,1.63,2.0,489,43,93,7,104,8,14,3,1.0,0.5,0.0
True,True,,,49262,0,0,0,0,-0.8,104,"[{'offset': 0, 'projected_percent': '-0.2', 'likelihood': -1}, {'offset': 1, 'projected_percent': '1.4', 'likelihood': 1}, {'offset': 2, 'projected_percent': '2.8', 'likelihood': 1}]",,False,0,1,0.0,0.0,0,Jason,0.0,111,False,,,40,49262.jpg,0.0,False,Steele,4.0,False,,a,5,36,0,20228,9514,19572,5528,0.0,0.0,Steele,,241.0,2018-07-01,1990-08-18,False,p49262,0,0,0,0,0,0,0,0,0,0,0,0,0,0.0,0.0,0.0,0.0,0,0,0,0,0,0.00,0.00,0.00,0.00,,,,,,,[],,282,23,279,3,197,3,298,23,0.0,0.0,0.0,0.0,0.0,0.0,552,51,351,24,351,24,87,13,0.0,0.0,0.0
True,True,100.0,100.0,231416,-1,1,-1,1,-2.6,-97,"[{'offset': 0, 'projected_percent': '-3.2', 'likelihood': -1}, {'offset': 1, 'projected_percent': '-6.9', 'likelihood': -1}, {'offset': 2, 'projected_percent': '-10.7', 'likelihood': -1}]",,False,0,2,0.0,0.0,0,Ferdi,0.0,113,False,,2026-08-23T13:00:07.595211Z,44,231416.jpg,0.0,False,Kadıoğlu,2.2,False,,a,5,36,0,6015,3435,59050,7646,0.0,0.0,F.Kadıoğlu,,219.0,2024-08-27,1999-10-07,False,p231416,90,0,0,0,4,0,0,0,0,0,0,0,-4,0.0,0.0,0.0,0.0,0,2,0,0,1,0.04,0.01,0.05,2.97,3.0,,,,,,[],,338,139,339,142,262,112,355,140,0.04,0.0,0.01,0.05,2.97,4.0,548,151,405,152,405,152,125,51,1.0,0.0,0.0
True,True,,,204120,0,0,0,0,1.6,14,"[{'offset': 0, 'projected_percent': '1.6', 'likelihood': 1}, {'offset': 1, 'projected_percent': '1.8', 'likelihood': 1}, {'offset': 2, 'projected_percent': '2.0', 'likelihood': 1}]",,False,0,2,2.5,2.5,-1,Olivier,2.5,114,False,,,45,204120.jpg,2.5,False,Boscagli,0.3,False,,a,5,36,5,6117,2014,2515,956,0.6,1.1,Boscagli,,73.0,2025-07-02,1997-11-18,False,p204120,180,0,0,1,4,0,0,0,1,0,0,0,27,15.2,7.3,6.0,2.9,8,6,1,9,2,0.05,0.16,0.21,3.26,,,,,,,[],,112,51,130,39,114,33,133,51,0.02,0.0,0.08,0.1,1.63,2.0,441,100,121,43,130,46,303,113,1.0,0.5,4.5
True,True,,,465730,0,0,1,-1,88.3,6004,"[{'offset': 0, 'projected_percent': '101.8', 'likelihood': 5}, {'offset': 1, 'projected_percent': '184.2', 'likelihood': 5}, {'offset': 2, 'projected_percent': '266.6', 'likelihood': 5}]",,False,1,2,8.5,8.5,0,Maxim,8.5,115,True,,,46,465730.jpg,8.5,False,De Cuyper,11.0,False,,a,5,36,17,696164,201166,40594,19436,1.8,3.7,De Cuyper,,21.0,2025-07-05,2000-12-22,False,p465730,167,1,1,1,4,0,0,0,0,0,0,2,44,40.6,45.3,43.0,12.9,3,6,3,6,2,1.50,0.26,1.76,3.26,2.0,,4.0,,,,[],,26,9,10,2,11,2,4,1,0.81,0.0,0.14,0.95,1.76,2.16,404,79,10,4,16,7,35,12,1.08,0.54,3.23
True,True,,,83299,0,0,0,0,5.3,27,"[{'offset': 0, 'projected_percent': '5.4', 'likelihood': 1}, {'offset': 1, 'projected_percent': '5.7', 'likelihood': 1}, {'offset': 2, 'projected_percent': '6.1', 'likelihood': 1}]",,False,0,2,2.5,2.5,-1,Lewis,2.5,116,False,,,45,83299.jpg,2.5,False,Dunk,1.2,False,,a,5,36,5,19180,5837,8212,2902,0.6,1.1,Dunk,,241.0,2009-07-01,1991-11-21,False,p83299,180,0,0,1,4,0,0,0,1,0,0,0,20,13.4,6.4,0.0,2.0,3,6,2,5,2,0.00,0.05,0.05,3.26,,,3.0,,,,[],,132,61,134,40,269,115,175,66,0.0,0.0,0.02,0.02,1.63,2.0,411,82,118,40,127,43,173,71,1.0,0.5,2.5
True,True,,,550090,0,0,0,0,-2.2,0,"[{'offset': 0, 'projected_percent': '-2.2', 'likelihood': -1}, {'offset': 1, 'projected_percent': '-2.2', 'likelihood': -1}, {'offset': 2, 'projected_percent': '-2.2', 'likelihood': -1}]",,False,0,2,0.0,0.0,0,Diego,0.0,117,False,,,45,550090.jpg,0.0,False,Coppola,0.0,False,,a,5,36,0,260,69,295,71,0.0,0.0,Coppola,,,,,False,p550090,0,0,0,0,0,0,0,0,0,0,0,0,0,0.0,0.0,0.0,0.0,0,0,0,0,0,0.00,0.00,0.00,0.00,,,,,,,[],,403,168,410,169,348,151,419,168,0.0,0.0,0.0,0.0,0.0,0.0,511,139,463,174,463,174,557,192,0.0,0.0,0.0
True,True,,,223434,0,0,0,0,-21.8,-7,"[{'offset': 0, 'projected_percent': '-23.7', 'likelihood': -2}, {'offset': 1, 'projected_percent': '-35.8', 'likelihood': -2}, {'offset': 2, 'projected_percent': '-47.9', 'likelihood': -3}]",,False,0,2,0.0,0.0,0,Igor Julio,0.0,118,False,,,45,223434.jpg,0.0,False,dos Santos de Paulo,0.1,False,,a,5,36,0,647,176,1112,237,0.0,0.0,Igor,Igor Julio,30.0,2023-07-26,1998-02-07,False,p223434,0,0,0,0,0,0,0,0,0,0,0,0,0,0.0,0.0,0.0,0.0,0,0,0,0,0,0.00,0.00,0.00,0.00,,,,,,,[],,363,149,367,153,296,128,380,150,0.0,0.0,0.0,0.0,0.0,0.0,449,106,427,159,427,159,442,155,0.0,0.0,0.0
True,True,,,451490,0,0,0,0,0.0,-3,"[{'offset': 0, 'projected_percent': '0.0', 'likelihood': 0}, {'offset': 1, 'projected_percent': '-0.3', 'likelihood': -1}, {'offset': 2, 'projected_percent': '-10.4', 'likelihood': -1}]",,False,0,2,0.5,0.5,0,João Pedro,0.5,119,False,,,45,451490.jpg,0.5,False,Loureiro da Costa,0.0,False,,a,5,36,1,375,90,347,121,0.1,0.2,Costinha,Costinha,173.0,2026-06-15,2000-03-26,False,p451490,36,0,0,0,0,0,0,0,1,0,0,0,6,8.2,1.9,18.0,2.8,3,0,1,4,0,0.12,0.00,0.12,0.14,,,,,,,[],,177,77,188,57,50,14,139,55,0.3,0.0,0.0,0.3,0.35,0.0,474,125,276,98,338,111,519,181,0.0,0.0,10.0
True,True,,,454490,0,0,0,0,0.1,1,"[{'offset': 0, 'projected_percent': '0.1', 'likelihood': 1}, {'offset': 1, 'projected_percent': '0.1', 'likelihood': 1}, {'offset': 2, 'projected_percent': '0.1', 'likelihood': 1}]",,False,0,2,0.0,0.0,0,Michael,0.0,120,False,,,50,454490.jpg,0.0,False,Svoboda,0.1,False,,a,5,36,0,1012,244,925,241,0.0,0.0,Svoboda,,14.0,2026-07-02,1998-10-15,False,p454490,0,0,0,0,0,0,0,0,0,0,0,0,0,0.0,0.0,0.0,0.0,0,0,0,0,0,0.00,0.00,0.00,0.00,,,,,,,[],,493,192,503,192,456,180,509,192,0.0,0.0,0.0,0.0,0.0,0.0,312,57,536,192,536,192,486,170,0.0,0.0,0.0
True,True,0.0,0.0,451340,0,0,0,0,-69.0,-11,"[{'offset': 0, 'projected_percent': '-71.3', 'likelihood': -3}, {'offset': 1, 'projected_percent': '-85.3', 'likelihood': -3}, {'offset': 2, 'projected_percent': '-99.3', 'likelihood': -4}]",,False,0,3,0.0,0.0,0,Mitoma,0.0,121,False,Hamstring injury - Unknown return date,2026-07-24T18:30:10.661894Z,60,451340.jpg,0.0,False,Kaoru,0.0,False,,i,5,36,0,213,54,1588,351,0.0,0.0,Mitoma,,108.0,2021-08-09,1997-05-20,False,p451340,0,0,0,0,0,0,0,0,0,0,0,0,0,0.0,0.0,0.0,0.0,0,0,0,0,0,0.00,0.00,0.00,0.00,,,,,,,[],https://www.brightonandhovealbion.com/media-article/successful-surgery-for-mitoma,601,262,604,264,597,257,604,264,0.0,0.0,0.0,0.0,0.0,0.0,84,54,607,265,607,265,509,210,0.0,0.0,0.0
True,True,0.0,0.0,592031,-1,1,-1,1,-10.9,-32,"[{'offset': 0, 'projected_percent': '-13.7', 'likelihood': -1}, {'offset': 1, 'projected_percent': '-30.7', 'likelihood': -2}, {'offset': 2, 'projected_percent': '-47.8', 'likelihood': -3}]",,False,0,3,0.0,0.0,0,Yankuba,0.0,122,False,Leg injury - Expected back 28 Nov,2026-08-14T18:00:06.418033Z,59,592031.jpg,0.0,False,Minteh,0.1,False,,i,5,36,0,170,30,4240,719,0.0,0.0,Minteh,,78.0,2024-07-01,2004-07-22,False,p592031,0,0,0,0,0,0,0,0,0,0,0,0,0,0.0,0.0,0.0,0.0,0,0,0,0,0,0.00,0.00,0.00,0.00,5.0,,,,,,[],https://www.brightonandhovealbion.com/media-article/fabian-hurzeler-reflects-on-albions-pre-season-win-over-as-roma?utm_source=premier-league-web&utm_medium=referral&utm_campaign=pl-referral-always-on&utm_term=content-card,587,254,595,259,586,251,597,259,0.0,0.0,0.0,0.0,0.0,0.0,109,70,601,261,601,261,480,197,0.0,0.0,0.0
True,True,50.0,25.0,532529,0,0,0,0,31.4,-1247,"[{'offset': 0, 'projected_percent': '28.6', 'likelihood': 2}, {'offset': 1, 'projected_percent': '11.5', 'likelihood': 1}, {'offset': 2, 'projected_percent': '-16.8', 'likelihood': -1}]",,False,1,3,4.0,2.0,0,Jack,8.0,123,False,Unspecified injury - 50% chance of playing,2026-08-27T19:30:07.780933Z,60,532529.jpg,16.0,False,Hinshelwood,1.9,False,,d,5,36,16,143536,3708,75310,37225,1.3,2.7,Hinshelwood,,241.0,2022-12-30,2005-04-11,False,p532529,63,2,0,1,0,0,0,0,0,0,0,3,54,72.8,13.4,59.0,14.5,0,1,2,3,1,1.41,0.02,1.43,0.19,,,,,,,[],https://www.brightonandhovealbion.com/media-article/match-preview-albion-head-to-chelsea-on-sunday,1,1,96,60,3,2,2,2,2.01,0.0,0.03,2.04,0.27,0.0,97,63,16,9,1,1,131,39,1.43,1.43,4.29
True,True,,,60307,0,0,0,0,-25.6,2315,"[{'offset': 0, 'projected_percent': '-21.4', 'likelihood': -2}, {'offset': 1, 'projected_percent': '5.5', 'likelihood': 1}, {'offset': 2, 'projected_percent': '37.3', 'likelihood': 2}]",,False,1,3,7.5,7.5,13,Pascal,7.5,124,False,,,55,60307.jpg,7.5,False,Groß,12.8,False,,a,5,36,15,65878,41699,131298,25425,1.4,2.7,Groß,,80.0,2026-01-02,1991-06-15,False,p60307,180,1,1,1,4,0,0,0,1,0,0,3,64,21.0,56.9,8.0,8.6,2,5,4,11,2,0.04,0.39,0.43,3.26,1.0,,1.0,,1.0,,[],,79,26,2,1,95,46,26,17,0.02,0.0,0.2,0.22,1.63,2.0,116,75,18,10,23,12,31,11,1.0,0.5,5.5
True,True,75.0,75.0,463067,0,0,0,0,1.6,-259,"[{'offset': 0, 'projected_percent': '1.0', 'likelihood': 1}, {'offset': 1, 'projected_percent': '-15.8', 'likelihood': -1}, {'offset': 2, 'projected_percent': '-37.6', 'likelihood': -2}]",,False,0,4,1.9,1.9,0,Georginio,2.5,125,False,Unspecified injury - 75% chance of playing,2026-08-26T16:00:07.608056Z,55,463067.jpg,5.0,False,Rutter,0.9,False,,d,5,36,5,26088,2201,22470,7463,0.5,0.9,Georginio,,73.0,2024-08-19,2002-04-20,False,p463067,90,0,1,1,0,0,0,0,0,0,0,0,22,19.8,11.4,15.0,4.6,1,4,2,7,1,0.08,0.44,0.52,0.29,,,,,,,[],https://www.brightonandhovealbion.com/media-article/match-preview-albion-head-to-chelsea-on-sunday,86,8,113,14,69,14,87,12,0.08,0.0,0.44,0.52,0.29,0.0,175,40,131,15,61,5,201,32,1.0,1.0,7.0
True,True,,,219249,0,0,0,0,-37.6,-10,"[{'offset': 0, 'projected_percent': '-39.9', 'likelihood': -2}, {'offset': 1, 'projected_percent': '-53.8', 'likelihood': -3}, {'offset': 2, 'projected_percent': '-67.6', 'likelihood': -3}]",,False,0,3,0.0,0.0,0,Matt,0.0,126,False,,,55,219249.jpg,0.0,False,O'Riley,0.1,False,,a,5,36,0,975,319,1862,510,0.0,0.0,O'Riley,,58.0,2024-08-26,2000-11-21,False,p219249,0,0,0,0,0,0,0,0,0,0,0,0,0,0.0,0.0,0.0,0.0,0,0,0,0,0,0.00,0.00,0.00,0.00,,,,,3.0,,[],,557,234,572,243,548,226,572,241,0.0,0.0,0.0,0.0,0.0,0.0,147,90,585,249,585,249,414,163,0.0,0.0,0.0
True,True,,,514254,0,0,0,0,9.3,1004,"[{'offset': 0, 'projected_percent': '11.6', 'likelihood': 1}, {'offset': 1, 'projected_percent': '25.3', 'likelihood': 2}, {'offset': 2, 'projected_percent': '39.1', 'likelihood': 2}]",,False,0,3,5.5,5.5,5,Diego,5.5,127,False,,,50,514254.jpg,5.5,False,Gómez Amarilla,3.9,False,,a,5,36,11,47438,23486,26614,9742,1.1,2.2,Gomez,Diego Gómez,168.0,2025-01-01,2003-03-27,False,p514254,175,0,2,1,4,0,0,0,0,0,0,0,42,33.0,25.1,41.0,9.9,3,3,5,11,2,0.57,0.64,1.21,3.26,,,5.0,,,,[],,43,19,47,31,12,7,13,10,0.29,0.0,0.33,0.62,1.68,2.06,355,207,42,21,53,26,89,28,1.03,0.51,5.66
True,False,0.0,0.0,536916,0,0,0,0,0.0,0,"[{'offset': 0, 'projected_percent': '0.0', 'likelihood': 0}, {'offset': 1, 'projected_percent': '0.0', 'likelihood': 0}, {'offset': 2, 'projected_percent': '0.0', 'likelihood': 0}]",,False,0,3,0.0,0.0,0,Facundo,0.0,128,False,Has joined Elche on loan for the rest of the season,2026-08-10T14:03:07.561436Z,50,536916.jpg,0.0,False,Buonanotte,0.0,False,,u,5,36,0,0,0,208,35,0.0,0.0,Buonanotte,,10.0,2023-01-01,2004-12-23,False,p536916,0,0,0,0,0,0,0,0,0,0,0,0,0,0.0,0.0,0.0,0.0,0,0,0,0,0,0.00,0.00,0.00,0.00,,,,,,,[],,520,212,533,221,491,189,536,219,0.0,0.0,0.0,0.0,0.0,0.0,366,216,558,233,558,233,612,267,0.0,0.0,0.0
True,True,75.0,,509416,0,0,0,0,-25.8,-359,"[{'offset': 0, 'projected_percent': '-33.3', 'likelihood': -2}, {'offset': 1, 'projected_percent': '-79.3', 'likelihood': -3}, {'offset': 2, 'projected_percent': '-125.3', 'likelihood': -5}]",,False,0,3,0.8,1.0,0,Yasin,1.0,129,False,Ankle injury - 75% chance of playing,2026-08-30T18:00:07.935334Z,55,509416.jpg,2.0,False,Ayari,0.6,False,,d,5,36,2,4560,1226,11518,3907,0.2,0.4,Ayari,,206.0,2023-01-30,2003-10-06,False,p509416,63,0,0,1,0,0,0,0,1,0,0,0,8,0.0,15.0,6.0,1.7,1,3,0,4,1,0.11,0.03,0.14,0.19,4.0,,2.0,,,,[],,574,246,81,51,121,62,201,89,0.16,0.0,0.04,0.2,0.27,0.0,195,122,250,119,177,88,239,80,1.43,1.43,5.71
True,True,,,467779,0,0,0,0,5.9,17,"[{'offset': 0, 'projected_percent': '6.0', 'likelihood': 1}, {'offset': 1, 'projected_percent': '6.2', 'likelihood': 1}, {'offset': 2, 'projected_percent': '6.4', 'likelihood': 1}]",,False,0,2,3.5,3.5,0,Mats,3.5,130,False,,,50,467779.jpg,3.5,False,Wieffer,0.5,False,,a,5,36,7,18123,4695,4928,1871,0.7,1.4,Wieffer,,152.0,2024-07-06,1999-11-16,False,p467779,156,0,0,1,4,0,0,0,0,0,0,1,40,16.6,26.3,6.0,4.9,11,9,4,15,2,0.11,0.13,0.24,3.22,,,,,,,[],,104,44,40,13,116,35,80,28,0.06,0.0,0.08,0.14,1.86,2.31,320,60,86,33,97,35,262,97,1.15,0.58,8.65
True,False,0.0,0.0,597320,0,0,0,0,0.0,-14,"[{'offset': 0, 'projected_percent': '0.0', 'likelihood': 0}, {'offset': 1, 'projected_percent': '0.0', 'likelihood': 0}, {'offset': 2, 'projected_percent': '0.0', 'likelihood': 0}]",,False,0,3,0.0,0.0,0,Harry,0.0,132,False,Has joined Leicester City on loan for the rest of the season,2026-08-17T13:53:19.019938Z,45,597320.jpg,0.0,False,Howell,0.0,False,,u,5,36,0,0,0,1904,372,0.0,0.0,Howell,,,,,False,p597320,0,0,0,0,0,0,0,0,0,0,0,0,0,0.0,0.0,0.0,0.0,0,0,0,0,0,0.00,0.00,0.00,0.00,,,,,,,[],,419,154,425,164,365,122,435,161,0.0,0.0,0.0,0.0,0.0,0.0,531,267,478,189,478,189,494,202,0.0,0.0,0.0
True,False,0.0,0.0,549074,0,0,0,0,0.0,0,"[{'offset': 0, 'projected_percent': '0.0', 'likelihood': 0}, {'offset': 1, 'projected_percent': '0.0', 'likelihood': 0}, {'offset': 2, 'projected_percent': '0.0', 'likelihood': 0}]",,False,0,3,0.0,0.0,0,Tom,0.0,133,False,Has joined Leicester City on loan for the rest of the season,2026-08-03T14:05:44.459483Z,50,549074.jpg,0.0,False,Watson,0.0,False,,u,5,36,0,0,0,70,14,0.0,0.0,Watson,,241.0,2025-06-01,2006-04-08,False,p549074,0,0,0,0,0,0,0,0,0,0,0,0,0,0.0,0.0,0.0,0.0,0,0,0,0,0,0.00,0.00,0.00,0.00,,,,,,,[],,523,215,536,224,495,193,539,222,0.0,0.0,0.0,0.0,0.0,0.0,371,221,561,236,561,236,620,272,0.0,0.0,0.0
True,True,,,556637,0,0,0,0,-10.7,12,"[{'offset': 0, 'projected_percent': '-9.7', 'likelihood': -1}, {'offset': 1, 'projected_percent': '-3.5', 'likelihood': -1}, {'offset': 2, 'projected_percent': '0.1', 'likelihood': 1}]",,False,0,3,0.0,0.0,0,Nehemiah,0.0,134,False,,,45,556637.jpg,0.0,False,Oriola,0.3,False,,a,5,36,0,2603,895,3676,896,0.0,0.0,Oriola,,241.0,2025-10-17,2007-06-11,False,p556637,0,0,0,0,0,0,0,0,0,0,0,0,0,0.0,0.0,0.0,0.0,0,0,0,0,0,0.00,0.00,0.00,0.00,,,,,,,[],,406,149,413,159,351,117,422,156,0.0,0.0,0.0,0.0,0.0,0.0,515,261,466,184,466,184,307,107,0.0,0.0,0.0
True,True,,,700308,0,0,0,0,-48.6,-23,"[{'offset': 0, 'projected_percent': '-56.7', 'likelihood': -3}, {'offset': 1, 'projected_percent': '-106.1', 'likelihood': -5}, {'offset': 2, 'projected_percent': '-155.5', 'likelihood': -5}]",,False,0,3,0.5,0.5,0,Zadok,0.5,135,False,,,50,700308.jpg,1.0,False,Yohanna,0.1,False,,a,5,36,1,505,132,1283,404,0.1,0.2,Yohanna,,157.0,2026-06-15,2007-06-29,False,p700308,12,0,0,0,0,0,0,0,0,0,0,0,3,0.2,1.3,0.0,0.2,0,0,0,0,0,0.00,0.03,0.03,0.00,,,,,,,[],,278,133,210,119,517,209,284,135,0.0,0.0,0.22,0.22,0.0,0.0,399,240,313,147,292,137,468,189,0.0,0.0,0.0
True,True,0.0,0.0,608181,0,0,0,0,-46.9,-1,"[{'offset': 0, 'projected_percent': '-48.2', 'likelihood': -3}, {'offset': 1, 'projected_percent': '-55.6', 'likelihood': -3}, {'offset': 2, 'projected_percent': '-63.0', 'likelihood': -3}]",,False,0,4,0.0,0.0,0,Stefanos,0.0,137,False,Knee injury - Unknown return date,2026-07-23T12:01:23.432796Z,55,608181.jpg,0.0,False,Tzimas,0.0,False,,i,5,36,0,102,18,316,64,0.0,0.0,Tzimas,,83.0,2025-02-03,2006-01-06,False,p608181,0,0,0,0,0,0,0,0,0,0,0,0,0,0.0,0.0,0.0,0.0,0,0,0,0,0,0.00,0.00,0.00,0.00,,,,,,,[],https://www.brightonandhovealbion.com/media-article/fabian-hurzeler-reflects-on-a-successful-training-camp?srsltid=AfmBOoq6Qw6fHwT9Mxn5PIGBhoGos01rwVude5hxVRG_7iMPpS-YkOIf&utm_source=chatgpt.com,580,55,590,61,581,61,592,62,0.0,0.0,0.0,0.0,0.0,0.0,215,45,598,66,598,66,597,72,0.0,0.0,0.0
True,True,,,647850,0,0,0,0,0.6,161,"[{'offset': 0, 'projected_percent': '1.0', 'likelihood': 1}, {'offset': 1, 'projected_percent': '3.2', 'likelihood': 1}, {'offset': 2, 'projected_percent': '5.4', 'likelihood': 1}]",,False,0,4,3.0,3.0,5,Charalampos,3.0,138,False,,,55,647850.jpg,3.0,False,Kostoulas,0.3,False,,a,5,36,6,4504,3120,3046,895,0.5,1.1,Kostoulas,,83.0,2025-07-01,2007-05-30,False,p647850,105,0,1,0,4,0,0,0,0,0,0,0,16,0.0,0.4,10.0,0.9,0,7,1,8,1,0.35,0.02,0.37,3.03,,,,,,,[],,582,56,255,29,88,17,237,23,0.3,0.0,0.02,0.32,2.6,3.43,217,46,109,13,119,18,315,53,0.86,0.0,6.86
True,True,0.0,0.0,487117,0,0,0,0,-18.9,-3,"[{'offset': 0, 'projected_percent': '-19.8', 'likelihood': -1}, {'offset': 1, 'projected_percent': '-25.2', 'likelihood': -2}, {'offset': 2, 'projected_percent': '-30.6', 'likelihood': -2}]",,False,0,4,0.0,0.0,0,Evan,0.0,139,False,Ankle injury - Expected back 10 Oct,2026-07-23T12:01:23.448357Z,50,487117.jpg,0.0,False,Ferguson,0.0,False,,i,5,36,0,521,203,871,248,0.0,0.0,Ferguson,,104.0,2021-08-23,2004-10-19,False,p487117,0,0,0,0,0,0,0,0,0,0,0,0,0,0.0,0.0,0.0,0.0,0,0,0,0,0,0.00,0.00,0.00,0.00,,,,,,,[],https://www.brightonandhovealbion.com/media-article/fabian-hurzeler-reflects-on-a-successful-training-camp?srsltid=AfmBOoq6Qw6fHwT9Mxn5PIGBhoGos01rwVude5hxVRG_7iMPpS-YkOIf&utm_source=chatgpt.com,501,39,513,47,469,46,517,48,0.0,0.0,0.0,0.0,0.0,0.0,330,55,542,56,542,56,530,69,0.0,0.0,0.0
True,True,100.0,100.0,222694,0,0,0,0,-28.9,-25,"[{'offset': 0, 'projected_percent': '-31.5', 'likelihood': -2}, {'offset': 1, 'projected_percent': '-47.4', 'likelihood': -3}, {'offset': 2, 'projected_percent': '-63.4', 'likelihood': -3}]",,False,0,2,0.0,0.0,0,Pascal,0.0,328,False,,2026-08-15T20:30:07.523574Z,50,222694.jpg,0.0,False,Struijk,0.2,False,,a,5,36,0,1857,441,3451,897,0.0,0.0,Struijk,,152.0,2026-06-30,1999-08-11,False,p222694,0,0,0,0,0,0,0,0,0,0,0,0,0,0.0,0.0,0.0,0.0,0,0,0,0,0,0.00,0.00,0.00,0.00,,,,,,,[],,471,187,480,187,428,173,487,187,0.0,0.0,0.0,0.0,0.0,0.0,281,49,517,187,517,187,326,122,0.0,0.0,0.0
True,True,,,610799,0,0,0,0,5.1,-89,"[{'offset': 0, 'projected_percent': '4.9', 'likelihood': 1}, {'offset': 1, 'projected_percent': '3.7', 'likelihood': 1}, {'offset': 2, 'projected_percent': '2.5', 'likelihood': 1}]",,False,0,2,3.0,3.0,0,Luka,3.0,504,False,,,50,610799.jpg,3.0,False,Vušković,2.5,False,,a,5,36,6,28355,7169,19399,7052,0.6,1.2,Vuskovic,,97.0,2026-07-14,2007-02-24,False,p610799,180,0,0,1,4,0,0,0,0,0,0,0,17,12.4,4.5,12.0,2.9,11,5,1,12,2,0.16,0.04,0.20,3.26,,,,,,,[],,141,66,149,44,78,22,137,54,0.08,0.0,0.02,0.1,1.63,2.0,386,75,101,38,112,41,115,45,1.0,0.5,6.0
True,True,,,538007,0,0,0,0,0.0,0,"[{'offset': 0, 'projected_percent': '0.0', 'likelihood': 0}, {'offset': 1, 'projected_percent': '0.0', 'likelihood': 0}, {'offset': 2, 'projected_percent': '0.0', 'likelihood': 0}]",2026-09-01T14:01:16.200061Z,False,0,4,0.5,0.5,1,Promise,0.5,594,False,,,60,538007.jpg,1.0,False,David,0.3,False,,a,5,36,1,3662,1143,5643,1502,0.1,0.2,David,,39.0,2026-08-18,2001-07-03,False,p538007,10,0,0,0,0,0,0,0,0,0,0,0,3,0.0,0.0,0.0,0.0,0,0,0,0,0,0.00,0.00,0.00,0.04,,,,,2.0,,[],,607,66,610,67,605,67,610,67,0.0,0.0,0.0,0.0,0.36,0.0,98,24,340,40,325,38,312,52,0.0,0.0,0.0
True,True,,,612855,0,0,0,0,0.0,0,"[{'offset': 0, 'projected_percent': '0.0', 'likelihood': 0}, {'offset': 1, 'projected_percent': '0.0', 'likelihood': 0}, {'offset': 2, 'projected_percent': '0.0', 'likelihood': 0}]",2026-09-03T13:04:41.322924Z,False,0,3,1.0,1.0,1,Ibrahim,1.0,600,False,,,50,612855.jpg,1.0,False,Osman,0.0,False,,a,5,36,2,299,81,203,60,0.2,0.4,Osman,,81.0,2024-07-01,2004-11-29,False,p612855,28,0,0,0,1,0,0,0,0,0,0,0,13,4.2,15.4,4.0,2.4,0,2,1,3,0,0.00,0.06,0.06,0.10,,,,,,,[],,221,95,78,49,136,68,157,71,0.0,0.0,0.19,0.19,0.32,3.21,387,232,240,112,287,132,565,234,0.0,0.0,9.64
True,True,,,611695,0,0,0,0,0.0,0,"[{'offset': 0, 'projected_percent': '0.0', 'likelihood': 0}, {'offset': 1, 'projected_percent': '0.0', 'likelihood': 0}, {'offset': 2, 'projected_percent': '0.0', 'likelihood': 0}]",2026-09-05T18:19:45.373499Z,False,0,3,4.5,4.5,8,Malick,4.5,605,False,,,45,611695.jpg,4.5,False,Yalcouyé,0.4,False,,a,5,36,9,27577,23238,3235,2283,1.0,2.0,Yalcouyé,,54.0,2024-07-12,2005-11-18,False,p611695,77,1,0,0,3,0,0,0,0,0,0,1,42,0.6,2.7,0.0,0.3,2,2,3,7,1,0.79,0.17,0.96,2.87,,,,,,,[],,269,126,167,98,367,123,275,129,0.92,0.0,0.2,1.12,3.35,3.51,534,268,60,30,70,34,285,93,1.17,0.0,8.18
True,True,,,512123,0,0,0,0,0.0,0,"[{'offset': 0, 'projected_percent': '0.0', 'likelihood': 0}, {'offset': 1, 'projected_percent': '0.0', 'likelihood': 0}, {'offset': 2, 'projected_percent': '0.0', 'likelihood': 0}]",2026-09-08T14:03:01.287849Z,False,0,2,1.7,1.7,0,Jaouen,0.0,614,False,,,45,512123.jpg,0.0,False,Hadjam,0.0,False,,a,5,36,0,1805,799,187,133,0.0,0.0,Hadjam,,3.0,2026-08-25,2003-03-26,False,p512123,0,0,0,0,0,0,0,0,0,0,0,0,0,0.0,0.0,0.0,0.0,0,0,0,0,0,0.00,0.00,0.00,0.00,,,,,,,[],,392,164,399,165,337,147,408,164,0.0,0.0,0.0,0.0,0.0,0.0,500,135,452,170,452,170,534,187,0.0,0.0,0.0
True,True,,,519324,0,0,0,0,0.0,0,"[{'offset': 0, 'projected_percent': '0', 'likelihood': 0}, {'offset': 1, 'projected_percent': '0', 'likelihood': 0}, {'offset': 2, 'projected_percent': '0', 'likelihood': 0}]",2026-09-12T18:33:35.104021Z,True,0,3,1.5,1.5,0,Amario,0.0,624,False,,,50,519324.jpg,0.0,False,Cozier-Duberry,0.0,False,,a,5,36,0,0,0,0,0,0.0,0.0,Cozier-Duberry,,,,,False,p519324,0,0,0,0,0,0,0,0,0,0,0,0,0,0.0,0.0,0.0,0.0,0,0,0,0,0,0.00,0.00,0.00,0.00,,,,,,,[],,517,209,530,218,488,186,533,216,0.0,0.0,0.0,0.0,0.0,0.0,359,211,555,230,555,230,625,276,0.0,0.0,0.0
True,True,,,98980,0,0,0,0,-34.4,352,"[{'offset': 0, 'projected_percent': '-32.5', 'likelihood': -2}, {'offset': 1, 'projected_percent': '-20.7', 'likelihood': -2}, {'offset': 2, 'projected_percent': '-8.9', 'likelihood': -1}]",,False,0,1,1.0,1.0,2,Emiliano,1.0,28,False,,,50,98980.jpg,2.0,False,Martínez Romero,4.3,False,,a,6,8,2,45545,16159,73394,8480,0.2,0.4,Martinez,Emiliano Martínez,10.0,2020-09-16,1992-09-02,False,p98980,90,0,0,0,3,0,0,0,0,0,4,0,18,0.0,0.0,0.0,0.0,1,13,0,0,1,0.00,0.01,0.01,1.49,,,,,,,[],,441,63,448,52,389,52,457,63,0.0,4.0,0.01,0.01,1.49,3.0,233,7,225,18,157,12,82,12,1.0,0.0,0.0
True,True,,,244850,0,0,0,0,89.3,-975,"[{'offset': 0, 'projected_percent': '87.1', 'likelihood': 3}, {'offset': 1, 'projected_percent': '73.7', 'likelihood': 3}, {'offset': 2, 'projected_percent': '60.3', 'likelihood': 3}]",,False,0,3,6.5,6.5,5,Morgan,6.5,40,False,,,75,244850.jpg,6.5,False,Rogers,26.1,False,,a,6,8,13,328300,76449,134665,62916,0.9,1.7,Rogers,,241.0,2026-07-21,2002-07-26,False,p244850,171,1,1,0,5,0,0,0,0,0,0,1,65,48.8,53.5,29.0,13.1,1,8,3,12,2,1.14,1.02,2.16,2.73,4.0,,,,,,[],,8,6,4,3,30,16,3,3,0.6,0.0,0.54,1.14,1.44,2.63,17,10,27,16,33,19,10,4,1.05,0.0,6.32
True,True,75.0,75.0,56979,0,0,0,0,-45.8,-9,"[{'offset': 0, 'projected_percent': '-49.0', 'likelihood': -3}, {'offset': 1, 'projected_percent': '-68.2', 'likelihood': -3}, {'offset': 2, 'projected_percent': '-87.5', 'likelihood': -3}]",,False,0,3,0.0,0.0,0,Jordan,0.0,101,False,Wrist injury - 75% chance of playing,2026-08-09T09:30:07.136250Z,50,56979.jpg,0.0,False,Henderson,0.0,False,,d,6,8,0,305,91,946,255,0.0,0.0,Henderson,Jordan Henderson,241.0,2026-08-03,1990-06-17,False,p56979,0,0,0,0,0,0,0,0,0,0,0,0,0,0.0,0.0,0.0,0.0,0,0,0,0,0,0.00,0.00,0.00,0.00,,,,,,,[],,438,166,444,176,385,135,454,173,0.0,0.0,0.0,0.0,0.0,0.0,227,141,495,200,495,200,517,216,0.0,0.0,0.0
True,True,100.0,100.0,50175,0,0,0,0,-120.4,-309,"[{'offset': 0, 'projected_percent': '-128.0', 'likelihood': -5}, {'offset': 1, 'projected_percent': '-174.8', 'likelihood': -5}, {'offset': 2, 'projected_percent': '-221.6', 'likelihood': -5}]",,False,0,4,0.0,0.0,0,Danny,0.0,136,False,,2026-08-20T14:00:07.949090Z,60,50175.jpg,0.0,False,Welbeck,0.9,False,,a,6,8,0,6118,2982,29400,6975,0.0,0.0,Welbeck,,241.0,2026-08-01,1990-11-26,False,p50175,0,0,0,0,0,0,0,0,0,0,0,0,0,0.0,0.0,0.0,0.0,0,0,0,0,0,0.00,0.00,0.00,0.00,,,,,,,[],,591,59,598,63,589,63,600,64,0.0,0.0,0.0,0.0,0.0,0.0,57,13,603,68,603,68,195,30,0.0,0.0,0.0
True,True,,,215059,0,0,0,0,-88.3,-916,"[{'offset': 0, 'projected_percent': '-99.1', 'likelihood': -4}, {'offset': 1, 'projected_percent': '-165.1', 'likelihood': -5}, {'offset': 2, 'projected_percent': '-231.0', 'likelihood': -5}]",,False,0,1,1.0,1.0,0,Robert,1.0,140,False,,,50,215059.jpg,2.0,False,Lynch Sánchez,2.0,False,,a,6,8,2,10104,1180,47088,19897,0.2,0.4,Sánchez,,200.0,2023-08-05,1997-11-18,False,p215059,90,0,0,0,2,0,0,0,0,0,4,0,6,21.4,0.0,0.0,2.1,1,5,0,0,1,0.00,0.01,0.01,1.33,,,,,,,[],,78,11,473,57,419,57,170,11,0.0,4.0,0.01,0.01,1.33,2.0,270,12,228,19,161,13,129,19,1.0,0.0,0.0
True,False,0.0,0.0,508479,0,0,0,0,0.0,-1,"[{'offset': 0, 'projected_percent': '0.0', 'likelihood': 0}, {'offset': 1, 'projected_percent': '0.0', 'likelihood': 0}, {'offset': 2, 'projected_percent': '0.0', 'likelihood': 0}]",,False,0,1,0.0,0.0,0,Filip,0.0,141,False,Has joined RC Strasbourg on loan for the rest of the season,2026-08-12T14:07:02.607115Z,50,508479.jpg,0.0,False,Jörgensen,0.0,False,,u,6,8,0,0,0,595,94,0.0,0.0,Jörgensen,,58.0,2024-07-30,2002-04-16,False,p508479,0,0,0,0,0,0,0,0,0,0,0,0,0,0.0,0.0,0.0,0.0,0,0,0,0,0,0.00,0.00,0.00,0.00,,,,,,,[],,515,70,528,66,485,66,531,70,0.0,0.0,0.0,0.0,0.0,0.0,352,21,553,70,553,70,581,68,0.0,0.0,0.0
True,True,,,225796,0,0,0,0,-20.4,-2047,"[{'offset': 0, 'projected_percent': '-25.4', 'likelihood': -2}, {'offset': 1, 'projected_percent': '-56.1', 'likelihood': -3}, {'offset': 2, 'projected_percent': '-86.8', 'likelihood': -3}]",,False,0,2,0.5,0.5,1,Reece,0.5,142,False,,,55,225796.jpg,0.5,False,James,9.5,False,,a,6,8,1,74926,12401,131083,49765,0.1,0.2,James,,241.0,2019-05-15,1999-12-08,False,p225796,112,0,0,0,3,0,0,0,1,0,0,0,4,23.4,16.8,19.0,5.9,6,5,0,6,1,0.10,0.07,0.17,1.47,1.0,,1.0,,,,[],,72,32,71,23,48,13,54,15,0.08,0.0,0.06,0.14,1.18,2.41,149,18,320,113,344,115,41,14,0.8,0.0,4.82
True,False,0.0,0.0,180736,0,0,0,0,0.0,-66,"[{'offset': 0, 'projected_percent': '0.0', 'likelihood': 0}, {'offset': 1, 'projected_percent': '0.0', 'likelihood': 0}, {'offset': 2, 'projected_percent': '0.0', 'likelihood': 0}]",,False,0,2,0.0,0.0,0,Trevoh,0.0,143,False,Has joined Como permanently,2026-08-10T14:03:50.769483Z,55,180736.jpg,0.0,False,Chalobah,0.1,False,,u,6,8,0,0,0,9503,1445,0.0,0.0,Chalobah,,241.0,2018-02-16,1999-07-05,False,p180736,0,0,0,0,0,0,0,0,0,0,0,0,0,0.0,0.0,0.0,0.0,0,0,0,0,0,0.00,0.00,0.00,0.00,,,,,,,[],,548,202,563,202,535,195,564,202,0.0,0.0,0.0,0.0,0.0,0.0,130,14,579,201,579,201,403,143,0.0,0.0,0.0
True,True,,,482609,0,0,0,0,1.7,-115,"[{'offset': 0, 'projected_percent': '1.5', 'likelihood': 1}, {'offset': 1, 'projected_percent': '-0.8', 'likelihood': -1}, {'offset': 2, 'projected_percent': '-14.1', 'likelihood': -1}]",,False,0,2,1.0,1.0,1,Malo,1.0,144,False,,,50,482609.jpg,1.0,False,Gusto,1.2,False,,a,6,8,2,17201,3876,15947,5000,0.2,0.4,Gusto,,73.0,2023-01-28,2003-05-19,False,p482609,165,0,0,0,5,0,0,0,0,0,0,0,1,7.2,9.8,6.0,2.3,6,7,2,8,2,0.00,0.04,0.04,2.60,,,,,,,[],,185,82,125,38,117,36,162,63,0.0,0.0,0.02,0.02,1.42,2.73,326,62,235,83,272,103,174,72,1.09,0.0,4.36
True,True,100.0,100.0,444463,0,0,0,0,0.0,0,"[{'offset': 0, 'projected_percent': '0.0', 'likelihood': 0}, {'offset': 1, 'projected_percent': '0.0', 'likelihood': 0}, {'offset': 2, 'projected_percent': '0.0', 'likelihood': 0}]",2026-09-01T21:00:07.689883Z,False,0,2,0.0,0.0,0,Wesley,0.0,145,False,,2026-07-23T12:01:23.464591Z,50,444463.jpg,0.0,False,Fofana,0.1,False,,a,6,8,0,1741,928,566,305,0.0,0.0,Fofana,Wesley Fofana,73.0,2022-08-31,2000-12-17,False,p444463,67,0,0,0,2,0,0,0,1,0,0,0,-2,0.0,0.0,0.0,0.0,9,0,0,9,1,0.00,0.01,0.01,1.35,,,,,,,[],,487,190,497,190,450,178,503,190,0.0,0.0,0.01,0.01,1.81,2.69,306,55,531,190,531,190,489,172,1.34,0.0,12.09
True,False,0.0,0.0,242880,0,0,0,0,0.0,-8,"[{'offset': 0, 'projected_percent': '0.0', 'likelihood': 0}, {'offset': 1, 'projected_percent': '0.0', 'likelihood': 0}, {'offset': 2, 'projected_percent': '0.0', 'likelihood': 0}]",,False,0,2,0.0,0.0,0,Benoît,0.0,146,False,Has joined Napoli on loan for the rest of the season,2026-08-25T14:03:47.079414Z,45,242880.jpg,0.0,False,Badiashile Mukinayi,0.0,False,,u,6,8,0,232,0,1097,297,0.0,0.0,B.Badiashile,,73.0,2023-01-05,2001-03-26,False,p242880,0,0,0,0,0,0,0,0,0,0,0,0,0,0.0,0.0,0.0,0.0,0,0,0,0,0,0.00,0.00,0.00,0.00,,,,,,,[],,369,153,374,157,305,134,386,154,0.0,0.0,0.0,0.0,0.0,0.0,461,115,431,161,431,161,558,193,0.0,0.0,0.0
True,True,,,109646,0,0,0,0,-58.8,-33,"[{'offset': 0, 'projected_percent': '-62.8', 'likelihood': -3}, {'offset': 1, 'projected_percent': '-87.8', 'likelihood': -3}, {'offset': 2, 'projected_percent': '-112.8', 'likelihood': -5}]",,False,0,2,0.0,0.0,0,Tosin,0.0,147,False,,,45,109646.jpg,0.0,False,Adarabioyo,0.2,False,,a,6,8,0,339,76,2755,635,0.0,0.0,Tosin,,241.0,2024-07-01,1997-09-24,False,p109646,0,0,0,0,0,0,0,0,0,0,0,0,0,0.0,0.0,0.0,0.0,0,0,0,0,0,0.00,0.00,0.00,0.00,,,,,,,[],,345,141,348,144,275,117,362,142,0.0,0.0,0.0,0.0,0.0,0.0,419,86,412,154,412,154,352,131,0.0,0.0,0.0
True,True,,,551210,0,0,0,0,1.4,149,"[{'offset': 0, 'projected_percent': '1.7', 'likelihood': 1}, {'offset': 1, 'projected_percent': '3.8', 'likelihood': 1}, {'offset': 2, 'projected_percent': '5.8', 'likelihood': 1}]",,False,0,2,2.5,2.5,4,Jorrel,2.5,148,False,,,45,551210.jpg,2.5,False,Hato,0.5,False,,a,6,8,5,10379,6021,6502,2018,0.6,1.1,Hato,,152.0,2025-08-03,2006-03-07,False,p551210,154,0,1,0,5,0,0,0,0,0,0,0,17,8.4,12.3,11.0,3.2,5,5,4,9,2,0.01,0.09,0.10,2.54,,,,,,,[],,175,76,101,30,82,26,125,47,0.01,0.0,0.05,0.06,1.48,2.92,512,140,123,44,132,47,255,96,1.17,0.0,5.26
True,True,,,460028,0,0,0,0,-30.2,-238,"[{'offset': 0, 'projected_percent': '-34.0', 'likelihood': -2}, {'offset': 1, 'projected_percent': '-57.4', 'likelihood': -3}, {'offset': 2, 'projected_percent': '-80.8', 'likelihood': -3}]",,False,0,2,0.5,0.5,1,Levi,0.5,149,False,,,50,460028.jpg,0.5,False,Samuels Colwill,1.5,False,,a,6,8,1,13704,3133,25672,7893,0.1,0.2,Colwill,,241.0,2022-07-01,2003-02-26,False,p460028,161,0,0,0,4,0,0,0,1,0,0,0,8,6.0,1.6,7.0,1.5,10,5,3,13,2,0.01,0.03,0.04,2.72,,,,,,,[],,201,88,195,60,105,31,208,81,0.01,0.0,0.02,0.03,1.52,2.24,313,58,295,108,340,112,159,63,1.12,0.0,7.27
True,False,0.0,,574458,0,0,0,0,0.0,-34,"[{'offset': 0, 'projected_percent': '0.0', 'likelihood': 0}, {'offset': 1, 'projected_percent': '0.0', 'likelihood': 0}, {'offset': 2, 'projected_percent': '0.0', 'likelihood': 0}]",,False,0,2,0.0,0.0,0,Mamadou,0.0,150,False,Has joined Real Sociedad on loan for the rest of the season,2026-08-29T00:34:23.077418Z,45,574458.jpg,0.0,False,Sarr,0.1,False,,u,6,8,0,429,24,2363,1414,0.0,0.0,M.Sarr,Mamadou Sarr,189.0,2025-06-09,2005-08-29,False,p574458,0,0,0,0,0,0,0,0,0,0,0,0,0,0.0,0.0,0.0,0.0,0,0,0,0,0,0.00,0.00,0.00,0.00,,,,,,,[],,412,170,418,171,357,153,428,170,0.0,0.0,0.0,0.0,0.0,0.0,521,142,471,176,471,176,473,167,0.0,0.0,0.0
True,True,,,577016,0,0,0,0,2.3,-16,"[{'offset': 0, 'projected_percent': '2.2', 'likelihood': 1}, {'offset': 1, 'projected_percent': '2.0', 'likelihood': 1}, {'offset': 2, 'projected_percent': '1.8', 'likelihood': 1}]",,False,0,2,2.0,2.0,1,Josh,2.0,151,False,,,45,577016.jpg,2.0,False,Acheampong,0.4,False,,a,6,8,4,10330,2265,5077,1943,0.4,0.9,Acheampong,,241.0,2024-03-10,2006-05-05,False,p577016,112,0,0,0,3,0,0,0,0,0,0,0,12,33.2,2.2,2.0,3.7,12,6,6,18,1,0.00,0.01,0.01,1.47,,,,,,,[],,41,14,180,54,163,59,112,40,0.0,0.0,0.01,0.01,1.18,2.41,524,144,146,53,154,55,277,107,0.8,0.0,14.46
True,True,75.0,75.0,620109,-1,1,-1,1,-9.8,-851,"[{'offset': 0, 'projected_percent': '-13.2', 'likelihood': -1}, {'offset': 1, 'projected_percent': '-33.9', 'likelihood': -2}, {'offset': 2, 'projected_percent': '-54.7', 'likelihood': -3}]",,False,0,2,0.0,0.0,0,Marco,0.0,152,False,Unspecified injury - 75% chance of playing,2026-08-24T18:30:07.421239Z,54,620109.jpg,0.0,False,Palestra,1.9,False,,d,6,8,0,5255,295,93602,23665,0.0,0.0,Palestra,,106.0,2026-07-01,2005-03-03,False,p620109,0,0,0,0,0,0,0,0,0,0,0,0,0,0.0,0.0,0.0,0.0,0,0,0,0,0,0.00,0.00,0.00,0.00,,,,,,,[],https://www.chelseafc.com/en/news/article/xabi-alonso-explains-marco-palestra-and-moises-caicedo-absences-against?utm_source=chatgpt.com,543,201,556,201,525,194,559,201,0.0,0.0,0.0,0.0,0.0,0.0,226,34,575,200,575,200,137,55,0.0,0.0,0.0
True,True,100.0,100.0,244851,1,-1,1,-1,6.1,808,"[{'offset': 0, 'projected_percent': '6.7', 'likelihood': 1}, {'offset': 1, 'projected_percent': '10.8', 'likelihood': 1}, {'offset': 2, 'projected_percent': '14.9', 'likelihood': 1}]",,False,1,3,10.0,10.0,7,Cole,10.0,154,True,,2026-08-24T22:00:07.971542Z,96,244851.jpg,10.0,False,Palmer,17.5,False,,a,6,8,20,502148,125276,69481,37521,1.0,2.1,Palmer,,241.0,2023-09-01,2002-05-06,False,p244851,172,2,1,0,5,0,0,0,0,0,0,3,88,65.2,41.3,54.0,16.1,2,11,4,17,2,0.94,0.37,1.31,2.73,,,3.0,,1.0,,[],,2,2,14,12,5,4,1,1,0.49,0.0,0.19,0.68,1.43,2.62,3,2,6,3,10,5,21,8,1.05,0.0,8.9
True,True,,,448047,-1,1,-1,1,-19.6,-1895,"[{'offset': 0, 'projected_percent': '-26.2', 'likelihood': -2}, {'offset': 1, 'projected_percent': '-66.4', 'likelihood': -3}, {'offset': 2, 'projected_percent': '-106.6', 'likelihood': -5}]",,False,0,3,0.5,0.5,0,Enzo,0.5,155,False,,,69,448047.jpg,1.0,False,Fernández,3.9,False,,a,6,8,1,17557,2603,131527,42362,0.1,0.1,Enzo,,10.0,2023-01-31,2001-01-17,False,p448047,25,0,0,0,0,0,0,0,0,0,0,0,6,3.4,12.0,0.0,1.5,0,3,0,3,0,0.00,0.02,0.02,0.28,3.0,,2.0,,2.0,,[],,236,105,106,64,620,274,212,95,0.0,0.0,0.07,0.07,1.01,0.0,30,19,348,169,333,165,90,29,0.0,0.0,10.8
True,True,,,247632,0,0,0,0,-65.2,166,"[{'offset': 0, 'projected_percent': '-62.1', 'likelihood': -3}, {'offset': 1, 'projected_percent': '-42.5', 'likelihood': -3}, {'offset': 2, 'projected_percent': '-23.0', 'likelihood': -2}]",,False,0,3,4.0,4.0,7,Pedro,4.0,156,False,,,65,247632.jpg,4.0,False,Lomba Neto,1.2,False,,a,6,8,8,12079,6444,29034,5672,0.6,1.2,Neto,Pedro Neto,173.0,2024-08-11,2000-03-09,False,p247632,81,1,0,0,2,0,0,0,0,0,0,0,41,5.2,4.1,4.0,1.3,3,4,1,8,1,0.44,0.40,0.84,1.57,2.0,,4.0,,,,[],,212,88,152,90,144,73,227,102,0.49,0.0,0.44,0.93,1.74,2.22,38,25,83,38,94,41,176,52,1.11,0.0,8.89
True,True,,,624773,0,0,0,0,-128.8,-502,"[{'offset': 0, 'projected_percent': '-140.0', 'likelihood': -5}, {'offset': 1, 'projected_percent': '-208.5', 'likelihood': -5}, {'offset': 2, 'projected_percent': '-277.1', 'likelihood': -5}]",,False,0,3,0.5,0.5,0,Estêvão,0.5,157,False,,,65,624773.jpg,1.0,False,Almeida de Oliveira Gonçalves,1.0,False,,a,6,8,1,7051,1487,34324,10540,0.1,0.2,Estêvão,Estêvão,30.0,2025-07-14,2007-04-24,False,p624773,7,0,0,0,0,0,0,0,0,0,0,0,3,0.2,0.4,0.0,0.1,0,1,0,1,0,0.00,0.00,0.00,0.09,5.0,,,,3.0,,[],,279,134,256,135,618,272,295,141,0.0,0.0,0.0,0.0,1.16,0.0,49,33,347,168,332,164,187,59,0.0,0.0,12.86
True,True,,,463936,0,0,0,0,-105.5,-24,"[{'offset': 0, 'projected_percent': '-122.6', 'likelihood': -5}, {'offset': 1, 'projected_percent': '-227.8', 'likelihood': -5}, {'offset': 2, 'projected_percent': '-333.0', 'likelihood': -5}]",,False,0,3,0.0,0.0,0,Jamie,0.0,158,False,,,60,463936.jpg,0.0,False,Bynoe-Gittens,0.0,False,,a,6,8,0,365,94,1073,300,0.0,0.0,Gittens,,241.0,2025-07-05,2004-08-08,False,p463936,0,0,0,0,0,0,0,0,0,0,0,0,0,0.0,0.0,0.0,0.0,0,0,0,0,0,0.00,0.00,0.00,0.00,,,,,,,[],,603,263,606,265,599,258,606,265,0.0,0.0,0.0,0.0,0.0,0.0,86,55,609,266,609,266,527,219,0.0,0.0,0.0
True,True,75.0,75.0,486672,-1,1,-1,1,-7.3,-1094,"[{'offset': 0, 'projected_percent': '-10.5', 'likelihood': -1}, {'offset': 1, 'projected_percent': '-29.8', 'likelihood': -2}, {'offset': 2, 'projected_percent': '-49.1', 'likelihood': -3}]",,False,0,3,0.4,0.4,1,Moisés,0.5,159,False,Unspecified injury - 75% chance of playing,2026-08-30T16:00:08.393562Z,54,486672.jpg,1.0,False,Caicedo Corozo,2.6,False,,d,6,8,1,10991,1510,127839,29516,0.1,0.2,Caicedo,Moisés Caicedo,62.0,2023-08-14,2001-11-02,False,p486672,13,0,0,0,0,0,0,0,0,0,0,0,3,0.0,0.0,0.0,0.0,0,0,0,0,0,0.00,0.00,0.00,0.09,,,,,,,[],,540,225,553,234,522,211,556,232,0.0,0.0,0.0,0.0,0.62,0.0,223,138,316,149,295,139,114,35,0.0,0.0,0.0
True,True,,,514356,0,0,0,0,1.1,146,"[{'offset': 0, 'projected_percent': '1.4', 'likelihood': 1}, {'offset': 1, 'projected_percent': '3.4', 'likelihood': 1}, {'offset': 2, 'projected_percent': '5.4', 'likelihood': 1}]",,False,0,3,4.0,4.0,7,Roméo,4.0,161,False,,,50,514356.jpg,4.0,False,Lavia,0.1,False,,a,6,8,8,3844,2671,1416,497,0.8,1.6,Lavia,,21.0,2023-08-18,2004-01-06,False,p514356,131,1,0,0,4,0,0,0,1,0,0,0,40,13.6,21.9,33.0,6.9,5,7,4,16,2,0.75,0.03,0.78,2.40,,,,,,,[],,130,43,55,36,24,11,44,26,0.52,0.0,0.02,0.54,1.65,2.75,356,208,80,36,88,39,427,170,1.37,0.0,10.99
True,True,,,491007,0,0,0,0,-37.1,-8,"[{'offset': 0, 'projected_percent': '-38.0', 'likelihood': -2}, {'offset': 1, 'projected_percent': '-44.1', 'likelihood': -3}, {'offset': 2, 'projected_percent': '-50.1', 'likelihood': -3}]",,False,0,3,0.0,0.0,0,Dário,0.0,163,False,,,45,491007.jpg,0.0,False,Luís Essugo,0.2,False,,a,6,8,0,1826,574,3745,858,0.0,0.0,D.Essugo,Dário Essugo,173.0,2025-06-02,2005-03-14,False,p491007,0,0,0,0,0,0,0,0,0,0,0,0,0,0.0,0.0,0.0,0.0,0,0,0,0,0,0.00,0.00,0.00,0.00,,,,,,,[],,383,142,390,152,328,110,399,149,0.0,0.0,0.0,0.0,0.0,0.0,491,254,443,177,443,177,349,129,0.0,0.0,0.0
True,True,100.0,100.0,593117,0,0,0,0,-105.8,-19,"[{'offset': 0, 'projected_percent': '-116.6', 'likelihood': -5}, {'offset': 1, 'projected_percent': '-182.9', 'likelihood': -5}, {'offset': 2, 'projected_percent': '-249.3', 'likelihood': -5}]",,False,0,3,0.5,0.5,0,Geovany,0.5,164,False,,2026-07-24T20:30:10.609931Z,55,593117.jpg,1.0,False,Quenda,0.0,False,,a,6,8,1,312,81,1186,366,0.1,0.2,Quenda,Geovany Quenda,173.0,2026-06-15,2007-04-30,False,p593117,8,0,0,0,0,0,0,0,0,0,0,0,2,1.2,0.3,2.0,0.4,1,0,0,1,0,0.00,0.00,0.00,0.09,,,,,,,[],,264,122,265,140,181,91,270,126,0.0,0.0,0.0,0.0,1.01,0.0,214,135,331,156,314,151,504,209,0.0,0.0,11.25
True,True,,,475168,0,0,1,-1,53.6,3534,"[{'offset': 0, 'projected_percent': '61.5', 'likelihood': 3}, {'offset': 1, 'projected_percent': '110.1', 'likelihood': 5}, {'offset': 2, 'projected_percent': '158.6', 'likelihood': 5}]",,False,1,4,10.0,10.0,9,João Pedro,10.0,165,True,,,76,475168.jpg,10.0,False,Junqueira de Jesus,69.1,False,,a,6,8,20,520725,115537,56643,28478,1.3,2.6,João Pedro,João Pedro,30.0,2025-07-02,2001-09-26,False,p475168,180,2,2,0,5,1,0,0,0,0,0,4,89,51.2,23.0,37.0,11.1,1,4,1,6,2,1.85,0.10,1.95,2.82,,,,,,,[],,5,1,53,3,19,7,11,2,0.92,0.0,0.05,0.97,1.41,2.5,14,5,5,1,9,1,2,2,1.0,0.0,3.0
True,True,,,499309,0,0,0,0,-49.1,-41,"[{'offset': 0, 'projected_percent': '-51.3', 'likelihood': -3}, {'offset': 1, 'projected_percent': '-64.9', 'likelihood': -3}, {'offset': 2, 'projected_percent': '-78.5', 'likelihood': -3}]",,False,0,4,0.0,0.0,0,Marc,0.0,168,False,,,50,499309.jpg,0.0,False,Guiu Paz,0.4,False,,a,6,8,0,3185,1007,8412,2266,0.0,0.0,Marc Guiu,,200.0,2024-07-01,2006-01-04,False,p499309,0,0,0,0,0,0,0,0,0,0,0,0,0,0.0,0.0,0.0,0.0,0,0,0,0,0,0.00,0.00,0.00,0.00,,,,,,,[],,512,40,525,48,482,47,528,49,0.0,0.0,0.0,0.0,0.0,0.0,345,56,551,57,551,57,269,46,0.0,0.0,0.0
True,True,,,567119,0,0,0,0,-6.0,37,"[{'offset': 0, 'projected_percent': '-3.6', 'likelihood': -1}, {'offset': 1, 'projected_percent': '0.4', 'likelihood': 1}, {'offset': 2, 'projected_percent': '0.9', 'likelihood': 1}]",,False,0,4,0.0,0.0,0,Shumaira,0.0,169,False,,,45,567119.jpg,0.0,False,Mheuka,0.4,False,,a,6,8,0,4759,1830,5914,1505,0.0,0.0,Mheuka,,,,,False,p567119,0,0,0,0,0,0,0,0,0,0,0,0,0,0.0,0.0,0.0,0.0,0,0,0,0,0,0.00,0.00,0.00,0.00,,,,,,,[],,409,31,415,38,354,37,425,40,0.0,0.0,0.0,0.0,0.0,0.0,518,69,468,48,468,48,286,49,0.0,0.0,0.0
True,True,100.0,100.0,503037,0,0,0,0,-31.9,-14,"[{'offset': 0, 'projected_percent': '-34.1', 'likelihood': -2}, {'offset': 1, 'projected_percent': '-47.6', 'likelihood': -3}, {'offset': 2, 'projected_percent': '-61.1', 'likelihood': -3}]",,False,0,4,0.0,0.0,0,Emmanuel,0.0,170,False,,2026-07-24T20:30:10.622380Z,50,503037.jpg,0.0,False,Emegha,0.1,False,,a,6,8,0,2103,653,3354,1020,0.0,0.0,Emegha,,152.0,2026-06-15,2003-02-03,False,p503037,0,0,0,0,0,0,0,0,0,0,0,0,0,0.0,0.0,0.0,0.0,0,0,0,0,0,0.00,0.00,0.00,0.00,,,,,,,[],,514,41,527,49,484,48,530,50,0.0,0.0,0.0,0.0,0.0,0.0,350,57,552,58,552,58,380,55,0.0,0.0,0.0
True,True,,,437499,0,0,0,0,4.2,-1139,"[{'offset': 0, 'projected_percent': '1.7', 'likelihood': 1}, {'offset': 1, 'projected_percent': '-15.6', 'likelihood': -1}, {'offset': 2, 'projected_percent': '-33.0', 'likelihood': -2}]",,False,0,2,3.5,3.5,1,Maxence,3.5,200,False,,,60,437499.jpg,3.5,False,Lacroix,9.3,False,,a,6,8,7,80051,16529,76138,31331,0.6,1.2,Lacroix,,73.0,2026-07-30,2000-04-06,False,p437499,180,0,1,0,5,0,0,0,0,0,0,0,22,44.2,11.2,2.0,5.7,15,3,6,21,2,0.02,0.20,0.22,2.82,,,,,,,[],,15,5,120,36,184,63,58,17,0.01,0.0,0.1,0.11,1.41,2.5,77,8,90,34,100,36,43,16,1.0,0.0,10.5
True,True,,,549939,0,0,0,0,-38.5,-13,"[{'offset': 0, 'projected_percent': '-42.7', 'likelihood': -3}, {'offset': 1, 'projected_percent': '-68.2', 'likelihood': -3}, {'offset': 2, 'projected_percent': '-93.7', 'likelihood': -3}]",,False,0,1,0.0,0.0,0,Mike,0.0,560,False,,,45,549939.jpg,0.0,False,Penders,0.1,False,,a,6,8,0,530,135,1120,355,0.0,0.0,Penders,,21.0,2024-08-27,2005-07-31,False,p549939,0,0,0,0,0,0,0,0,0,0,0,0,0,0.0,0.0,0.0,0.0,0,0,0,0,0,0.00,0.00,0.00,0.00,,,,,,,[],,402,60,409,48,347,48,418,60,0.0,0.0,0.0,0.0,0.0,0.0,510,47,462,61,462,61,466,51,0.0,0.0,0.0
True,True,100.0,100.0,622758,0,0,0,0,-5.6,4,"[{'offset': 0, 'projected_percent': '-1.1', 'likelihood': -1}, {'offset': 1, 'projected_percent': '0.0', 'likelihood': 0}, {'offset': 2, 'projected_percent': '0.1', 'likelihood': 1}]",,False,0,2,0.0,0.0,0,Aaron,0.0,561,False,,2026-08-23T19:00:08.536705Z,45,622758.jpg,0.0,False,Anselmino,0.0,False,,a,6,8,0,180,58,517,71,0.0,0.0,Anselmino,,10.0,2024-08-08,2005-04-29,False,p622758,0,0,0,0,0,0,0,0,0,0,0,0,0,0.0,0.0,0.0,0.0,0,0,0,0,0,0.00,0.00,0.00,0.00,,,,,,,[],,426,174,432,175,373,158,442,174,0.0,0.0,0.0,0.0,0.0,0.0,540,149,483,179,483,179,559,194,0.0,0.0,0.0
True,True,,,543158,0,0,0,0,-37.5,-9,"[{'offset': 0, 'projected_percent': '-39.0', 'likelihood': -2}, {'offset': 1, 'projected_percent': '-48.3', 'likelihood': -3}, {'offset': 2, 'projected_percent': '-57.6', 'likelihood': -3}]",,False,0,3,0.5,0.5,1,Valentín,0.5,568,False,,,55,543158.jpg,1.0,False,Barco,0.1,False,,a,6,8,1,973,445,2174,513,0.1,0.2,Barco,,10.0,2026-08-02,2004-07-23,False,p543158,8,0,0,0,1,0,0,0,0,0,0,0,1,0.0,0.0,0.0,0.0,1,0,0,1,0,0.04,0.00,0.04,0.06,,,,,,,[],,575,247,587,254,574,244,587,252,0.45,0.0,0.0,0.45,0.68,11.25,198,125,327,153,310,147,387,150,0.0,0.0,11.25
True,True,,,465920,0,0,0,0,-84.4,-15,"[{'offset': 0, 'projected_percent': '-92.8', 'likelihood': -3}, {'offset': 1, 'projected_percent': '-143.9', 'likelihood': -5}, {'offset': 2, 'projected_percent': '-195.0', 'likelihood': -5}]",,False,0,3,0.0,0.0,0,Mykhailo,0.0,578,False,,,55,465920.jpg,0.0,False,Mudryk,0.0,False,,a,6,8,0,302,68,1347,371,0.0,0.0,Mudryk,,225.0,2023-01-15,2001-01-05,False,p465920,0,0,0,0,0,0,0,0,0,0,0,0,0,0.0,0.0,0.0,0.0,0,0,0,0,0,0.00,0.00,0.00,0.00,,,,,,,[],,568,241,581,249,566,238,582,247,0.0,0.0,0.0,0.0,0.0,0.0,179,110,591,254,591,254,503,208,0.0,0.0,0.0
True,True,,,498444,0,0,0,0,-33.4,-53,"[{'offset': 0, 'projected_percent': '-39.8', 'likelihood': -2}, {'offset': 1, 'projected_percent': '-79.0', 'likelihood': -3}, {'offset': 2, 'projected_percent': '-118.2', 'likelihood': -5}]",,False,0,2,1.0,1.0,1,Pep,1.0,583,False,,,50,498444.jpg,1.0,False,Chavarría,0.2,False,,a,6,8,2,1324,243,3588,1030,0.2,0.4,Chavarria,,200.0,2026-08-12,1998-04-10,False,p498444,43,0,0,0,1,0,0,0,0,0,0,0,4,2.4,0.2,2.0,0.5,3,2,1,4,0,0.00,0.02,0.02,0.38,,,,,,,[],,243,96,270,99,172,61,257,95,0.0,0.0,0.04,0.04,0.8,2.09,344,69,237,84,276,104,346,130,0.0,0.0,8.37
True,True,,,231065,0,0,0,0,-24.9,-4,"[{'offset': 0, 'projected_percent': '-26.0', 'likelihood': -2}, {'offset': 1, 'projected_percent': '-32.5', 'likelihood': -2}, {'offset': 2, 'projected_percent': '-39.1', 'likelihood': -2}]",,False,0,2,0.5,0.5,1,Ethan,0.5,91,False,,,45,231065.jpg,1.0,False,Pinnock,0.1,False,,a,7,9,1,778,204,1294,323,0.1,0.2,Pinnock,,107.0,2026-08-26,1993-05-29,False,p231065,12,0,0,0,1,0,0,0,0,0,0,0,-1,0.0,0.0,0.0,0.0,2,0,0,2,0,0.00,0.00,0.00,0.54,,,,,,,[],,365,150,369,154,300,131,382,151,0.0,0.0,0.0,0.0,4.05,7.5,455,111,273,95,240,86,455,162,0.0,0.0,15.0
True,True,,,428580,0,0,0,0,0.2,-19,"[{'offset': 0, 'projected_percent': '0.2', 'likelihood': 1}, {'offset': 1, 'projected_percent': '-4.0', 'likelihood': -1}, {'offset': 2, 'projected_percent': '-21.9', 'likelihood': -2}]",,False,0,3,1.0,1.0,0,Frank,1.0,104,False,,,50,428580.jpg,2.0,False,Onyeka,0.2,False,,a,7,9,2,2592,136,2517,917,0.2,0.4,Onyeka,,157.0,2026-07-01,1998-01-01,False,p428580,90,0,0,0,3,0,0,0,0,0,0,0,8,3.6,1.6,0.0,0.5,3,5,1,9,1,0.00,0.01,0.01,1.88,,,,,,,[],,232,102,194,113,443,165,255,115,0.0,0.0,0.01,0.01,1.88,3.0,298,180,232,107,164,77,371,141,1.0,0.0,9.0
True,True,,,472739,0,0,0,0,2.9,-61,"[{'offset': 0, 'projected_percent': '2.7', 'likelihood': 1}, {'offset': 1, 'projected_percent': '1.9', 'likelihood': 1}, {'offset': 2, 'projected_percent': '1.1', 'likelihood': 1}]",,False,0,1,1.5,1.5,2,Carl,1.5,110,False,,,45,472739.jpg,1.5,False,Rushworth,1.2,False,,a,7,9,3,12685,754,8956,4284,0.3,0.7,Rushworth,,241.0,2026-08-04,2001-07-02,False,p472739,180,0,0,0,4,0,0,0,0,0,3,0,10,14.2,0.0,0.0,1.4,2,20,0,0,2,0.00,0.01,0.01,2.60,,,,,,,[],,121,17,384,41,321,41,216,17,0.0,1.5,0.0,0.0,1.3,2.0,482,40,175,12,193,14,179,27,1.0,0.0,0.0
True,True,,,484389,0,0,0,0,-10.0,0,"[{'offset': 0, 'projected_percent': '-10.0', 'likelihood': -1}, {'offset': 1, 'projected_percent': '-10.0', 'likelihood': -1}, {'offset': 2, 'projected_percent': '-10.0', 'likelihood': -1}]",,False,0,1,0.0,0.0,0,Oliver,0.0,171,False,,,40,484389.jpg,0.0,False,Dovin,1.5,False,,a,7,9,0,4629,1995,8684,2273,0.0,0.0,Dovin,,206.0,2024-07-19,2002-07-11,False,p484389,0,0,0,0,0,0,0,0,0,0,0,0,0,0.0,0.0,0.0,0.0,0,0,0,0,0,0.00,0.00,0.00,0.00,,,,,,,[],,311,39,311,19,232,19,328,39,0.0,0.0,0.0,0.0,0.0,0.0,596,67,379,40,379,40,153,22,0.0,0.0,0.0
True,True,,,110690,0,0,0,0,-42.2,-45,"[{'offset': 0, 'projected_percent': '-44.6', 'likelihood': -3}, {'offset': 1, 'projected_percent': '-59.2', 'likelihood': -3}, {'offset': 2, 'projected_percent': '-73.8', 'likelihood': -3}]",,False,0,1,0.0,0.0,0,Ben,0.0,172,False,,,45,110690.jpg,0.0,False,Wilson,0.4,False,,a,7,9,0,282,55,4529,1089,0.0,0.0,Wilson,,241.0,2019-07-01,1992-08-09,False,p110690,0,0,0,0,0,0,0,0,0,0,0,0,0,0.0,0.0,0.0,0.0,0,0,0,0,0,0.00,0.00,0.00,0.00,,,,,,,[],,346,47,349,29,276,29,363,47,0.0,0.0,0.0,0.0,0.0,0.0,420,28,413,48,413,48,266,36,0.0,0.0,0.0
True,True,,,461102,0,0,0,0,9.6,368,"[{'offset': 0, 'projected_percent': '10.5', 'likelihood': 1}, {'offset': 1, 'projected_percent': '15.5', 'likelihood': 1}, {'offset': 2, 'projected_percent': '20.6', 'likelihood': 2}]",,False,0,2,5.5,5.5,8,Bobby,5.5,173,False,,,40,461102.jpg,5.5,False,Thomas,8.0,False,,a,7,9,11,61355,23244,35610,11720,1.4,2.8,Thomas,,241.0,2023-07-22,2001-01-30,False,p461102,167,0,0,1,3,0,0,0,0,0,0,2,39,23.2,11.2,1.0,3.5,18,8,1,19,2,0.02,0.02,0.04,2.06,,,,,,,[],,73,33,119,35,189,65,115,42,0.01,0.0,0.01,0.02,1.11,1.62,592,178,39,14,50,18,51,20,1.08,0.54,10.24
True,True,,,436761,0,0,0,0,-36.1,-54,"[{'offset': 0, 'projected_percent': '-38.1', 'likelihood': -2}, {'offset': 1, 'projected_percent': '-50.4', 'likelihood': -3}, {'offset': 2, 'projected_percent': '-62.7', 'likelihood': -3}]",,False,0,2,0.0,0.0,0,Liam,0.0,174,False,,,40,436761.jpg,0.0,False,Kitching,0.6,False,,a,7,9,0,684,164,6293,1507,0.0,0.0,Kitching,,241.0,2023-09-01,1999-09-25,False,p436761,0,0,0,0,0,0,0,0,0,0,0,0,0,0.0,0.0,0.0,0.0,0,0,0,0,0,0.00,0.00,0.00,0.00,,,,,,,[],,304,112,304,114,223,80,321,113,0.0,0.0,0.0,0.0,0.0,0.0,585,173,372,126,372,126,235,88,0.0,0.0,0.0
True,True,,,451284,0,0,0,0,-4.6,-294,"[{'offset': 0, 'projected_percent': '-5.2', 'likelihood': -1}, {'offset': 1, 'projected_percent': '-8.5', 'likelihood': -1}, {'offset': 2, 'projected_percent': '-11.8', 'likelihood': -1}]",,False,0,2,1.5,1.5,2,Milan,1.5,175,False,,,40,451284.jpg,1.5,False,van Ewijk,12.7,False,,a,7,9,3,45347,10896,79678,29820,0.4,0.8,van Ewijk,,152.0,2023-07-27,2000-09-08,False,p451284,180,0,0,0,4,0,0,0,0,0,0,0,7,10.6,2.0,2.0,1.5,7,6,2,9,2,0.00,0.20,0.20,2.60,,,,,,,[],,157,72,186,56,157,53,206,79,0.0,0.0,0.1,0.1,1.3,2.0,590,176,171,59,190,61,32,11,1.0,0.0,4.5
True,True,,,173878,0,0,0,0,-2.2,-24,"[{'offset': 0, 'projected_percent': '-2.9', 'likelihood': -1}, {'offset': 1, 'projected_percent': '-7.1', 'likelihood': -1}, {'offset': 2, 'projected_percent': '-11.3', 'likelihood': -1}]",,False,0,2,1.5,1.5,2,Jay,1.5,176,False,,,40,173878.jpg,1.5,False,Dasilva,0.8,False,,a,7,9,3,3796,572,5463,1409,0.4,0.8,Dasilva,,244.0,2023-07-01,1998-04-22,False,p173878,180,0,0,0,4,0,0,0,0,0,0,0,11,13.8,3.8,0.0,1.8,7,4,2,9,2,0.18,0.07,0.25,2.60,,,,,,,[],,124,56,154,45,212,72,188,73,0.09,0.0,0.04,0.13,1.3,2.0,570,161,170,58,189,60,215,80,1.0,0.0,4.5
True,True,0.0,0.0,465390,0,0,0,0,-29.5,-15,"[{'offset': 0, 'projected_percent': '-31.8', 'likelihood': -2}, {'offset': 1, 'projected_percent': '-46.4', 'likelihood': -3}, {'offset': 2, 'projected_percent': '-61.0', 'likelihood': -3}]",,False,0,2,0.0,0.0,0,Kaine,0.0,177,False,Hamstring injury - Unknown return date,2026-08-27T14:56:28.704361Z,40,465390.jpg,0.0,False,Kesler-Hayden,0.1,False,,i,7,9,0,199,31,1189,439,0.0,0.0,Kesler-Hayden,,241.0,2025-07-01,2002-10-23,False,p465390,0,0,0,0,0,0,0,0,0,0,0,0,0,0.0,0.0,0.0,0.0,0,0,0,0,0,0.00,0.00,0.00,0.00,,,,,,,[],,309,114,309,116,230,84,326,115,0.0,0.0,0.0,0.0,0.0,0.0,594,179,377,128,377,128,485,169,0.0,0.0,0.0
True,True,,,80178,0,0,0,0,-15.1,-1,"[{'offset': 0, 'projected_percent': '-15.3', 'likelihood': -1}, {'offset': 1, 'projected_percent': '-16.4', 'likelihood': -1}, {'offset': 2, 'projected_percent': '-17.6', 'likelihood': -1}]",,False,0,2,0.0,0.0,0,Jake,0.0,178,False,,,40,80178.jpg,0.0,False,Bidwell,0.1,False,,a,7,9,0,597,91,1023,279,0.0,0.0,Bidwell,,241.0,2022-01-17,1993-03-21,False,p80178,0,0,0,0,0,0,0,0,0,0,0,0,0,0.0,0.0,0.0,0.0,0,0,0,0,0,0.00,0.00,0.00,0.00,,,,,,,[],,286,103,283,102,201,67,302,103,0.0,0.0,0.0,0.0,0.0,0.0,556,153,355,118,355,118,441,154,0.0,0.0,0.0
True,True,,,204813,0,0,0,0,-29.4,-2,"[{'offset': 0, 'projected_percent': '-30.7', 'likelihood': -2}, {'offset': 1, 'projected_percent': '-39.2', 'likelihood': -2}, {'offset': 2, 'projected_percent': '-47.6', 'likelihood': -3}]",,False,0,2,0.0,0.0,0,Joel,0.0,179,False,,,40,204813.jpg,0.0,False,Latibeaudiere,0.0,False,,a,7,9,0,233,73,537,117,0.0,0.0,Latibeaudiere,,107.0,2023-07-18,2000-01-06,False,p204813,0,0,0,0,0,0,0,0,0,0,0,0,0,0.0,0.0,0.0,0.0,0,0,0,0,0,0.00,0.00,0.00,0.00,,,,,,,[],,297,108,296,109,216,76,314,109,0.0,0.0,0.0,0.0,0.0,0.0,574,165,365,122,365,122,507,177,0.0,0.0,0.0
True,True,0.0,0.0,220583,0,0,0,0,-22.8,-17,"[{'offset': 0, 'projected_percent': '-23.7', 'likelihood': -2}, {'offset': 1, 'projected_percent': '-29.3', 'likelihood': -2}, {'offset': 2, 'projected_percent': '-34.9', 'likelihood': -2}]",,False,0,2,0.0,0.0,0,Luke,0.0,180,False,Knee injury - Unknown return date,2026-08-27T14:56:28.718566Z,40,220583.jpg,0.0,False,Woolfenden,0.2,False,,i,7,9,0,1089,143,3362,1134,0.0,0.0,Woolfenden,,241.0,2025-09-01,1998-10-21,False,p220583,0,0,0,0,0,0,0,0,0,0,0,0,0,0.0,0.0,0.0,0.0,0,0,0,0,0,0.00,0.00,0.00,0.00,,,,,,,[],,300,110,299,111,219,78,317,111,0.0,0.0,0.0,0.0,0.0,0.0,579,169,368,124,368,124,370,138,0.0,0.0,0.0
True,False,0.0,,577411,0,0,0,0,0.0,-6,"[{'offset': 0, 'projected_percent': '0.0', 'likelihood': 0}, {'offset': 1, 'projected_percent': '0.0', 'likelihood': 0}, {'offset': 2, 'projected_percent': '0.0', 'likelihood': 0}]",,False,0,2,0.0,0.0,0,Miguel,0.0,181,False,Has joined Academico de Viseu on loan for the rest of the season,2026-08-29T00:35:59.980316Z,40,577411.jpg,0.0,False,Brau,0.0,False,,u,7,9,0,275,19,699,361,0.0,0.0,Brau,,200.0,2025-07-01,2001-12-27,False,p577411,0,0,0,0,0,0,0,0,0,0,0,0,0,0.0,0.0,0.0,0.0,0,0,0,0,0,0.00,0.00,0.00,0.00,,,,,,,[],,328,130,328,132,251,102,345,131,0.0,0.0,0.0,0.0,0.0,0.0,615,197,395,143,395,143,515,180,0.0,0.0,0.0
True,True,,,539142,0,0,0,0,-7.3,-40,"[{'offset': 0, 'projected_percent': '-8.5', 'likelihood': -1}, {'offset': 1, 'projected_percent': '-15.4', 'likelihood': -1}, {'offset': 2, 'projected_percent': '-22.4', 'likelihood': -2}]",,False,0,2,1.0,1.0,1,Aurèle,1.0,182,False,,,40,539142.jpg,1.0,False,Amenda,0.8,False,,a,7,9,2,3859,531,6426,1915,0.2,0.5,Amenda,,207.0,2026-07-16,2003-07-31,False,p539142,180,0,0,0,4,0,0,0,1,0,0,0,5,28.8,0.8,0.0,3.0,13,5,0,13,2,0.02,0.05,0.07,2.60,,,,,,,[],,54,21,227,77,241,92,129,49,0.01,0.0,0.02,0.03,1.3,2.0,605,187,207,69,226,73,213,79,1.0,0.0,6.5
True,True,100.0,100.0,480457,0,0,0,0,-1.4,-12,"[{'offset': 0, 'projected_percent': '-3.5', 'likelihood': -1}, {'offset': 1, 'projected_percent': '-16.0', 'likelihood': -1}, {'offset': 2, 'projected_percent': '-28.5', 'likelihood': -2}]",,False,0,3,2.0,2.0,3,Jack,2.0,183,False,,2026-07-23T12:01:23.481435Z,50,480457.jpg,2.0,False,Rudoni,0.1,False,,a,7,9,4,1503,253,1926,627,0.4,0.8,Rudoni,,241.0,2024-06-20,2001-06-14,False,p480457,90,0,0,1,0,0,0,0,0,0,0,0,15,5.6,3.8,17.0,2.6,1,8,2,11,1,0.21,0.09,0.30,0.31,4.0,,1.0,,,,[],,206,84,157,91,54,29,148,66,0.21,0.0,0.09,0.3,0.31,0.0,325,191,149,70,165,78,388,151,1.0,1.0,11.0
True,True,,,168144,0,0,0,0,0.3,-29,"[{'offset': 0, 'projected_percent': '0.2', 'likelihood': 1}, {'offset': 1, 'projected_percent': '-8.7', 'likelihood': -1}, {'offset': 2, 'projected_percent': '-30.0', 'likelihood': -2}]",,False,0,3,2.0,2.0,2,Matt,2.0,184,False,,,50,168144.jpg,2.0,False,Grimes,0.2,False,,a,7,9,4,2478,188,2486,870,0.4,0.8,Grimes,,241.0,2025-01-31,1995-07-15,False,p168144,180,0,0,0,4,0,0,0,0,0,0,0,28,13.4,3.7,0.0,1.7,5,12,0,17,2,0.01,0.05,0.06,2.60,1.0,,,,3.0,,[],,133,44,158,92,403,145,197,87,0.0,0.0,0.02,0.02,1.3,2.0,248,152,147,68,158,73,345,126,1.0,0.0,8.5
True,True,,,501459,0,0,0,0,-83.0,-22,"[{'offset': 0, 'projected_percent': '-88.3', 'likelihood': -3}, {'offset': 1, 'projected_percent': '-121.3', 'likelihood': -5}, {'offset': 2, 'projected_percent': '-154.3', 'likelihood': -5}]",,False,0,3,0.5,0.5,1,Tatsuhiro,0.5,185,False,,,50,501459.jpg,1.0,False,Sakamoto,0.1,False,,a,7,9,1,182,45,1885,430,0.1,0.2,Sakamoto,,108.0,2023-07-10,1996-10-22,False,p501459,31,0,0,0,1,0,0,0,0,0,0,0,8,0.0,0.0,0.0,0.0,0,2,2,4,0,0.02,0.02,0.04,0.69,,,,,,,[],,513,208,526,217,483,184,529,215,0.06,0.0,0.06,0.12,2.0,2.9,348,203,300,137,277,124,428,171,0.0,0.0,11.61
True,True,100.0,100.0,241293,0,0,0,0,-59.3,-19,"[{'offset': 0, 'projected_percent': '-63.1', 'likelihood': -3}, {'offset': 1, 'projected_percent': '-86.4', 'likelihood': -3}, {'offset': 2, 'projected_percent': '-109.7', 'likelihood': -5}]",,False,0,3,0.5,0.5,1,Ephron,0.5,186,False,,2026-08-19T18:00:08.310507Z,55,241293.jpg,1.0,False,Mason-Clark,0.1,False,,a,7,9,1,571,82,2082,504,0.1,0.2,Mason-Clark,,107.0,2024-02-01,1999-08-25,False,p241293,57,0,0,0,0,0,0,0,0,0,0,0,4,0.0,0.0,0.0,0.0,2,2,0,4,1,0.00,0.06,0.06,0.02,,,,,,,[],,560,237,574,245,551,229,574,243,0.0,0.0,0.09,0.09,0.03,0.0,153,94,321,152,303,145,402,159,1.58,0.0,6.32
True,True,,,439668,0,0,0,0,-105.3,-3,"[{'offset': 0, 'projected_percent': '-109.6', 'likelihood': -5}, {'offset': 1, 'projected_percent': '-136.2', 'likelihood': -5}, {'offset': 2, 'projected_percent': '-162.7', 'likelihood': -5}]",,False,0,3,0.0,0.0,0,Josh,0.0,187,False,,,50,439668.jpg,0.0,False,Eccles,0.0,False,,a,7,9,0,102,33,392,93,0.0,0.0,Eccles,,241.0,2018-07-01,2000-04-06,False,p439668,0,0,0,0,0,0,0,0,0,0,0,0,0,0.0,0.0,0.0,0.0,0,0,0,0,0,0.00,0.00,0.00,0.00,,,,,,,[],,485,192,495,201,448,167,501,199,0.0,0.0,0.0,0.0,0.0,0.0,304,182,529,219,529,219,579,244,0.0,0.0,0.0
True,True,,,226965,0,0,0,0,-57.0,-32,"[{'offset': 0, 'projected_percent': '-61.9', 'likelihood': -3}, {'offset': 1, 'projected_percent': '-92.0', 'likelihood': -3}, {'offset': 2, 'projected_percent': '-122.1', 'likelihood': -5}]",,False,0,3,1.0,1.0,1,Victor,1.0,188,False,,,55,226965.jpg,1.0,False,Torp,0.2,False,,a,7,9,2,573,24,2620,796,0.2,0.4,Torp,,58.0,2024-01-11,1999-07-30,False,p226965,47,0,0,0,1,0,0,0,0,0,0,0,10,6.8,16.4,0.0,2.3,1,2,0,3,0,0.00,0.12,0.12,1.01,2.0,,2.0,,2.0,,[],,192,76,72,44,550,228,163,74,0.0,0.0,0.23,0.23,1.93,1.91,150,92,246,116,302,144,374,143,0.0,0.0,5.74
True,True,,,684268,0,0,0,0,-35.8,-19,"[{'offset': 0, 'projected_percent': '-37.4', 'likelihood': -2}, {'offset': 1, 'projected_percent': '-47.1', 'likelihood': -3}, {'offset': 2, 'projected_percent': '-56.9', 'likelihood': -3}]",,False,0,3,0.0,0.0,0,George,0.0,189,False,,,45,684268.jpg,0.0,False,Shepherd,0.3,False,,a,7,9,0,1450,437,4161,990,0.0,0.0,Shepherd,,,,,False,p684268,0,0,0,0,0,0,0,0,0,0,0,0,0,0.0,0.0,0.0,0.0,0,0,0,0,0,0.00,0.00,0.00,0.00,,,,,,,[],,432,161,438,171,379,130,448,168,0.0,0.0,0.0,0.0,0.0,0.0,546,275,489,195,489,195,304,104,0.0,0.0,0.0
True,True,,,469272,0,0,0,0,0.5,-30,"[{'offset': 0, 'projected_percent': '0.5', 'likelihood': 1}, {'offset': 1, 'projected_percent': '0.1', 'likelihood': 1}, {'offset': 2, 'projected_percent': '-23.6', 'likelihood': -2}]",,False,0,3,1.5,1.5,1,Loum,1.5,190,False,,,55,469272.jpg,1.5,False,Tchaouna,0.2,False,,a,7,9,3,2811,49,2151,700,0.3,0.5,Tchaouna,,73.0,2026-07-11,2003-09-08,False,p469272,139,0,0,0,3,0,0,0,0,0,0,0,18,1.8,6.0,3.0,1.1,5,8,1,14,2,0.09,0.15,0.24,1.78,,,,,,,[],,256,117,138,82,151,78,232,105,0.06,0.0,0.1,0.16,1.15,1.94,180,111,193,89,211,100,373,142,1.29,0.0,9.06
True,True,,,492498,0,0,0,0,-29.2,-1,"[{'offset': 0, 'projected_percent': '-29.3', 'likelihood': -2}, {'offset': 1, 'projected_percent': '-29.9', 'likelihood': -2}, {'offset': 2, 'projected_percent': '-30.5', 'likelihood': -2}]",,False,0,3,0.0,0.0,0,Raphael,0.0,191,False,,,45,492498.jpg,0.0,False,Borges Rodrigues,0.2,False,,a,7,9,0,1155,475,2521,648,0.0,0.0,Borges Rodrigues,,13.0,2024-07-01,2003-09-11,False,p492498,0,0,0,0,0,0,0,0,0,0,0,0,0,0.0,0.0,0.0,0.0,0,0,0,0,0,0.00,0.00,0.00,0.00,,,,,,,[],,385,144,392,154,330,112,401,151,0.0,0.0,0.0,0.0,0.0,0.0,493,256,445,179,445,179,365,139,0.0,0.0,0.0
True,False,0.0,,629397,0,0,0,0,0.0,-194,"[{'offset': 0, 'projected_percent': '0.0', 'likelihood': 0}, {'offset': 1, 'projected_percent': '0.0', 'likelihood': 0}, {'offset': 2, 'projected_percent': '0.0', 'likelihood': 0}]",,False,0,3,0.0,0.0,0,Kai,0.0,192,False,Has joined Oxford United on loan for the rest of the season,2026-08-29T00:35:59.998520Z,45,629397.jpg,0.0,False,Andrews,0.6,False,,u,7,9,0,2718,142,13626,6432,0.0,0.0,Andrews,,244.0,2023-08-11,2006-08-06,False,p629397,0,0,0,0,0,0,0,0,0,0,0,0,0,0.0,0.0,0.0,0.0,0,0,0,0,0,0.00,0.00,0.00,0.00,,,,,,,[],,427,158,433,168,374,127,443,165,0.0,0.0,0.0,0.0,0.0,0.0,541,272,484,192,484,192,246,83,0.0,0.0,0.0
True,True,0.0,0.0,176412,0,0,0,0,-98.6,-42,"[{'offset': 0, 'projected_percent': '-101.4', 'likelihood': -5}, {'offset': 1, 'projected_percent': '-118.8', 'likelihood': -5}, {'offset': 2, 'projected_percent': '-136.2', 'likelihood': -5}]",,False,0,4,0.0,0.0,0,Haji,0.0,193,False,Thigh injury - Unknown return date,2026-08-14T22:00:07.214508Z,55,176412.jpg,0.0,False,Wright,0.1,False,,i,7,9,0,138,31,6668,1243,0.0,0.0,Wright,,229.0,2023-08-04,1998-03-27,False,p176412,0,0,0,0,0,0,0,0,0,0,0,0,0,0.0,0.0,0.0,0.0,0,0,0,0,0,0.00,0.00,0.00,0.00,,,,,1.0,,[],https://www.ccfc.co.uk/news/2026/august/19/head-coach-frank-lampard-provides-an-update-on-haji-wright/,547,49,562,57,534,56,563,58,0.0,0.0,0.0,0.0,0.0,0.0,129,34,578,65,578,65,397,57,0.0,0.0,0.0
True,True,,,230730,0,0,0,0,4.0,-1,"[{'offset': 0, 'projected_percent': '4.0', 'likelihood': 1}, {'offset': 1, 'projected_percent': '4.0', 'likelihood': 1}, {'offset': 2, 'projected_percent': '4.0', 'likelihood': 1}]",,False,0,4,1.5,1.5,1,Brandon,1.5,194,False,,,50,230730.jpg,1.5,False,Thomas-Asante,0.9,False,,a,7,9,3,20981,6387,12527,4639,0.3,0.6,Thomas-Asante,,81.0,2024-08-01,1998-12-29,False,p230730,101,0,0,0,4,0,0,0,0,0,0,0,14,4.6,1.1,0.0,0.6,5,3,0,8,1,0.00,0.02,0.02,2.29,,,,,4.0,,[],,217,15,220,25,433,43,251,26,0.0,0.0,0.02,0.02,2.04,3.56,286,52,180,20,198,24,210,34,0.89,0.0,7.13
True,True,,,218997,0,0,0,0,4.7,-93,"[{'offset': 0, 'projected_percent': '4.5', 'likelihood': 1}, {'offset': 1, 'projected_percent': '3.2', 'likelihood': 1}, {'offset': 2, 'projected_percent': '1.9', 'likelihood': 1}]",,False,0,4,1.0,1.0,0,Ellis,1.0,195,False,,,50,218997.jpg,2.0,False,Simms,1.0,False,,a,7,9,2,23875,3939,15558,5955,0.2,0.4,Simms,,241.0,2023-07-07,2001-01-05,False,p218997,69,0,0,0,3,0,0,0,0,0,0,0,7,2.6,12.3,2.0,1.7,1,2,0,3,1,0.00,0.01,0.01,1.60,,,,,,,[],,241,18,102,10,168,27,198,20,0.0,0.0,0.01,0.01,2.09,3.91,275,50,230,25,162,19,193,29,1.3,0.0,3.91
True,False,0.0,0.0,551262,0,0,0,0,0.0,-8,"[{'offset': 0, 'projected_percent': '0.0', 'likelihood': 0}, {'offset': 1, 'projected_percent': '0.0', 'likelihood': 0}, {'offset': 2, 'projected_percent': '0.0', 'likelihood': 0}]",,False,0,4,0.0,0.0,0,Jahnoah,0.0,196,False,Has joined Shabab Al-Ahli Dubai permanently,2026-08-17T13:53:55.791223Z,50,551262.jpg,0.0,False,Markelo,0.0,False,,u,7,9,0,0,0,705,115,0.0,0.0,Markelo,,203.0,2026-01-27,2003-01-04,False,p551262,0,0,0,0,0,0,0,0,0,0,0,0,0,0.0,0.0,0.0,0.0,0,0,0,0,0,0.00,0.00,0.00,0.00,,,,,,,[],,525,42,538,50,497,49,541,51,0.0,0.0,0.0,0.0,0.0,0.0,373,59,562,59,562,59,585,71,0.0,0.0,0.0
True,False,0.0,0.0,549653,0,0,0,0,0.0,-8,"[{'offset': 0, 'projected_percent': '0.0', 'likelihood': 0}, {'offset': 1, 'projected_percent': '0.0', 'likelihood': 0}, {'offset': 2, 'projected_percent': '0.0', 'likelihood': 0}]",,False,0,4,0.0,0.0,0,Norman,0.0,197,False,Has joined KVC Westerlo on loan for the rest of the season,2026-07-28T12:58:50.001768Z,45,549653.jpg,0.0,False,Bassette,0.0,False,,u,7,9,0,0,0,1018,230,0.0,0.0,Bassette,,,,,False,p549653,0,0,0,0,0,0,0,0,0,0,0,0,0,0.0,0.0,0.0,0.0,0,0,0,0,0,0.00,0.00,0.00,0.00,,,,,,,[],,401,28,408,36,346,34,417,37,0.0,0.0,0.0,0.0,0.0,0.0,509,66,461,46,461,46,520,67,0.0,0.0,0.0
True,True,,,210156,0,0,0,0,-14.7,-125,"[{'offset': 0, 'projected_percent': '-18.4', 'likelihood': -1}, {'offset': 1, 'projected_percent': '-40.8', 'likelihood': -3}, {'offset': 2, 'projected_percent': '-63.3', 'likelihood': -3}]",,False,0,4,1.5,1.5,2,Taiwo,1.5,492,False,,,55,210156.jpg,1.5,False,Awoniyi,0.8,False,,a,7,9,3,10012,1358,13627,4334,0.3,0.5,Awoniyi,,157.0,2026-08-17,1997-08-12,False,p210156,110,0,0,0,1,0,0,0,0,0,0,0,10,0.0,1.4,0.0,0.1,1,3,0,4,1,0.93,0.03,0.96,1.01,,,,,5.0,,[],,555,50,201,24,546,57,292,32,0.76,0.0,0.02,0.78,0.83,0.82,144,36,190,22,208,26,216,35,0.82,0.0,3.27
True,True,,,661888,0,0,0,0,-36.1,-22,"[{'offset': 0, 'projected_percent': '-38.4', 'likelihood': -2}, {'offset': 1, 'projected_percent': '-52.4', 'likelihood': -3}, {'offset': 2, 'projected_percent': '-66.4', 'likelihood': -3}]",,False,0,3,2.0,2.0,3,Caleb,2.0,575,False,,,50,661888.jpg,2.0,False,Yirenkyi,0.2,False,,a,7,9,4,1252,255,3629,1054,0.4,0.8,Yirenkyi,,81.0,2026-08-07,2006-01-15,False,p661888,131,0,0,1,3,0,0,0,1,0,0,0,19,0.0,3.1,0.0,0.0,3,7,0,10,2,0.03,0.13,0.16,1.58,,,,,,,[],,536,223,164,96,515,207,552,230,0.02,0.0,0.09,0.11,1.09,2.06,397,238,152,72,168,80,324,114,1.37,0.69,6.87
True,True,,,196100,0,0,0,0,-29.1,-16,"[{'offset': 0, 'projected_percent': '-31.9', 'likelihood': -2}, {'offset': 1, 'projected_percent': '-48.9', 'likelihood': -3}, {'offset': 2, 'projected_percent': '-65.9', 'likelihood': -3}]",,False,0,3,1.0,1.0,1,Gustavo,1.0,584,False,,,55,196100.jpg,1.0,False,Hamer,0.1,False,,a,7,9,2,456,70,2022,594,0.2,0.4,Hamer,,152.0,2026-08-11,1997-06-24,False,p196100,27,0,0,0,1,0,0,0,0,0,0,0,5,0.4,0.3,0.0,0.1,0,1,0,1,0,0.00,0.02,0.02,0.82,3.0,,,,,,[],,274,129,263,139,538,219,291,138,0.0,0.0,0.07,0.07,2.73,3.33,133,82,245,115,300,142,393,154,0.0,0.0,3.33
True,True,,,627221,0,0,0,0,0.0,0,"[{'offset': 0, 'projected_percent': '0.0', 'likelihood': 0}, {'offset': 1, 'projected_percent': '0.0', 'likelihood': 0}, {'offset': 2, 'projected_percent': '0.0', 'likelihood': 0}]",2026-09-02T14:02:06.979982Z,False,0,4,0.0,0.0,0,Sidiki,0.0,599,False,,,50,627221.jpg,0.0,False,Cherif,0.1,False,,a,7,9,0,2411,687,2010,616,0.0,0.0,Cherif,,73.0,2026-08-19,2006-12-15,False,p627221,0,0,0,0,0,0,0,0,0,0,0,0,0,0.0,0.0,0.0,0.0,0,0,0,0,0,0.00,0.00,0.00,0.00,,,,,,,[],,533,43,545,51,509,50,549,52,0.0,0.0,0.0,0.0,0.0,0.0,390,60,567,60,567,60,420,62,0.0,0.0,0.0
True,True,,,79602,0,0,0,0,0.0,0,"[{'offset': 0, 'projected_percent': '0.0', 'likelihood': 0}, {'offset': 1, 'projected_percent': '0.0', 'likelihood': 0}, {'offset': 2, 'projected_percent': '0.0', 'likelihood': 0}]",2026-09-11T19:08:56.427340Z,False,0,1,1.0,1.0,0,Dan,0.0,623,False,,,40,79602.jpg,0.0,False,Bentley,0.1,False,,a,7,9,0,3379,3379,267,267,0.0,0.0,Bentley,,241.0,2026-08-21,1993-07-13,False,p79602,0,0,0,0,0,0,0,0,0,0,0,0,0,0.0,0.0,0.0,0.0,0,0,0,0,0,0.00,0.00,0.00,0.00,,,,,,,[],,285,26,282,6,200,6,301,26,0.0,0.0,0.0,0.0,0.0,0.0,555,54,354,27,354,27,461,50,0.0,0.0,0.0
True,True,,,485337,0,0,0,0,-30.3,-12,"[{'offset': 0, 'projected_percent': '-36.6', 'likelihood': -2}, {'offset': 1, 'projected_percent': '-75.1', 'likelihood': -3}, {'offset': 2, 'projected_percent': '-113.6', 'likelihood': -5}]",,False,0,3,1.0,1.0,1,Evann,1.0,42,False,,,55,485337.jpg,1.0,False,Guessand,0.0,False,,a,8,31,2,661,178,958,335,0.2,0.4,Guessand,,54.0,2026-08-12,2001-07-01,False,p485337,54,0,0,0,1,0,0,0,0,0,0,0,6,3.2,1.8,7.0,1.2,1,0,1,2,0,0.03,0.03,0.06,0.34,,,,,,,[],,237,106,191,111,111,58,230,104,0.05,0.0,0.05,0.1,0.57,1.67,186,116,248,118,308,146,498,205,0.0,0.0,3.33
True,True,,,220362,0,0,0,0,-8.9,12,"[{'offset': 0, 'projected_percent': '-4.5', 'likelihood': -1}, {'offset': 1, 'projected_percent': '0.1', 'likelihood': 1}, {'offset': 2, 'projected_percent': '0.3', 'likelihood': 1}]",,False,0,2,0.5,0.5,1,Axel,0.5,153,False,,,45,220362.jpg,1.0,False,Disasi,0.1,False,,a,8,31,1,913,388,1120,272,0.1,0.2,Disasi,,73.0,2026-08-26,1998-03-11,False,p220362,16,0,0,0,1,0,0,0,0,0,0,0,-2,0.0,0.0,0.0,0.0,0,1,1,1,0,0.00,0.00,0.00,0.20,,,,,,,[],,361,148,365,152,294,127,378,149,0.0,0.0,0.0,0.0,1.12,5.62,446,104,272,94,237,83,472,166,0.0,0.0,5.62
True,True,100.0,100.0,172649,0,0,0,0,-21.2,-6,"[{'offset': 0, 'projected_percent': '-21.3', 'likelihood': -2}, {'offset': 1, 'projected_percent': '-21.7', 'likelihood': -2}, {'offset': 2, 'projected_percent': '-22.2', 'likelihood': -2}]",,False,0,1,1.5,1.5,1,Dean,1.5,198,False,,2026-08-20T14:00:08.018379Z,50,172649.jpg,1.5,False,Henderson,1.8,False,,a,8,31,3,9506,3602,18770,4996,0.3,0.6,Henderson,Dean Henderson,241.0,2023-08-31,1997-03-12,False,p172649,180,0,0,0,6,0,0,0,0,0,7,0,18,28.2,0.0,0.0,2.8,5,24,0,0,2,0.00,0.00,0.00,3.33,,,,,,,[],,57,9,464,55,406,55,140,9,0.0,3.5,0.0,0.0,1.66,3.0,251,10,178,15,196,17,138,21,1.0,0.0,0.0
True,True,,,121709,0,0,0,0,-42.5,-3,"[{'offset': 0, 'projected_percent': '-43.1', 'likelihood': -3}, {'offset': 1, 'projected_percent': '-46.9', 'likelihood': -3}, {'offset': 2, 'projected_percent': '-50.7', 'likelihood': -3}]",,False,0,1,0.0,0.0,0,Walter,0.0,199,False,,,45,121709.jpg,0.0,False,Benítez,0.1,False,,a,8,31,0,638,170,1715,339,0.0,0.0,Benitez,,10.0,2025-07-01,1993-01-19,False,p121709,0,0,0,0,0,0,0,0,0,0,0,0,0,0.0,0.0,0.0,0.0,0,0,0,0,0,0.00,0.00,0.00,0.00,,,,,,,[],,347,48,350,30,277,30,364,48,0.0,0.0,0.0,0.0,0.0,0.0,421,29,414,49,414,49,405,44,0.0,0.0,0.0
True,True,,,247348,0,0,0,0,-105.9,-1565,"[{'offset': 0, 'projected_percent': '-110.8', 'likelihood': -5}, {'offset': 1, 'projected_percent': '-140.3', 'likelihood': -5}, {'offset': 2, 'projected_percent': '-169.9', 'likelihood': -5}]",,False,0,2,0.0,0.0,0,Daniel,0.0,201,False,,,55,247348.jpg,0.0,False,Muñoz Mejía,7.6,False,,a,8,31,0,21095,5450,191042,65616,0.0,0.0,Muñoz,,48.0,2024-01-30,1996-05-26,False,p247348,54,0,0,0,2,0,0,0,0,0,0,0,-4,1.2,1.8,21.0,2.4,3,1,1,4,1,0.23,0.01,0.24,0.84,,,,,,,[],,263,100,190,58,43,10,159,61,0.38,0.0,0.02,0.4,1.4,3.33,157,20,588,202,588,202,53,21,1.67,0.0,6.67
True,True,,,427623,0,0,0,0,-25.4,-66,"[{'offset': 0, 'projected_percent': '-27.6', 'likelihood': -2}, {'offset': 1, 'projected_percent': '-41.0', 'likelihood': -3}, {'offset': 2, 'projected_percent': '-54.3', 'likelihood': -3}]",,False,0,2,1.5,1.5,0,Chris,1.5,202,False,,,50,427623.jpg,1.5,False,Richards,0.7,False,,a,8,31,3,5527,1319,9630,3176,0.3,0.6,Richards,,229.0,2022-07-27,2000-03-28,False,p427623,180,0,0,0,6,0,0,0,0,0,0,0,9,42.6,0.7,0.0,4.3,18,3,4,22,2,0.04,0.00,0.04,3.33,,,,,,,[],,22,8,236,83,442,176,95,33,0.02,0.0,0.0,0.02,1.66,3.0,297,52,181,64,199,65,227,83,1.0,0.0,11.0
True,True,,,651426,0,0,0,0,-68.5,-39,"[{'offset': 0, 'projected_percent': '-71.7', 'likelihood': -3}, {'offset': 1, 'projected_percent': '-91.1', 'likelihood': -3}, {'offset': 2, 'projected_percent': '-110.5', 'likelihood': -5}]",,False,0,2,0.5,0.5,0,Jaydee,0.5,203,False,,,50,651426.jpg,0.5,False,Canvot,0.3,False,,a,8,31,1,1202,381,5548,1527,0.1,0.2,Canvot,,73.0,2025-09-01,2006-07-29,False,p651426,180,0,0,0,6,0,0,0,0,0,0,0,8,27.4,5.7,5.0,3.8,10,4,5,15,2,0.05,0.01,0.06,3.33,,,,,,,[],,60,23,142,42,124,40,109,38,0.02,0.0,0.0,0.02,1.66,3.0,394,77,311,110,342,113,301,112,1.0,0.0,7.5
True,True,,,244723,0,0,0,0,-44.6,-492,"[{'offset': 0, 'projected_percent': '-46.8', 'likelihood': -3}, {'offset': 1, 'projected_percent': '-60.1', 'likelihood': -3}, {'offset': 2, 'projected_percent': '-73.4', 'likelihood': -3}]",,False,0,2,0.5,0.5,0,Tyrick,0.5,204,False,,,45,244723.jpg,0.5,False,Mitchell,5.3,False,,a,8,31,1,8333,2368,70350,20011,0.1,0.2,Mitchell,,241.0,2019-12-15,1999-09-01,False,p244723,180,0,0,0,6,0,0,0,0,0,0,0,1,11.6,13.8,2.0,2.7,6,5,4,10,2,0.11,0.17,0.28,3.33,,,,,,,[],,145,68,92,27,162,58,143,56,0.06,0.0,0.08,0.14,1.66,3.0,465,118,275,97,337,110,68,28,1.0,0.0,5.0
True,True,,,218364,0,0,0,0,-47.5,-6,"[{'offset': 0, 'projected_percent': '-51.8', 'likelihood': -3}, {'offset': 1, 'projected_percent': '-78.7', 'likelihood': -3}, {'offset': 2, 'projected_percent': '-105.5', 'likelihood': -5}]",,False,0,2,0.0,0.0,0,Borna,0.0,205,False,,,45,218364.jpg,0.0,False,Sosa,0.0,False,,a,8,31,0,162,36,480,128,0.0,0.0,Sosa,,97.0,2025-07-11,1998-01-21,False,p218364,0,0,0,0,0,0,0,0,0,0,0,0,0,0.0,0.0,0.0,0.0,0,0,0,0,0,0.00,0.00,0.00,0.00,,,,,,,[],,360,147,364,151,293,126,377,148,0.0,0.0,0.0,0.0,0.0,0.0,445,103,425,158,425,158,533,186,0.0,0.0,0.0
True,True,0.0,0.0,515621,-1,1,-1,1,-11.9,-19,"[{'offset': 0, 'projected_percent': '-14.3', 'likelihood': -1}, {'offset': 1, 'projected_percent': '-29.1', 'likelihood': -2}, {'offset': 2, 'projected_percent': '-43.9', 'likelihood': -3}]",,False,0,2,0.0,0.0,0,Chadi,0.5,206,False,Knee injury - Unknown return date,2026-08-22T18:00:07.352049Z,44,515621.jpg,1.0,False,Riad Dnanou,0.0,False,,i,8,31,1,390,70,3473,630,0.1,0.2,Chadi Riad,,145.0,2024-07-02,2003-06-17,False,p515621,72,0,0,0,2,0,0,0,0,0,0,0,7,12.6,1.3,0.0,1.4,6,3,1,7,1,0.00,0.01,0.01,0.98,,,,,,,[],https://www.cpfc.co.uk/news/first-team/press-conference-team-news-crystal-palace-manchester-city-august-2026/,137,64,205,66,263,113,214,83,0.0,0.0,0.01,0.01,1.22,2.5,549,152,267,90,230,77,508,178,1.25,0.0,8.75
True,True,,,242313,0,0,0,0,-89.7,-12,"[{'offset': 0, 'projected_percent': '-93.5', 'likelihood': -3}, {'offset': 1, 'projected_percent': '-116.5', 'likelihood': -5}, {'offset': 2, 'projected_percent': '-139.4', 'likelihood': -5}]",,False,0,2,0.5,0.5,1,Oscar,0.5,207,False,,,45,242313.jpg,1.0,False,Mingueza,0.1,False,,a,8,31,1,272,73,1612,332,0.1,0.2,Mingueza,,200.0,2026-07-09,1999-05-13,False,p242313,15,0,0,0,1,0,0,0,0,0,0,0,1,0.0,0.0,0.0,0.0,0,0,1,1,0,0.00,0.00,0.00,0.20,,,,,,,[],,368,152,373,156,304,133,385,153,0.0,0.0,0.0,0.0,1.2,6.0,460,114,274,96,242,88,463,165,0.0,0.0,6.0
True,True,0.0,0.0,232185,0,0,-1,1,-57.5,-1255,"[{'offset': 0, 'projected_percent': '-63.1', 'likelihood': -3}, {'offset': 1, 'projected_percent': '-97.5', 'likelihood': -4}, {'offset': 2, 'projected_percent': '-131.8', 'likelihood': -5}]",,False,0,3,0.0,0.0,0,Ismaïla,0.0,208,False,Groin injury - Unknown return date,2026-08-22T18:00:07.363165Z,64,232185.jpg,0.0,False,Sarr,1.9,False,,i,8,31,0,2201,99,247786,41208,0.0,0.0,Sarr,Ismaïla Sarr,189.0,2024-08-01,1998-02-25,False,p232185,0,0,0,0,0,0,0,0,0,0,0,0,0,0.0,0.0,0.0,0.0,0,0,0,0,0,0.00,0.00,0.00,0.00,,,,,2.0,,[],https://www.cpfc.co.uk/news/first-team/press-conference-team-news-crystal-palace-manchester-city-august-2026/,609,266,612,268,608,264,612,268,0.0,0.0,0.0,0.0,0.0,0.0,52,36,611,268,611,268,132,40,0.0,0.0,0.0
True,True,100.0,100.0,496221,0,0,0,0,-3.9,-78,"[{'offset': 0, 'projected_percent': '-5.9', 'likelihood': -1}, {'offset': 1, 'projected_percent': '-18.4', 'likelihood': -1}, {'offset': 2, 'projected_percent': '-30.8', 'likelihood': -2}]",,False,0,3,3.0,3.0,2,Adam,3.0,210,False,,2026-07-23T12:01:23.498963Z,55,496221.jpg,3.0,False,Wharton,0.9,False,,a,8,31,6,10069,3359,11545,3745,0.5,1.1,Wharton,,241.0,2024-02-01,2004-02-06,False,p496221,180,0,0,0,6,0,0,0,0,0,0,0,41,16.8,30.9,0.0,4.8,4,11,6,21,2,0.00,0.31,0.31,3.33,2.0,,,,,,[],,103,36,25,20,570,241,82,43,0.0,0.0,0.16,0.16,1.66,3.0,190,118,105,48,115,49,205,67,1.0,0.0,10.5
True,True,,,488024,0,0,0,0,-25.0,22,"[{'offset': 0, 'projected_percent': '-22.4', 'likelihood': -2}, {'offset': 1, 'projected_percent': '-6.5', 'likelihood': -1}, {'offset': 2, 'projected_percent': '0.2', 'likelihood': 1}]",,False,0,3,3.0,3.0,5,Yéremy,3.0,211,False,,,55,488024.jpg,3.0,False,Pino Santos,0.2,False,,a,8,31,6,1894,1580,3068,610,0.5,1.1,Yeremy,,200.0,2025-08-29,2002-10-20,False,p488024,102,0,1,0,3,0,0,0,0,0,0,0,31,2.0,6.3,6.0,1.4,2,9,4,15,1,0.11,0.09,0.20,2.28,1.0,,1.0,,,,[],,254,116,137,81,120,61,220,98,0.1,0.0,0.08,0.18,2.01,2.65,188,117,104,47,114,48,340,124,0.88,0.0,13.24
True,True,,,108413,0,0,0,0,-34.6,-637,"[{'offset': 0, 'projected_percent': '-36.1', 'likelihood': -2}, {'offset': 1, 'projected_percent': '-44.9', 'likelihood': -3}, {'offset': 2, 'projected_percent': '-53.7', 'likelihood': -3}]",,False,0,3,0.0,0.0,0,Will,0.0,212,False,,,45,108413.jpg,0.0,False,Hughes,10.4,False,,a,8,31,0,30413,10231,126282,36102,0.0,0.0,Hughes,,241.0,2021-08-28,1995-04-17,False,p108413,0,0,0,0,0,0,0,0,0,0,0,0,0,0.0,0.0,0.0,0.0,0,0,0,0,0,0.00,0.00,0.00,0.00,4.0,,,,,,[],,343,135,346,145,273,101,360,142,0.0,0.0,0.0,0.0,0.0,0.0,417,245,410,170,410,170,38,14,0.0,0.0,0.0
True,True,,,152551,0,0,0,0,-79.9,-18,"[{'offset': 0, 'projected_percent': '-84.1', 'likelihood': -3}, {'offset': 1, 'projected_percent': '-110.3', 'likelihood': -5}, {'offset': 2, 'projected_percent': '-136.5', 'likelihood': -5}]",,False,0,3,0.0,0.0,0,Jefferson,0.0,213,False,,,50,152551.jpg,0.0,False,Lerma Solís,0.1,False,,a,8,31,0,262,58,1963,513,0.0,0.0,Lerma,,48.0,2023-07-01,1994-10-25,False,p152551,0,0,0,0,0,0,0,0,0,0,0,0,0,0.0,0.0,0.0,0.0,0,0,0,0,0,0.00,0.00,0.00,0.00,,,,,,,[],,450,171,458,181,398,140,466,178,0.0,0.0,0.0,0.0,0.0,0.0,243,147,504,204,504,204,423,167,0.0,0.0,0.0
True,True,,,209400,0,0,0,0,-11.9,-1,"[{'offset': 0, 'projected_percent': '-12.0', 'likelihood': -1}, {'offset': 1, 'projected_percent': '-12.5', 'likelihood': -1}, {'offset': 2, 'projected_percent': '-13.0', 'likelihood': -1}]",,False,0,3,2.5,2.5,2,Daichi,2.5,214,False,,,50,209400.jpg,2.5,False,Kamada,0.3,False,,a,8,31,5,3266,1322,4260,1166,0.5,1.0,Kamada,,108.0,2024-07-01,1996-08-05,False,p209400,180,0,0,0,6,0,0,0,1,0,0,0,46,20.4,29.3,0.0,5.0,4,10,9,23,2,0.05,0.29,0.34,3.33,3.0,,,,,,[],,81,27,29,22,416,152,75,40,0.02,0.0,0.14,0.16,1.66,3.0,265,163,126,57,135,59,306,106,1.0,0.0,11.5
True,True,,,489706,0,0,0,0,-55.3,0,"[{'offset': 0, 'projected_percent': '-55.3', 'likelihood': -3}, {'offset': 1, 'projected_percent': '-55.3', 'likelihood': -3}, {'offset': 2, 'projected_percent': '-55.3', 'likelihood': -3}]",,False,0,3,0.0,0.0,0,Justin,0.0,215,False,,,50,489706.jpg,0.0,False,Devenny,0.0,False,,a,8,31,0,98,29,240,64,0.0,0.0,Devenny,,242.0,2024-03-13,2003-10-11,False,p489706,0,0,0,0,0,0,0,0,0,0,0,0,0,0.0,0.0,0.0,0.0,0,0,0,0,0,0.00,0.00,0.00,0.00,,,2.0,,3.0,,[],,502,201,514,210,471,177,518,208,0.0,0.0,0.0,0.0,0.0,0.0,332,193,543,225,543,225,583,246,0.0,0.0,0.0
True,True,,,606921,0,0,0,0,-63.0,-7,"[{'offset': 0, 'projected_percent': '-67.2', 'likelihood': -3}, {'offset': 1, 'projected_percent': '-93.0', 'likelihood': -3}, {'offset': 2, 'projected_percent': '-118.9', 'likelihood': -5}]",,False,0,3,0.0,0.0,0,Romain,0.0,216,False,,,50,606921.jpg,0.0,False,Esse,0.0,False,,a,8,31,0,277,66,824,234,0.0,0.0,Esse,,241.0,2025-01-18,2005-05-13,False,p606921,0,0,0,0,0,0,0,0,0,0,0,0,0,0.0,0.0,0.0,0.0,0,0,0,0,0,0.00,0.00,0.00,0.00,,,,,,,[],,531,221,543,229,505,200,547,228,0.0,0.0,0.0,0.0,0.0,0.0,383,229,565,239,565,239,511,212,0.0,0.0,0.0
True,True,,,536694,-1,1,-1,1,0.1,13,"[{'offset': 0, 'projected_percent': '0.1', 'likelihood': 1}, {'offset': 1, 'projected_percent': '0.3', 'likelihood': 1}, {'offset': 2, 'projected_percent': '0.5', 'likelihood': 1}]",,False,0,3,0.0,0.0,0,Matheus,0.0,217,False,,,49,536694.jpg,0.0,False,França de Oliveira,0.0,False,,a,8,31,0,562,545,1086,372,0.0,0.0,M.França,Matheus França,30.0,2023-08-05,2004-04-01,False,p536694,0,0,0,0,0,0,0,0,0,0,0,0,0,0.0,0.0,0.0,0.0,0,0,0,0,0,0.00,0.00,0.00,0.00,,,,,,,[],,437,165,443,175,384,134,453,172,0.0,0.0,0.0,0.0,0.0,0.0,403,243,494,199,494,199,535,220,0.0,0.0,0.0
True,True,,,438464,0,0,0,0,-89.8,-5,"[{'offset': 0, 'projected_percent': '-91.8', 'likelihood': -3}, {'offset': 1, 'projected_percent': '-104.0', 'likelihood': -5}, {'offset': 2, 'projected_percent': '-116.3', 'likelihood': -5}]",,False,0,3,0.0,0.0,0,Cheick,0.0,218,False,,,50,438464.jpg,0.0,False,Doucouré,0.1,False,,a,8,31,0,348,100,1470,411,0.0,0.0,Doucouré,,132.0,2022-07-11,2000-01-08,False,p438464,0,0,0,0,0,0,0,0,0,0,0,0,0,0.0,0.0,0.0,0.0,0,0,0,0,0,0.00,0.00,0.00,0.00,,,,,,,[],,484,191,494,200,447,166,500,198,0.0,0.0,0.0,0.0,0.0,0.0,303,181,528,218,528,218,477,194,0.0,0.0,0.0
True,True,,,450542,0,0,0,0,-55.2,-2,"[{'offset': 0, 'projected_percent': '-61.4', 'likelihood': -3}, {'offset': 1, 'projected_percent': '-98.9', 'likelihood': -4}, {'offset': 2, 'projected_percent': '-136.5', 'likelihood': -5}]",,False,0,3,0.0,0.0,0,Jesurun,0.0,219,False,,,50,450542.jpg,0.0,False,Rak-Sakyi,0.0,False,,a,8,31,0,52,13,120,30,0.0,0.0,J.Rak-Sakyi,,81.0,2021-04-09,2002-10-05,False,p450542,0,0,0,0,0,0,0,0,0,0,0,0,0,0.0,0.0,0.0,0.0,0,0,0,0,0,0.00,0.00,0.00,0.00,,,,,,,[],,492,195,502,204,455,170,508,202,0.0,0.0,0.0,0.0,0.0,0.0,311,185,535,221,535,221,603,259,0.0,0.0,0.0
True,False,0.0,0.0,590014,0,0,0,0,0.0,0,"[{'offset': 0, 'projected_percent': '0.0', 'likelihood': 0}, {'offset': 1, 'projected_percent': '0.0', 'likelihood': 0}, {'offset': 2, 'projected_percent': '0.0', 'likelihood': 0}]",,False,0,2,0.0,0.0,0,Rio,0.0,220,False,Has joined Bristol City on loan for the rest of the season,2026-08-12T14:08:46.501813Z,45,590014.jpg,0.0,False,Cardines,0.0,False,,u,8,31,0,0,0,80,15,0.0,0.0,Cardines,,217.0,2025-07-24,2006-07-01,False,p590014,0,0,0,0,0,0,0,0,0,0,0,0,0,0.0,0.0,0.0,0.0,0,0,0,0,0,0.00,0.00,0.00,0.00,,,,,,,[],,414,171,420,172,360,155,430,171,0.0,0.0,0.0,0.0,0.0,0.0,526,145,473,177,473,177,618,206,0.0,0.0,0.0
True,True,,,672492,0,0,0,0,-31.9,4,"[{'offset': 0, 'projected_percent': '-30.9', 'likelihood': -2}, {'offset': 1, 'projected_percent': '-24.4', 'likelihood': -2}, {'offset': 2, 'projected_percent': '-18.0', 'likelihood': -1}]",,False,0,3,0.0,0.0,0,Joél,0.0,221,False,,,45,672492.jpg,0.0,False,Drakes-Thomas,0.1,False,,a,8,31,0,607,208,1317,329,0.0,0.0,Drakes-Thomas,,241.0,2025-12-10,2009-06-09,False,p672492,0,0,0,0,0,0,0,0,0,0,0,0,0,0.0,0.0,0.0,0.0,0,0,0,0,0,0.00,0.00,0.00,0.00,,,,,,,[],,431,160,437,170,378,129,447,167,0.0,0.0,0.0,0.0,0.0,0.0,545,274,488,194,488,194,445,179,0.0,0.0,0.0
True,True,,,247412,0,0,0,0,-60.1,-28,"[{'offset': 0, 'projected_percent': '-61.4', 'likelihood': -3}, {'offset': 1, 'projected_percent': '-69.1', 'likelihood': -3}, {'offset': 2, 'projected_percent': '-76.9', 'likelihood': -3}]",,False,0,4,1.5,1.5,2,Jørgen,1.5,222,False,,,60,247412.jpg,1.5,False,Strand Larsen,0.5,False,,a,8,31,3,3780,2270,10164,2393,0.2,0.5,Strand Larsen,,161.0,2026-02-02,2000-02-06,False,p247412,89,0,0,0,3,0,0,0,0,0,0,0,16,1.0,3.5,17.0,2.2,2,1,1,4,1,0.30,0.01,0.31,2.15,,,,,,,[],,266,23,159,20,61,13,168,17,0.3,0.0,0.01,0.31,2.17,3.03,75,19,198,23,214,27,259,43,1.01,0.0,4.04
True,True,0.0,,231747,0,0,0,0,-70.9,-3038,"[{'offset': 0, 'projected_percent': '-77.1', 'likelihood': -3}, {'offset': 1, 'projected_percent': '-115.7', 'likelihood': -5}, {'offset': 2, 'projected_percent': '-154.3', 'likelihood': -5}]",,False,0,4,0.0,1.0,0,Jean-Philippe,1.0,223,False,Hamstring injury - Expected back 11 Oct,2026-08-28T21:00:08.020382Z,65,231747.jpg,2.0,False,Mateta,4.1,False,,i,8,31,2,24786,835,176019,103586,0.2,0.3,Mateta,,73.0,2022-01-31,1997-06-28,False,p231747,62,0,0,0,2,0,0,0,0,0,0,0,-3,1.4,12.3,11.0,2.5,1,2,2,5,1,0.70,0.02,0.72,0.98,,,,,1.0,,[],,260,22,103,11,85,16,153,16,1.02,0.0,0.03,1.05,1.42,2.9,37,11,258,30,184,22,86,13,1.45,0.0,7.26
True,True,,,205533,0,0,0,0,-12.0,25,"[{'offset': 0, 'projected_percent': '-10.9', 'likelihood': -1}, {'offset': 1, 'projected_percent': '-3.9', 'likelihood': -1}, {'offset': 2, 'projected_percent': '0.2', 'likelihood': 1}]",,False,0,4,1.5,1.5,2,Eddie,1.5,224,False,,,55,205533.jpg,1.5,False,Nketiah,0.5,False,,a,8,31,3,6222,2959,7950,2170,0.3,0.5,Nketiah,,241.0,2024-08-30,1999-05-30,False,p205533,122,0,0,0,5,0,0,0,0,0,0,0,20,10.4,24.5,23.0,5.8,2,4,3,9,2,0.96,0.58,1.54,2.85,,,,,,,[],,161,12,49,2,42,11,56,10,0.71,0.0,0.43,1.14,2.1,3.69,140,35,189,21,207,25,261,45,1.48,0.0,6.64
True,False,0.0,0.0,660392,0,0,0,0,0.0,0,"[{'offset': 0, 'projected_percent': '0.0', 'likelihood': 0}, {'offset': 1, 'projected_percent': '0.0', 'likelihood': 0}, {'offset': 2, 'projected_percent': '0.0', 'likelihood': 0}]",,False,0,4,0.0,0.0,0,Christantus,0.0,225,False,has returned to Getafe CF,2026-07-23T12:18:56.275922Z,50,660392.jpg,0.0,False,Uche,0.0,False,,u,8,31,0,0,0,0,0,0.0,0.0,Uche,,,,,False,p660392,0,0,0,0,0,0,0,0,0,0,0,0,0,0.0,0.0,0.0,0.0,0,0,0,0,0,0.00,0.00,0.00,0.00,,,,,,,[],,535,44,549,52,514,51,551,53,0.0,0.0,0.0,0.0,0.0,0.0,396,61,569,61,569,61,626,73,0.0,0.0,0.0
True,True,,,433154,0,0,0,0,-52.5,-20,"[{'offset': 0, 'projected_percent': '-55.3', 'likelihood': -3}, {'offset': 1, 'projected_percent': '-72.8', 'likelihood': -3}, {'offset': 2, 'projected_percent': '-90.3', 'likelihood': -3}]",,False,0,3,1.5,1.5,1,Dwight,1.5,241,False,,,55,433154.jpg,1.5,False,McNeil,0.2,False,,a,8,31,3,624,152,2508,680,0.3,0.5,McNeil,,241.0,2026-08-11,1999-11-22,False,p433154,84,0,0,0,3,0,0,0,0,0,0,0,13,9.6,4.7,2.0,1.6,4,3,0,7,1,0.05,0.02,0.07,1.18,,,,,,,[],,167,64,148,88,176,87,204,92,0.05,0.0,0.02,0.07,1.26,3.21,163,101,192,88,210,99,368,140,1.07,0.0,7.5
True,True,,,169593,0,0,0,0,0.5,1,"[{'offset': 0, 'projected_percent': '0.5', 'likelihood': 1}, {'offset': 1, 'projected_percent': '0.5', 'likelihood': 1}, {'offset': 2, 'projected_percent': '0.5', 'likelihood': 1}]",,False,0,1,0.0,0.0,0,Remi,0.0,555,False,,,40,169593.jpg,0.0,False,Matthews,1.9,False,,a,8,31,0,8822,2877,8607,2372,0.0,0.0,Matthews,,241.0,2021-07-13,1994-02-10,False,p169593,0,0,0,0,0,0,0,0,0,0,0,0,0,0.0,0.0,0.0,0.0,0,0,0,0,0,0.00,0.00,0.00,0.00,,,,,,,[],,294,32,293,12,211,12,311,32,0.0,0.0,0.0,0.0,0.0,0.0,569,60,363,33,363,33,134,20,0.0,0.0,0.0
True,True,,,223723,0,0,0,0,-26.4,-16,"[{'offset': 0, 'projected_percent': '-27.5', 'likelihood': -2}, {'offset': 1, 'projected_percent': '-34.2', 'likelihood': -2}, {'offset': 2, 'projected_percent': '-40.8', 'likelihood': -3}]",,False,0,2,1.0,1.0,1,Takehiro,1.0,577,False,,,45,223723.jpg,1.0,False,Tomiyasu,0.3,False,,a,8,31,2,1210,381,3478,811,0.2,0.4,Tomiyasu,,108.0,2026-08-06,1998-11-05,False,p223723,91,0,0,0,3,0,0,0,0,0,0,0,0,2.4,2.4,0.0,0.5,8,4,1,9,1,0.00,0.01,0.01,2.15,,,,,,,[],,242,95,172,51,297,129,254,94,0.0,0.0,0.01,0.01,2.13,2.97,450,107,214,75,238,84,288,109,0.99,0.0,8.9
True,True,,,570794,0,0,0,0,0.0,8,"[{'offset': 0, 'projected_percent': '0.1', 'likelihood': 1}, {'offset': 1, 'projected_percent': '0.2', 'likelihood': 1}, {'offset': 2, 'projected_percent': '0.3', 'likelihood': 1}]",,False,0,2,1.5,1.5,2,Anan,1.5,588,False,,,50,570794.jpg,1.5,False,Khalaili,0.1,False,,a,8,31,3,1181,719,1134,307,0.3,0.6,Khalaili,,105.0,2026-08-15,2004-09-03,False,p570794,109,0,0,0,3,0,0,0,1,0,0,0,21,24.0,26.5,4.0,5.5,9,8,14,23,1,0.02,0.16,0.18,2.28,,,,,,,[],,69,30,39,12,134,44,63,21,0.02,0.0,0.13,0.15,1.88,2.48,377,73,185,65,203,66,409,145,0.83,0.0,18.99
True,True,,,559152,0,0,0,0,0.0,0,"[{'offset': 0, 'projected_percent': '0.0', 'likelihood': 0}, {'offset': 1, 'projected_percent': '0.0', 'likelihood': 0}, {'offset': 2, 'projected_percent': '0.0', 'likelihood': 0}]",2026-09-01T14:01:46.428415Z,False,0,3,0.5,0.5,1,Zavier,0.5,595,False,,,50,559152.jpg,1.0,False,Gozo,0.0,False,,a,8,31,1,145,44,231,58,0.1,0.2,Gozo,,229.0,2026-08-18,2007-03-22,False,p559152,22,0,0,0,1,0,0,0,0,0,0,0,3,0.0,0.0,0.0,0.0,0,0,1,1,0,0.00,0.00,0.00,0.20,,,,,,,[],,528,218,540,226,500,196,544,225,0.0,0.0,0.0,0.0,0.82,4.09,376,224,306,141,284,129,577,242,0.0,0.0,4.09
True,True,0.0,0.0,128295,0,0,0,0,-83.0,-22,"[{'offset': 0, 'projected_percent': '-85.3', 'likelihood': -3}, {'offset': 1, 'projected_percent': '-99.6', 'likelihood': -4}, {'offset': 2, 'projected_percent': '-114.0', 'likelihood': -5}]",,False,0,3,0.0,0.0,0,Christian,0.0,21,False,Groin injury - Unknown return date,2026-08-15T20:00:06.779594Z,50,128295.jpg,0.0,False,Nørgaard,0.1,False,,i,9,11,0,140,38,3522,656,0.0,0.0,Nørgaard,,58.0,2026-08-05,1994-03-10,False,p128295,0,0,0,0,0,0,0,0,0,0,0,0,0,0.0,0.0,0.0,0.0,0,0,0,0,0,0.00,0.00,0.00,0.00,,,,,,,[],https://www.evertonfc.com/news/2026/august/21/everton-team-news-for-2026-27-premier-league-opener/,447,169,454,179,395,138,463,176,0.0,0.0,0.0,0.0,0.0,0.0,239,145,501,202,501,202,453,182,0.0,0.0,0.0
True,True,,,242898,0,0,0,0,-84.3,-36,"[{'offset': 0, 'projected_percent': '-90.0', 'likelihood': -3}, {'offset': 1, 'projected_percent': '-124.7', 'likelihood': -5}, {'offset': 2, 'projected_percent': '-159.4', 'likelihood': -5}]",,False,0,3,1.0,1.0,1,Brennan,1.0,209,False,,,60,242898.jpg,1.0,False,Johnson,0.1,False,,a,9,11,2,956,224,3541,961,0.2,0.3,Johnson,,244.0,2026-08-11,2001-05-23,False,p242898,34,0,0,0,0,0,0,0,0,0,0,0,4,4.0,0.3,0.0,0.4,2,1,1,4,0,0.00,0.00,0.00,1.87,,,,,,,[],,225,98,266,141,595,255,272,127,0.0,0.0,0.0,0.0,4.95,0.0,74,48,257,124,322,157,378,146,0.0,0.0,10.59
True,True,,,111234,0,0,0,0,14.8,-83,"[{'offset': 0, 'projected_percent': '14.7', 'likelihood': 1}, {'offset': 1, 'projected_percent': '13.5', 'likelihood': 1}, {'offset': 2, 'projected_percent': '12.4', 'likelihood': 1}]",,False,0,1,5.0,5.0,3,Jordan,5.0,226,False,,,55,111234.jpg,5.0,False,Pickford,9.0,False,,a,9,11,10,83902,20363,44871,16681,0.9,1.8,Pickford,,241.0,2017-07-01,1994-03-07,False,p111234,180,0,0,1,1,0,0,0,0,0,8,0,56,31.8,0.0,0.0,3.2,4,23,0,0,2,0.00,0.02,0.02,4.12,,,,,,,[],,49,5,557,67,528,67,127,5,0.0,4.0,0.01,0.01,2.06,0.5,120,2,52,3,60,4,44,6,1.0,0.5,0.0
True,True,,,229600,0,0,0,0,-27.1,-2,"[{'offset': 0, 'projected_percent': '-28.4', 'likelihood': -2}, {'offset': 1, 'projected_percent': '-36.4', 'likelihood': -2}, {'offset': 2, 'projected_percent': '-44.4', 'likelihood': -3}]",,False,0,1,0.0,0.0,0,Mark,0.0,227,False,,,50,229600.jpg,0.0,False,Travers,0.0,False,,a,9,11,0,365,75,544,141,0.0,0.0,Travers,,104.0,2025-07-15,1999-05-18,False,p229600,0,0,0,0,0,0,0,0,0,0,0,0,0,0.0,0.0,0.0,0.0,0,0,0,0,0,0.00,0.00,0.00,0.00,,,,,,,[],,473,66,482,58,432,58,489,66,0.0,0.0,0.0,0.0,0.0,0.0,285,13,519,66,519,66,518,56,0.0,0.0,0.0
True,True,,,138001,0,0,0,0,-15.8,-2,"[{'offset': 0, 'projected_percent': '-16.7', 'likelihood': -1}, {'offset': 1, 'projected_percent': '-22.3', 'likelihood': -2}, {'offset': 2, 'projected_percent': '-27.8', 'likelihood': -2}]",,False,0,1,0.0,0.0,0,Tom,0.0,228,False,,,45,138001.jpg,0.0,False,King,0.0,False,,a,9,11,0,326,83,511,132,0.0,0.0,King,,244.0,2025-08-15,1995-03-09,False,p138001,0,0,0,0,0,0,0,0,0,0,0,0,0,0.0,0.0,0.0,0.0,0,0,0,0,0,0.00,0.00,0.00,0.00,,,,,,,[],,349,50,352,32,279,32,366,50,0.0,0.0,0.0,0.0,0.0,0.0,424,31,416,51,416,51,501,54,0.0,0.0,0.0
True,True,,,17761,0,0,0,0,22.7,1897,"[{'offset': 0, 'projected_percent': '26.9', 'likelihood': 2}, {'offset': 1, 'projected_percent': '53.0', 'likelihood': 3}, {'offset': 2, 'projected_percent': '79.0', 'likelihood': 3}]",,False,1,2,9.0,9.0,12,James,9.0,229,True,,,60,17761.jpg,9.0,False,Tarkowski,9.4,False,,a,9,11,18,108607,65871,54283,17217,1.5,3.0,Tarkowski,,241.0,2022-07-01,1992-11-19,False,p17761,180,1,0,1,1,0,0,0,0,0,0,2,52,15.2,0.8,4.0,2.0,17,7,2,19,2,0.15,0.01,0.16,4.12,,,,,,,[],,115,53,232,80,139,46,181,70,0.08,0.0,0.0,0.08,2.06,0.5,56,5,8,2,13,5,42,15,1.0,0.5,9.5
True,True,,,480455,0,0,0,0,5.8,13,"[{'offset': 0, 'projected_percent': '5.8', 'likelihood': 1}, {'offset': 1, 'projected_percent': '6.0', 'likelihood': 1}, {'offset': 2, 'projected_percent': '6.2', 'likelihood': 1}]",,False,0,2,5.0,5.0,4,Jarrad,5.0,230,False,,,55,480455.jpg,5.0,False,Branthwaite,1.9,False,,a,9,11,10,24715,5612,13406,4488,0.9,1.8,Branthwaite,,241.0,2020-06-20,2002-06-27,False,p480455,180,0,0,1,1,0,0,0,0,0,0,0,33,18.6,0.8,6.0,2.5,17,5,3,20,2,0.09,0.02,0.11,4.12,,,,,,,[],,92,39,231,79,119,37,152,59,0.04,0.0,0.01,0.05,2.06,0.5,184,25,54,21,63,23,136,54,1.0,0.5,10.0
True,True,,,106611,0,0,0,0,-113.1,-312,"[{'offset': 0, 'projected_percent': '-118.8', 'likelihood': -5}, {'offset': 1, 'projected_percent': '-153.9', 'likelihood': -5}, {'offset': 2, 'projected_percent': '-188.9', 'likelihood': -5}]",,False,0,2,0.0,0.0,0,Michael,0.0,231,False,,,50,106611.jpg,0.0,False,Keane,1.3,False,,a,9,11,0,3849,589,34522,9637,0.0,0.0,Keane,,241.0,2017-07-03,1993-01-11,False,p106611,0,0,0,0,0,0,0,0,0,0,0,0,0,0.0,0.0,0.0,0.0,0,0,0,0,0,0.00,0.00,0.00,0.00,,,,,,,[],,442,177,449,178,390,161,458,177,0.0,0.0,0.0,0.0,0.0,0.0,234,36,498,182,498,182,171,70,0.0,0.0,0.0
True,True,,,512462,0,0,0,0,-101.4,-95,"[{'offset': 0, 'projected_percent': '-106.9', 'likelihood': -5}, {'offset': 1, 'projected_percent': '-140.7', 'likelihood': -5}, {'offset': 2, 'projected_percent': '-174.5', 'likelihood': -5}]",,False,0,2,0.0,0.0,0,Jake,0.0,232,False,,,50,512462.jpg,0.0,False,O'Brien,0.4,False,,a,9,11,0,1680,277,10110,2381,0.0,0.0,O'Brien,,104.0,2024-07-30,2001-05-15,False,p512462,0,0,0,0,0,0,0,0,0,0,0,0,0,0.0,0.0,0.0,0.0,0,0,0,0,0,0.00,0.00,0.00,0.00,,,,,,,[],,516,197,529,197,486,188,532,197,0.0,0.0,0.0,0.0,0.0,0.0,353,70,554,197,554,197,274,104,0.0,0.0,0.0
True,True,,,224967,0,0,0,0,7.0,175,"[{'offset': 0, 'projected_percent': '7.4', 'likelihood': 1}, {'offset': 1, 'projected_percent': '9.8', 'likelihood': 1}, {'offset': 2, 'projected_percent': '12.2', 'likelihood': 1}]",,False,0,2,5.0,5.0,4,Vitalii,5.0,233,False,,,45,224967.jpg,5.0,False,Mykolenko,1.7,False,,a,9,11,10,32887,11103,13671,4601,1.1,2.2,Mykolenko,,225.0,2022-01-01,1999-05-29,False,p224967,180,0,0,1,1,0,0,0,0,0,0,0,34,12.8,13.8,2.0,2.9,15,11,1,16,2,0.00,0.06,0.06,4.12,,,,,,,[],,136,63,91,26,160,56,135,53,0.0,0.0,0.03,0.03,2.06,0.5,451,108,48,19,56,21,143,58,1.0,0.5,8.0
True,True,,,243571,0,0,0,0,-27.4,-3,"[{'offset': 0, 'projected_percent': '-29.2', 'likelihood': -2}, {'offset': 1, 'projected_percent': '-40.0', 'likelihood': -3}, {'offset': 2, 'projected_percent': '-50.8', 'likelihood': -3}]",,False,0,2,0.0,0.0,0,Nathan,0.0,234,False,,,45,243571.jpg,0.0,False,Patterson,0.0,False,,a,9,11,0,275,68,495,126,0.0,0.0,Patterson,,243.0,2022-01-04,2001-10-16,False,p243571,0,0,0,0,0,0,0,0,0,0,0,0,0,0.0,0.0,0.0,0.0,0,0,0,0,0,0.00,0.00,0.00,0.00,,,,,,,[],,371,155,376,159,308,136,388,156,0.0,0.0,0.0,0.0,0.0,0.0,464,117,433,163,433,163,528,184,0.0,0.0,0.0
True,True,,,499300,0,0,0,0,-15.2,-5,"[{'offset': 0, 'projected_percent': '-15.8', 'likelihood': -1}, {'offset': 1, 'projected_percent': '-19.8', 'likelihood': -1}, {'offset': 2, 'projected_percent': '-23.8', 'likelihood': -2}]",,False,0,2,0.0,0.0,0,Adam,0.0,235,False,,,40,499300.jpg,0.0,False,Aznou,0.2,False,,a,9,11,0,1352,343,2239,551,0.0,0.0,Aznou,,145.0,2025-07-29,2006-06-02,False,p499300,0,0,0,0,0,0,0,0,0,0,0,0,0,0.0,0.0,0.0,0.0,0,0,0,0,0,0.00,0.00,0.00,0.00,,,,,,,[],,314,117,314,119,235,87,331,118,0.0,0.0,0.0,0.0,0.0,0.0,599,182,382,131,382,131,354,132,0.0,0.0,0.0
True,True,,,215413,0,0,0,0,46.6,-494,"[{'offset': 0, 'projected_percent': '45.5', 'likelihood': 3}, {'offset': 1, 'projected_percent': '38.8', 'likelihood': 2}, {'offset': 2, 'projected_percent': '32.0', 'likelihood': 2}]",,False,0,3,6.5,6.5,2,Kiernan,6.5,236,False,,,65,215413.jpg,6.5,False,Dewsbury-Hall,4.7,False,,a,9,11,13,150895,18248,50145,23194,1.0,2.0,Dewsbury-Hall,,241.0,2025-08-06,1998-09-06,False,p215413,180,1,0,1,1,0,0,0,0,0,0,3,64,42.8,28.3,27.0,9.8,1,12,5,18,2,0.18,0.33,0.51,4.08,2.0,,,,,,[],,20,10,32,24,35,19,16,12,0.09,0.0,0.16,0.25,2.04,0.5,35,23,26,15,32,18,74,23,1.0,0.5,9.0
True,True,,,440993,0,0,0,0,19.6,-1693,"[{'offset': 0, 'projected_percent': '15.9', 'likelihood': 1}, {'offset': 1, 'projected_percent': '-5.0', 'likelihood': -1}, {'offset': 2, 'projected_percent': '-20.5', 'likelihood': -2}]",,False,0,3,6.5,6.5,4,Iliman,6.5,237,False,,,60,440993.jpg,6.5,False,Ndiaye,15.5,False,,a,9,11,13,152122,29434,120672,60652,1.1,2.2,Ndiaye,Iliman Ndiaye,189.0,2024-07-03,2000-03-06,False,p440993,180,0,1,1,1,0,0,0,0,0,0,1,52,40.8,39.8,48.0,12.9,5,15,5,25,2,0.26,0.39,0.65,4.12,,,,,1.0,,[],,25,13,15,13,9,6,5,4,0.13,0.0,0.2,0.33,2.06,0.5,78,50,24,13,30,16,28,10,1.0,0.5,12.5
True,True,100.0,100.0,232928,0,0,0,0,-9.0,-25,"[{'offset': 0, 'projected_percent': '-13.3', 'likelihood': -1}, {'offset': 1, 'projected_percent': '-39.4', 'likelihood': -2}, {'offset': 2, 'projected_percent': '-65.5', 'likelihood': -3}]",,False,0,3,1.0,1.0,1,James,1.0,239,False,,2026-07-25T14:30:10.455878Z,60,232928.jpg,1.0,False,Garner,0.1,False,,a,9,11,2,2243,710,2563,914,0.2,0.3,Garner,,241.0,2022-09-01,2001-03-13,False,p232928,72,0,0,0,1,0,0,0,1,0,0,0,15,4.8,11.8,2.0,1.9,0,7,4,11,1,0.00,0.03,0.03,0.92,1.0,,1.0,,3.0,,[],,215,91,109,65,183,93,187,84,0.0,0.0,0.04,0.04,1.15,1.25,73,47,256,123,321,156,391,153,1.25,0.0,13.75
True,True,100.0,0.0,490094,0,0,0,0,0.0,0,"[{'offset': 0, 'projected_percent': '0.0', 'likelihood': 0}, {'offset': 1, 'projected_percent': '0.0', 'likelihood': 0}, {'offset': 2, 'projected_percent': '0.0', 'likelihood': 0}]",2026-09-06T14:30:08.427579Z,False,0,3,0.5,0.0,1,Tim,0.5,240,False,,2026-08-15T20:00:06.878792Z,50,490094.jpg,1.0,False,Iroegbunam,0.0,False,,a,9,11,1,51,30,404,56,0.1,0.2,Iroegbunam,,241.0,2024-06-22,2003-06-30,False,p490094,4,0,0,0,0,0,0,0,0,0,0,0,2,0.0,0.0,0.0,0.0,0,0,0,0,0,0.00,0.00,0.00,0.00,,,,,,,[],,504,203,516,212,473,179,520,210,0.0,0.0,0.0,0.0,0.0,0.0,334,195,298,135,273,121,587,249,0.0,0.0,0.0
True,True,,,550615,0,0,0,0,-7.0,-40,"[{'offset': 0, 'projected_percent': '-10.4', 'likelihood': -1}, {'offset': 1, 'projected_percent': '-31.4', 'likelihood': -2}, {'offset': 2, 'projected_percent': '-52.4', 'likelihood': -3}]",,False,0,3,2.5,2.5,2,Tyrique,2.5,242,False,,,55,550615.jpg,2.5,False,George,0.3,False,,a,9,11,5,2806,533,3675,1193,0.5,0.9,George,,241.0,2026-07-06,2006-02-04,False,p550615,144,0,0,1,1,0,0,0,0,0,0,0,25,7.0,23.4,25.0,5.5,3,5,1,9,2,0.23,0.09,0.32,2.25,,,,,,,[],,190,75,50,32,37,21,65,34,0.14,0.0,0.06,0.2,1.41,0.62,204,129,137,64,145,66,308,108,1.25,0.62,5.62
True,True,,,502697,0,0,0,0,-28.3,-3,"[{'offset': 0, 'projected_percent': '-29.0', 'likelihood': -2}, {'offset': 1, 'projected_percent': '-33.7', 'likelihood': -2}, {'offset': 2, 'projected_percent': '-38.4', 'likelihood': -2}]",,False,0,3,0.5,0.5,0,Carlos,0.5,243,False,,,50,502697.jpg,0.5,False,Alcaraz Durán,0.1,False,,a,9,11,1,1009,256,1660,522,0.1,0.2,Alcaraz,,10.0,2025-07-01,2002-11-30,False,p502697,5,0,0,0,0,0,0,0,1,0,0,0,5,5.0,0.3,17.0,2.2,0,2,1,3,0,0.05,0.02,0.07,0.04,,,,,,,[],,213,89,261,137,55,30,165,75,0.9,0.0,0.36,1.26,0.72,0.0,349,204,301,138,341,167,431,173,0.0,0.0,54.0
True,True,,,609873,0,0,0,0,6.9,123,"[{'offset': 0, 'projected_percent': '7.2', 'likelihood': 1}, {'offset': 1, 'projected_percent': '8.9', 'likelihood': 1}, {'offset': 2, 'projected_percent': '10.5', 'likelihood': 1}]",,False,0,3,5.0,5.0,2,Harrison,5.0,244,False,,,50,609873.jpg,5.0,False,Armstrong,0.3,False,,a,9,11,10,19841,7055,4472,2005,1.0,2.0,Armstrong,,241.0,2024-08-09,2007-01-19,False,p609873,176,0,1,1,1,0,0,0,0,0,0,0,37,28.8,14.7,4.0,4.8,6,14,5,25,2,0.00,0.07,0.07,4.12,,,,,,,[],,55,22,83,53,135,67,81,42,0.0,0.0,0.04,0.04,2.11,0.51,385,231,51,26,59,30,295,100,1.02,0.51,12.78
True,True,,,496661,0,0,0,0,-108.5,-8,"[{'offset': 0, 'projected_percent': '-113.9', 'likelihood': -5}, {'offset': 1, 'projected_percent': '-147.2', 'likelihood': -5}, {'offset': 2, 'projected_percent': '-180.5', 'likelihood': -5}]",,False,0,3,0.0,0.0,0,Tyler,0.0,245,False,,,55,496661.jpg,0.0,False,Dibling,0.0,False,,a,9,11,0,259,58,971,220,0.0,0.0,Dibling,,241.0,2025-08-25,2006-02-17,False,p496661,0,0,0,0,0,0,0,0,0,0,0,0,0,0.0,0.0,0.0,0.0,0,0,0,0,0,0.00,0.00,0.00,0.00,,,,,,,[],,572,244,585,252,571,242,585,250,0.0,0.0,0.0,0.0,0.0,0.0,191,119,594,257,594,257,525,217,0.0,0.0,0.0
True,True,,,513466,0,0,0,0,-9.5,-3,"[{'offset': 0, 'projected_percent': '-10.8', 'likelihood': -1}, {'offset': 1, 'projected_percent': '-18.3', 'likelihood': -1}, {'offset': 2, 'projected_percent': '-25.9', 'likelihood': -2}]",,False,0,3,2.5,2.5,2,Merlin,2.5,246,False,,,50,513466.jpg,2.5,False,Röhl,0.1,False,,a,9,11,5,675,157,895,259,0.5,1.0,Röhl,,80.0,2026-06-15,2002-07-05,False,p513466,175,0,0,1,1,0,0,0,0,0,0,0,25,13.8,13.0,2.0,2.9,4,9,5,18,2,0.00,0.07,0.07,4.12,,,,,,,[],,128,41,100,62,173,85,136,62,0.0,0.0,0.04,0.04,2.12,0.51,354,206,127,58,136,60,478,195,1.03,0.51,9.26
True,True,100.0,50.0,244860,0,0,0,0,-9.3,-30,"[{'offset': 0, 'projected_percent': '-12.3', 'likelihood': -1}, {'offset': 1, 'projected_percent': '-30.7', 'likelihood': -2}, {'offset': 2, 'projected_percent': '-49.1', 'likelihood': -3}]",,False,0,3,2.0,1.0,1,Hayden,2.0,247,False,,2026-08-26T22:00:07.797766Z,55,244860.jpg,2.0,False,Hackney,0.2,False,,a,9,11,4,986,142,4505,1303,0.4,0.7,Hackney,,241.0,2026-07-02,2002-06-26,False,p244860,106,0,0,1,0,0,0,0,0,0,0,0,19,8.6,12.2,5.0,2.6,3,5,2,10,1,0.01,0.02,0.03,3.20,3.0,,,,,,[],,174,68,104,63,126,63,149,67,0.01,0.0,0.02,0.03,2.72,0.0,156,96,156,74,171,82,322,113,0.85,0.85,8.49
True,True,,,486385,0,0,0,0,-100.9,-360,"[{'offset': 0, 'projected_percent': '-104.7', 'likelihood': -5}, {'offset': 1, 'projected_percent': '-128.6', 'likelihood': -5}, {'offset': 2, 'projected_percent': '-152.4', 'likelihood': -5}]",,False,0,4,1.0,1.0,1,Norberto Bercique,1.0,248,False,,,55,486385.jpg,1.0,False,Gomes Betuncal,2.2,False,,a,9,11,2,9941,2232,57131,14320,0.2,0.4,Beto,Beto,90.0,2023-08-29,1998-01-31,False,p486385,31,0,0,0,0,0,0,0,0,0,0,0,5,0.0,0.0,2.0,0.2,1,0,0,1,0,0.09,0.00,0.09,1.92,,,,,4.0,,[],,571,54,584,60,177,28,285,30,0.26,0.0,0.0,0.26,5.57,0.0,187,42,249,27,309,35,126,19,0.0,0.0,2.9
True,True,,,586309,0,0,0,0,67.4,559,"[{'offset': 0, 'projected_percent': '68.7', 'likelihood': 3}, {'offset': 1, 'projected_percent': '76.3', 'likelihood': 3}, {'offset': 2, 'projected_percent': '84.0', 'likelihood': 3}]",,False,0,4,5.0,5.0,2,Thierno,5.0,249,False,,,55,586309.jpg,5.0,False,Barry,3.9,False,,a,9,11,10,196472,46207,43301,20873,0.9,1.8,Barry,,73.0,2025-07-09,2002-10-21,False,p586309,147,1,0,1,1,0,0,0,0,0,0,2,43,38.0,19.0,41.0,9.8,2,3,1,6,2,1.93,0.09,2.02,2.20,,,,,2.0,,[],,31,3,65,5,14,4,15,3,1.18,0.0,0.06,1.24,1.35,0.61,213,44,56,5,65,7,91,14,1.22,0.61,3.67
True,True,,,80201,0,0,0,0,1.5,55,"[{'offset': 0, 'projected_percent': '1.6', 'likelihood': 1}, {'offset': 1, 'projected_percent': '2.3', 'likelihood': 1}, {'offset': 2, 'projected_percent': '3.1', 'likelihood': 1}]",,False,0,1,2.5,2.5,3,Bernd,2.5,250,False,,,45,80201.jpg,2.5,False,Leno,3.0,False,,a,10,54,5,18642,6468,16665,5136,0.6,1.1,Leno,,80.0,2022-08-02,1992-03-04,False,p80201,180,0,0,0,4,0,0,0,0,0,6,0,21,29.6,0.0,0.0,3.0,3,17,0,0,2,0.00,0.00,0.00,3.99,,,,,,,[],,53,7,342,25,267,25,130,7,0.0,3.0,0.0,0.0,2.0,2.0,409,24,117,9,126,9,108,18,1.0,0.0,0.0
True,True,,,86873,0,0,0,0,-9.0,-10,"[{'offset': 0, 'projected_percent': '-9.2', 'likelihood': -1}, {'offset': 1, 'projected_percent': '-10.5', 'likelihood': -1}, {'offset': 2, 'projected_percent': '-11.7', 'likelihood': -1}]",,False,0,1,0.0,0.0,0,Benjamin,0.0,251,False,,,40,86873.jpg,0.0,False,Lecomte,1.2,False,,a,10,54,0,2688,1196,5499,1371,0.0,0.0,Lecomte,,73.0,2025-07-26,1991-04-26,False,p86873,0,0,0,0,0,0,0,0,0,0,0,0,0,0.0,0.0,0.0,0.0,0,0,0,0,0,0.00,0.00,0.00,0.00,,,,,,,[],,287,27,284,7,202,7,303,27,0.0,0.0,0.0,0.0,0.0,0.0,557,55,356,28,356,28,178,26,0.0,0.0,0.0
True,True,,,505079,0,0,0,0,0.2,16,"[{'offset': 0, 'projected_percent': '0.2', 'likelihood': 1}, {'offset': 1, 'projected_percent': '0.4', 'likelihood': 1}, {'offset': 2, 'projected_percent': '0.7', 'likelihood': 1}]",,False,0,1,0.0,0.0,0,Alfie,0.0,252,False,,,40,505079.jpg,0.0,False,McNally,0.2,False,,a,10,54,0,1618,813,879,259,0.0,0.0,McNally,,,,,False,p505079,0,0,0,0,0,0,0,0,0,0,0,0,0,0.0,0.0,0.0,0.0,0,0,0,0,0,0.00,0.00,0.00,0.00,,,,,,,[],,317,41,317,21,238,21,334,41,0.0,0.0,0.0,0.0,0.0,0.0,602,69,385,42,385,42,366,39,0.0,0.0,0.0
True,True,100.0,100.0,174874,0,0,0,0,0.0,0,"[{'offset': 0, 'projected_percent': '0.0', 'likelihood': 0}, {'offset': 1, 'projected_percent': '0.0', 'likelihood': 0}, {'offset': 2, 'projected_percent': '0.0', 'likelihood': 0}]",2026-09-01T21:00:07.729855Z,False,0,2,0.5,0.5,1,Joachim,0.5,253,False,,2026-07-23T12:01:23.516350Z,50,174874.jpg,1.0,False,Andersen,0.1,False,,a,10,54,1,3827,1513,1126,496,0.1,0.2,Andersen,,58.0,2024-08-23,1996-05-31,False,p174874,90,0,0,0,1,0,0,0,1,0,0,0,4,0.0,0.0,0.0,0.0,7,2,0,7,1,0.00,0.05,0.05,1.75,,,,,,,[],,456,181,465,182,407,165,472,181,0.0,0.0,0.05,0.05,1.75,1.0,252,40,285,104,257,98,417,148,1.0,0.0,7.0
True,True,,,169528,0,0,0,0,1.5,-54,"[{'offset': 0, 'projected_percent': '1.3', 'likelihood': 1}, {'offset': 1, 'projected_percent': '0.6', 'likelihood': 1}, {'offset': 2, 'projected_percent': '-1.0', 'likelihood': -1}]",,False,0,2,1.5,1.5,2,Antonee,1.5,254,False,,,45,169528.jpg,1.5,False,Robinson,1.7,False,,a,10,54,3,14259,3078,13174,3745,0.3,0.7,Robinson,Antonee Robinson,229.0,2020-08-20,1997-08-08,False,p169528,171,0,0,0,4,0,0,0,0,0,0,0,14,21.6,25.2,3.0,5.0,4,7,6,10,2,0.13,0.06,0.19,3.96,,,,,2.0,,[],,76,36,46,15,147,48,74,25,0.07,0.0,0.03,0.1,2.08,2.11,430,92,173,61,192,63,149,61,1.05,0.0,5.26
True,True,,,246301,0,0,0,0,0.3,-3,"[{'offset': 0, 'projected_percent': '0.3', 'likelihood': 1}, {'offset': 1, 'projected_percent': '0.2', 'likelihood': 1}, {'offset': 2, 'projected_percent': '0.2', 'likelihood': 1}]",,False,0,2,1.5,1.5,0,Jorge,1.5,255,False,,,45,246301.jpg,3.0,False,Cuenca Barreno,0.0,False,,a,10,54,3,972,191,418,159,0.3,0.7,J.Cuenca,,200.0,2024-08-03,1999-11-17,False,p246301,90,0,0,0,3,0,0,0,0,0,0,0,7,32.8,21.3,0.0,5.4,9,3,1,10,1,0.00,0.03,0.03,2.24,,,,,,,[],,44,16,60,18,310,138,66,22,0.0,0.0,0.03,0.03,2.24,3.0,467,120,174,62,103,38,521,182,1.0,0.0,10.0
True,True,,,167074,0,0,0,0,-38.3,-38,"[{'offset': 0, 'projected_percent': '-41.8', 'likelihood': -3}, {'offset': 1, 'projected_percent': '-63.3', 'likelihood': -3}, {'offset': 2, 'projected_percent': '-84.8', 'likelihood': -3}]",,False,0,2,0.0,0.0,0,Kenny,0.0,256,False,,,45,167074.jpg,0.0,False,Tete,0.3,False,,a,10,54,0,455,117,2715,654,0.0,0.0,Tete,,152.0,2020-09-10,1995-10-09,False,p167074,0,0,0,0,0,0,0,0,0,0,0,0,0,0.0,0.0,0.0,0.0,0,0,0,0,0,0.00,0.00,0.00,0.00,,,,,,,[],,351,142,355,146,282,119,368,143,0.0,0.0,0.0,0.0,0.0,0.0,429,91,418,155,418,155,313,116,0.0,0.0,0.0
True,True,,,232892,0,0,0,0,1.0,7,"[{'offset': 0, 'projected_percent': '1.0', 'likelihood': 1}, {'offset': 1, 'projected_percent': '1.1', 'likelihood': 1}, {'offset': 2, 'projected_percent': '1.2', 'likelihood': 1}]",,False,0,2,1.0,1.0,2,Calvin,1.0,257,False,,,45,232892.jpg,1.0,False,Bassey,0.8,False,,a,10,54,2,8555,1692,7896,1854,0.2,0.4,Bassey,,157.0,2023-07-28,1999-12-31,False,p232892,180,0,0,0,4,0,0,0,1,0,0,0,15,13.8,3.8,2.0,2.0,9,10,2,11,2,0.02,0.03,0.05,3.99,,,,,,,[],,127,59,155,46,161,57,176,67,0.01,0.0,0.02,0.03,2.0,2.0,458,113,216,77,241,87,222,81,1.0,0.0,5.5
True,True,,,166477,0,0,0,0,5.2,301,"[{'offset': 0, 'projected_percent': '5.8', 'likelihood': 1}, {'offset': 1, 'projected_percent': '10.0', 'likelihood': 1}, {'offset': 2, 'projected_percent': '14.1', 'likelihood': 1}]",,False,0,2,6.0,6.0,6,Timothy,6.0,258,False,,,45,166477.jpg,6.0,False,Castagne,0.5,False,,a,10,54,12,18551,6455,3932,1317,1.3,2.7,Castagne,,21.0,2023-08-29,1995-12-05,False,p166477,157,0,2,1,3,0,0,0,1,0,0,0,39,38.0,27.8,23.0,8.9,6,6,2,8,2,0.09,0.18,0.27,2.44,,,,,,,[],,30,10,35,9,41,9,22,3,0.05,0.0,0.1,0.15,1.4,1.72,428,90,30,10,36,13,249,95,1.15,0.57,4.59
True,True,,,153133,0,0,0,0,-20.2,-127,"[{'offset': 0, 'projected_percent': '-23.4', 'likelihood': -2}, {'offset': 1, 'projected_percent': '-42.6', 'likelihood': -3}, {'offset': 2, 'projected_percent': '-61.9', 'likelihood': -3}]",,False,0,3,2.0,2.0,2,Alex,2.0,261,False,,,55,153133.jpg,2.0,False,Iwobi,0.9,False,,a,10,54,4,7814,1719,13538,4142,0.4,0.7,Iwobi,,157.0,2023-09-01,1996-05-03,False,p153133,180,0,0,0,4,0,0,0,0,0,0,0,37,12.4,11.3,0.0,2.4,4,8,2,14,2,0.01,0.38,0.39,3.99,1.0,,1.0,,3.0,,[],,142,48,116,68,530,216,158,72,0.0,0.0,0.19,0.19,2.0,2.0,123,79,153,73,169,81,198,64,1.0,0.0,7.0
True,True,,,209289,0,0,0,0,-57.1,-48,"[{'offset': 0, 'projected_percent': '-60.3', 'likelihood': -3}, {'offset': 1, 'projected_percent': '-79.6', 'likelihood': -3}, {'offset': 2, 'projected_percent': '-99.0', 'likelihood': -4}]",,False,0,3,0.5,0.5,1,Emile,0.5,262,False,,,55,209289.jpg,1.0,False,Smith Rowe,0.4,False,,a,10,54,1,1857,443,6415,1667,0.1,0.2,Smith Rowe,,241.0,2024-08-02,2000-07-28,False,p209289,13,0,0,0,0,0,0,0,0,0,0,0,5,0.0,0.0,0.0,0.0,0,1,0,1,0,0.06,0.02,0.08,0.20,,,,,,,[],,554,232,570,241,545,224,570,239,0.42,0.0,0.14,0.56,1.38,0.0,143,88,318,151,301,143,287,94,0.0,0.0,6.92
True,True,,,560552,0,0,0,0,-62.0,-12,"[{'offset': 0, 'projected_percent': '-67.3', 'likelihood': -3}, {'offset': 1, 'projected_percent': '-99.7', 'likelihood': -4}, {'offset': 2, 'projected_percent': '-132.1', 'likelihood': -5}]",,False,0,3,1.0,1.0,1,Kevin,1.0,263,False,,,55,560552.jpg,1.0,False,Santos Lopes de Macedo,0.1,False,,a,10,54,2,536,117,1245,383,0.2,0.4,Kevin,Kevin,30.0,2025-09-01,2003-01-04,False,p560552,24,0,0,0,0,0,0,0,0,0,0,0,4,5.2,1.9,0.0,0.7,0,1,2,3,0,0.00,0.05,0.05,0.09,3.0,,,,,,[],,209,86,189,110,577,247,248,111,0.0,0.0,0.19,0.19,0.34,0.0,206,131,251,120,312,149,487,200,0.0,0.0,11.25
True,True,,,477555,0,0,0,0,0.9,-12,"[{'offset': 0, 'projected_percent': '0.9', 'likelihood': 1}, {'offset': 1, 'projected_percent': '0.7', 'likelihood': 1}, {'offset': 2, 'projected_percent': '0.5', 'likelihood': 1}]",,False,0,3,2.5,2.5,3,Oscar,2.5,264,False,,,55,477555.jpg,2.5,False,Bobb,0.3,False,,a,10,54,5,5741,1221,4521,1524,0.5,0.9,Bobb,,161.0,2026-01-30,2003-07-12,False,p477555,133,0,0,1,3,0,0,0,0,0,0,0,18,9.8,13.8,6.0,3.0,2,4,5,11,2,0.00,0.27,0.27,2.41,2.0,,,,,,[],,165,62,93,59,118,60,132,61,0.0,0.0,0.18,0.18,1.63,2.03,183,114,133,61,141,63,290,96,1.35,0.68,7.44
True,True,,,207189,0,0,0,0,-23.5,-27,"[{'offset': 0, 'projected_percent': '-25.2', 'likelihood': -2}, {'offset': 1, 'projected_percent': '-35.3', 'likelihood': -2}, {'offset': 2, 'projected_percent': '-45.4', 'likelihood': -3}]",,False,0,3,2.0,2.0,2,Sander,2.0,265,False,,,50,207189.jpg,2.0,False,Berge,0.4,False,,a,10,54,4,1984,519,4593,1260,0.4,0.8,Berge,,161.0,2024-08-22,1998-02-14,False,p207189,154,0,0,0,4,0,0,0,0,0,0,0,28,13.6,23.1,7.0,4.4,1,4,1,6,2,0.03,0.23,0.26,3.91,,,,,,,[],,129,42,52,34,104,53,91,48,0.02,0.0,0.13,0.15,2.29,2.34,262,161,148,69,159,74,279,90,1.17,0.0,3.51
True,True,0.0,0.0,76357,0,0,0,0,-68.0,0,"[{'offset': 0, 'projected_percent': '-68.0', 'likelihood': -3}, {'offset': 1, 'projected_percent': '-68.0', 'likelihood': -3}, {'offset': 2, 'projected_percent': '-68.0', 'likelihood': -3}]",,False,0,3,0.0,0.0,0,Tom,0.0,266,False,Knee injury - Expected back 10 Oct,2026-08-14T18:00:06.460944Z,50,76357.jpg,0.0,False,Cairney,0.0,False,,i,10,54,0,15,3,143,28,0.0,0.0,Cairney,,243.0,2015-07-07,1991-01-20,False,p76357,0,0,0,0,0,0,0,0,0,0,0,0,0,0.0,0.0,0.0,0.0,0,0,0,0,0,0.00,0.00,0.00,0.00,,,,,,,[],https://www.fulhamfc.com/news/2026/august/21/team-news-joachim-andersen-tom-cairney-absent-for-chelsea/,439,167,445,177,386,136,455,174,0.0,0.0,0.0,0.0,0.0,0.0,228,142,496,201,496,201,607,263,0.0,0.0,0.0
True,True,,,577725,0,0,0,0,16.0,9,"[{'offset': 0, 'projected_percent': '16.0', 'likelihood': 1}, {'offset': 1, 'projected_percent': '16.2', 'likelihood': 1}, {'offset': 2, 'projected_percent': '16.3', 'likelihood': 1}]",,False,0,3,4.5,4.5,2,Josh,4.5,268,False,,,55,577725.jpg,4.5,False,King,0.6,False,,a,10,54,9,41154,6471,7071,2907,0.8,1.6,King,,241.0,2024-02-02,2007-01-03,False,p577725,180,1,0,0,4,0,0,0,0,0,0,0,42,41.6,15.6,41.0,9.8,3,5,4,12,2,0.66,0.07,0.73,3.99,,,,,,,[],,23,12,77,48,13,8,14,11,0.33,0.0,0.04,0.37,2.0,2.0,211,134,67,33,77,37,233,79,1.0,0.0,6.0
True,True,,,184349,0,0,0,0,-26.5,-29,"[{'offset': 0, 'projected_percent': '-28.2', 'likelihood': -2}, {'offset': 1, 'projected_percent': '-38.3', 'likelihood': -2}, {'offset': 2, 'projected_percent': '-48.4', 'likelihood': -3}]",,False,0,2,1.0,1.0,1,Ryan,1.0,269,False,,,45,184349.jpg,1.0,False,Sessegnon,0.4,False,,a,10,54,2,1209,250,4085,1071,0.2,0.4,Sessegnon,,241.0,2024-07-26,2000-05-18,False,p184349,39,0,0,0,1,0,0,0,0,0,0,0,10,6.6,0.5,19.0,2.6,1,2,1,2,0,0.05,0.12,0.17,1.58,,,,,,,[],,194,86,249,90,46,11,147,58,0.12,0.0,0.28,0.4,3.65,2.31,434,94,213,74,235,81,273,103,0.0,0.0,4.62
True,True,,,153366,0,0,0,0,-27.4,-98,"[{'offset': 0, 'projected_percent': '-29.1', 'likelihood': -2}, {'offset': 1, 'projected_percent': '-39.2', 'likelihood': -2}, {'offset': 2, 'projected_percent': '-49.2', 'likelihood': -3}]",,False,0,3,0.0,0.0,0,Harrison,0.0,270,False,,,45,153366.jpg,0.0,False,Reed,1.4,False,,a,10,54,0,7943,2361,19528,5025,0.0,0.0,Reed,,241.0,2020-08-30,1995-01-27,False,p153366,0,0,0,0,0,0,0,0,0,0,0,0,0,0.0,0.0,0.0,0.0,0,0,0,0,0,0.00,0.00,0.00,0.00,,,,,,,[],,350,136,354,146,281,102,367,143,0.0,0.0,0.0,0.0,0.0,0.0,426,246,417,171,417,171,165,49,0.0,0.0,0.0
True,True,,,244042,0,0,0,0,-46.8,-90,"[{'offset': 0, 'projected_percent': '-50.8', 'likelihood': -3}, {'offset': 1, 'projected_percent': '-74.8', 'likelihood': -3}, {'offset': 2, 'projected_percent': '-98.9', 'likelihood': -4}]",,False,0,4,0.5,0.5,0,Rodrigo,0.5,271,False,,,55,244042.jpg,1.0,False,Muniz Carvalho,0.5,False,,a,10,54,1,3944,1132,9715,2825,0.1,0.2,Muniz,Rodrigo Muniz,30.0,2021-08-20,2001-05-04,False,p244042,8,0,0,0,0,0,0,0,0,0,0,0,6,6.0,11.5,7.0,2.5,1,0,0,1,0,0.02,0.00,0.02,0.03,,,,,,,[],,202,13,112,13,108,22,151,15,0.22,0.0,0.0,0.22,0.34,0.0,155,37,322,36,304,32,252,41,0.0,0.0,11.25
True,True,,,631786,0,0,0,0,-7.8,14,"[{'offset': 0, 'projected_percent': '-7.8', 'likelihood': -1}, {'offset': 1, 'projected_percent': '-7.5', 'likelihood': -1}, {'offset': 2, 'projected_percent': '-7.2', 'likelihood': -1}]",,False,0,4,0.0,0.0,0,Jonah,0.0,272,False,,,45,631786.jpg,0.0,False,Kusi-Asare,6.8,False,,a,10,54,0,37912,14224,61555,17278,0.0,0.0,Kusi-Asare,,206.0,2026-06-27,2007-07-04,False,p631786,0,0,0,0,0,0,0,0,0,0,0,0,0,0.0,0.0,0.0,0.0,0,0,0,0,0,0.00,0.00,0.00,0.00,,,,,,,[],,428,35,434,42,375,41,444,44,0.0,0.0,0.0,0.0,0.0,0.0,542,73,485,52,485,52,59,8,0.0,0.0,0.0
True,True,,,551466,0,0,0,0,80.1,25,"[{'offset': 0, 'projected_percent': '80.2', 'likelihood': 3}, {'offset': 1, 'projected_percent': '80.5', 'likelihood': 3}, {'offset': 2, 'projected_percent': '80.9', 'likelihood': 3}]",,False,0,4,4.0,4.0,2,Gonzalo,4.0,569,False,,,60,551466.jpg,4.0,False,García,4.4,False,,a,10,54,8,204316,52098,35219,18012,0.7,1.3,Gonzalo,,200.0,2026-08-03,2004-03-24,False,p551466,180,1,0,0,4,0,0,0,0,0,0,0,35,37.2,4.3,40.0,8.2,2,3,1,6,2,1.02,0.02,1.04,3.99,,,,,1.0,,[],,34,4,150,18,16,6,30,6,0.51,0.0,0.01,0.52,2.0,2.0,101,26,82,10,93,15,77,12,1.0,0.0,3.0
True,True,,,571779,0,0,0,0,-28.7,-36,"[{'offset': 0, 'projected_percent': '-32.9', 'likelihood': -2}, {'offset': 1, 'projected_percent': '-58.5', 'likelihood': -3}, {'offset': 2, 'projected_percent': '-84.1', 'likelihood': -3}]",,False,0,3,1.5,1.5,1,César,1.5,570,False,,,55,571779.jpg,1.5,False,Palacios,0.2,False,,a,10,54,3,1184,274,2575,791,0.3,0.5,Palacios,,200.0,2026-08-03,2004-11-11,False,p571779,148,0,0,0,4,0,0,0,1,0,0,0,15,2.8,7.3,8.0,1.8,3,8,2,13,2,0.20,0.01,0.21,3.77,,,,,,,[],,240,109,132,78,98,49,194,86,0.12,0.0,0.01,0.13,2.29,2.43,209,133,195,91,212,101,337,121,1.22,0.0,7.91
True,True,,,463210,0,0,0,0,-24.3,-11,"[{'offset': 0, 'projected_percent': '-27.4', 'likelihood': -2}, {'offset': 1, 'projected_percent': '-46.0', 'likelihood': -3}, {'offset': 2, 'projected_percent': '-64.7', 'likelihood': -3}]",,False,0,3,1.0,1.0,1,Shea,1.0,580,False,,,50,463210.jpg,1.0,False,Charles,0.1,False,,a,10,54,2,453,94,1120,312,0.2,0.4,Charles,,242.0,2026-08-11,2003-11-05,False,p463210,45,0,0,0,1,0,0,0,0,0,0,0,7,3.4,1.3,0.0,0.5,1,3,1,5,0,0.11,0.03,0.14,1.58,,,,,,,[],,234,104,209,118,460,173,256,116,0.22,0.0,0.06,0.28,3.16,2.0,317,188,233,108,269,119,440,177,0.0,0.0,10.0
True,True,75.0,75.0,547686,0,0,0,0,0.0,0,"[{'offset': 0, 'projected_percent': '0.0', 'likelihood': 0}, {'offset': 1, 'projected_percent': '0.0', 'likelihood': 0}, {'offset': 2, 'projected_percent': '0.0', 'likelihood': 0}]",2026-09-06T21:39:13.973938Z,False,0,2,0.0,0.0,0,Luc,0.0,610,False,Unspecified injury - 75% chance of playing,2026-08-28T11:30:08.336405Z,40,547686.jpg,0.0,False,De Fougerolles,0.1,False,,d,10,54,0,3825,774,1008,534,0.0,0.0,De Fougerolles,,39.0,2023-07-19,2005-10-12,False,p547686,0,0,0,0,0,0,0,0,0,0,0,0,0,0.0,0.0,0.0,0.0,0,0,0,0,0,0.00,0.00,0.00,0.00,,,,,,,[],,322,124,322,126,244,95,339,125,0.0,0.0,0.0,0.0,0.0,0.0,608,190,390,138,390,138,437,153,0.0,0.0,0.0
True,True,,,616069,0,0,0,0,0.0,0,"[{'offset': 0, 'projected_percent': '0', 'likelihood': 0}, {'offset': 1, 'projected_percent': '0', 'likelihood': 0}, {'offset': 2, 'projected_percent': '0', 'likelihood': 0}]",2026-09-12T18:34:14.871572Z,True,0,3,1.0,1.0,0,Macauley,0.0,626,False,,,45,616069.jpg,0.0,False,Zepa,0.0,False,,a,10,54,0,134,134,13,13,0.0,0.0,Zepa,,,,,False,p616069,0,0,0,0,0,0,0,0,0,0,0,0,0,0.0,0.0,0.0,0.0,0,0,0,0,0,0.00,0.00,0.00,0.00,,,,,,,[],,423,156,429,166,370,125,439,163,0.0,0.0,0.0,0.0,0.0,0.0,537,270,482,191,482,191,616,270,0.0,0.0,0.0
True,True,,,167825,0,0,0,0,-11.2,-7,"[{'offset': 0, 'projected_percent': '-11.3', 'likelihood': -1}, {'offset': 1, 'projected_percent': '-12.0', 'likelihood': -1}, {'offset': 2, 'projected_percent': '-12.7', 'likelihood': -1}]",,False,0,1,0.0,0.0,0,Dillon,0.0,273,False,,,40,167825.jpg,0.0,False,Phillips,1.5,False,,a,11,88,0,4995,1880,9474,2380,0.0,0.0,Phillips,,241.0,2025-07-01,1995-06-11,False,p167825,0,0,0,0,0,0,0,0,0,0,0,0,0,0.0,0.0,0.0,0.0,0,0,0,0,0,0.00,0.00,0.00,0.00,,,,,,,[],,293,31,291,11,209,11,309,31,0.0,0.0,0.0,0.0,0.0,0.0,567,59,362,32,362,32,154,23,0.0,0.0,0.0
True,True,0.0,0.0,105666,0,0,0,0,-38.9,-15,"[{'offset': 0, 'projected_percent': '-40.2', 'likelihood': -3}, {'offset': 1, 'projected_percent': '-48.3', 'likelihood': -3}, {'offset': 2, 'projected_percent': '-56.4', 'likelihood': -3}]",,False,0,1,0.0,0.0,0,Jack,0.0,274,False,Arm injury - Unknown return date,2026-08-08T19:00:05.601633Z,45,105666.jpg,0.0,False,Butland,0.1,False,,i,11,88,0,161,37,2225,487,0.0,0.0,Butland,,241.0,2026-07-02,1993-03-10,False,p105666,0,0,0,0,0,0,0,0,0,0,0,0,0,0.0,0.0,0.0,0.0,0,0,0,0,0,0.00,0.00,0.00,0.00,,,,,,,[],,342,45,345,27,272,27,359,45,0.0,0.0,0.0,0.0,0.0,0.0,415,26,409,46,409,46,429,46,0.0,0.0,0.0
True,False,0.0,0.0,494950,0,0,0,0,0.0,-1,"[{'offset': 0, 'projected_percent': '0.0', 'likelihood': 0}, {'offset': 1, 'projected_percent': '0.0', 'likelihood': 0}, {'offset': 2, 'projected_percent': '0.0', 'likelihood': 0}]",,False,0,1,0.0,0.0,0,Harvey,0.0,275,False,Has joined Grimsby Town on loan for the rest of the season,2026-07-29T13:00:27.959925Z,40,494950.jpg,0.0,False,Cartwright,0.0,False,,u,11,88,0,0,0,142,31,0.0,0.0,Cartwright,,241.0,2020-07-01,2002-05-09,False,p494950,0,0,0,0,0,0,0,0,0,0,0,0,0,0.0,0.0,0.0,0.0,0,0,0,0,0,0.00,0.00,0.00,0.00,,,,,,,[],,313,40,313,20,234,20,330,40,0.0,0.0,0.0,0.0,0.0,0.0,598,68,381,41,381,41,594,69,0.0,0.0,0.0
True,False,0.0,0.0,444307,0,0,0,0,0.0,-4,"[{'offset': 0, 'projected_percent': '0.0', 'likelihood': 0}, {'offset': 1, 'projected_percent': '0.0', 'likelihood': 0}, {'offset': 2, 'projected_percent': '0.0', 'likelihood': 0}]",,False,0,1,0.0,0.0,0,Thimothée,0.0,276,False,Has joined Colchester United on loan for the rest of the season,2026-08-17T13:50:27.125537Z,40,444307.jpg,0.0,False,Lo-Tutala,0.0,False,,u,11,88,0,0,0,482,99,0.0,0.0,Lo-Tutala,,73.0,2023-07-01,2003-02-13,False,p444307,0,0,0,0,0,0,0,0,0,0,0,0,0,0.0,0.0,0.0,0.0,0,0,0,0,0,0.00,0.00,0.00,0.00,,,,,,,[],,306,37,306,17,225,17,323,37,0.0,0.0,0.0,0.0,0.0,0.0,587,65,374,38,374,38,532,59,0.0,0.0,0.0
True,True,,,108416,0,0,0,0,29.4,2298,"[{'offset': 0, 'projected_percent': '34.5', 'likelihood': 2}, {'offset': 1, 'projected_percent': '66.1', 'likelihood': 3}, {'offset': 2, 'projected_percent': '97.6', 'likelihood': 4}]",,False,0,2,8.5,8.5,9,John,8.5,277,True,,,40,108416.jpg,8.5,False,Egan,2.6,False,,a,11,88,17,102723,59786,16617,5410,2.1,4.2,Egan,,104.0,2025-02-03,1992-10-20,False,p108416,180,0,0,2,0,0,0,0,0,0,0,1,52,43.4,0.1,2.0,4.6,32,4,2,34,2,0.00,0.00,0.00,3.12,,,,,,,[],,19,7,272,100,154,50,86,30,0.0,0.0,0.0,0.0,1.56,0.0,560,155,9,3,15,6,112,44,1.0,1.0,17.0
True,True,0.0,0.0,501902,0,0,0,0,-48.3,-23,"[{'offset': 0, 'projected_percent': '-50.2', 'likelihood': -3}, {'offset': 1, 'projected_percent': '-61.8', 'likelihood': -3}, {'offset': 2, 'projected_percent': '-73.4', 'likelihood': -3}]",,False,0,2,0.0,0.0,0,Charlie,0.0,278,False,Groin injury - Unknown return date,2026-08-02T09:00:11.030017Z,40,501902.jpg,0.0,False,Hughes,0.1,False,,i,11,88,0,131,32,2848,528,0.0,0.0,Hughes,,241.0,2024-08-16,2003-10-16,False,p501902,0,0,0,0,0,0,0,0,0,0,0,0,0,0.0,0.0,0.0,0.0,0,0,0,0,0,0.00,0.00,0.00,0.00,,,,,,,[],,316,119,316,121,237,89,333,120,0.0,0.0,0.0,0.0,0.0,0.0,601,184,384,133,384,133,415,147,0.0,0.0,0.0
True,True,100.0,100.0,146426,0,0,0,0,77.9,6726,"[{'offset': 0, 'projected_percent': '92.9', 'likelihood': 3}, {'offset': 1, 'projected_percent': '185.3', 'likelihood': 5}, {'offset': 2, 'projected_percent': '277.6', 'likelihood': 5}]",,False,1,2,10.0,10.0,6,Semi,10.0,279,True,,2026-08-22T17:30:07.668197Z,40,146426.jpg,10.0,False,Ajayi,4.0,False,,a,11,88,20,228206,148800,23471,7878,2.5,5.0,Ajayi,,157.0,2025-07-01,1993-11-09,False,p146426,153,1,0,2,0,0,0,0,0,0,0,2,63,44.2,0.2,35.0,7.9,12,8,2,14,2,0.52,0.00,0.52,2.15,,,,,,,[],,14,4,267,97,20,4,32,7,0.31,0.0,0.0,0.31,1.26,0.0,563,157,3,1,7,3,88,35,1.18,1.18,8.24
True,True,75.0,100.0,193278,0,0,0,0,-15.7,-82,"[{'offset': 0, 'projected_percent': '-17.3', 'likelihood': -1}, {'offset': 1, 'projected_percent': '-27.7', 'likelihood': -2}, {'offset': 2, 'projected_percent': '-38.1', 'likelihood': -2}]",,False,0,2,2.2,3.0,0,Lewie,3.0,280,False,Unspecified injury - 75% chance of playing,2026-08-29T16:30:08.151841Z,40,193278.jpg,3.0,False,Coyle,0.6,False,,d,11,88,6,3297,674,7335,2254,0.8,1.5,Coyle,,241.0,2020-08-07,1995-10-15,False,p193278,114,0,0,1,0,0,0,0,1,0,0,0,25,5.8,11.3,0.0,1.7,5,4,1,6,2,0.00,0.01,0.01,2.25,,,,,,,[],,203,89,114,33,215,75,196,77,0.0,0.0,0.01,0.01,1.78,0.0,573,164,92,35,102,37,238,90,1.58,0.79,4.74
True,True,100.0,100.0,433590,0,0,0,0,0.0,10,"[{'offset': 0, 'projected_percent': '0.0', 'likelihood': 0}, {'offset': 1, 'projected_percent': '0.2', 'likelihood': 1}, {'offset': 2, 'projected_percent': '0.3', 'likelihood': 1}]",,False,0,2,1.0,1.0,1,Cody,1.0,281,False,,2026-08-08T19:00:05.613036Z,40,433590.jpg,1.0,False,Drameh,0.1,False,,a,11,88,2,1380,272,635,222,0.2,0.5,Drameh,,241.0,2024-07-23,2001-12-08,False,p433590,65,0,0,0,0,0,0,0,0,0,0,0,8,2.2,0.0,1.0,0.3,5,4,1,6,0,0.05,0.00,0.05,0.87,,,,,,,[],,245,97,303,113,188,64,273,98,0.07,0.0,0.0,0.07,1.2,0.0,584,172,206,68,225,72,462,164,0.0,0.0,8.31
True,True,,,232351,0,0,0,0,4.9,139,"[{'offset': 0, 'projected_percent': '5.2', 'likelihood': 1}, {'offset': 1, 'projected_percent': '7.1', 'likelihood': 1}, {'offset': 2, 'projected_percent': '9.0', 'likelihood': 1}]",,False,0,2,6.0,6.0,6,Ryan,6.0,282,False,,,40,232351.jpg,6.0,False,Giles,0.9,False,,a,11,88,12,17482,4590,5550,1359,1.5,3.0,Giles,,241.0,2024-06-27,2000-01-26,False,p232351,174,0,0,2,0,0,0,0,0,0,0,0,45,13.8,18.8,4.0,3.7,6,5,2,8,2,0.02,0.14,0.16,3.05,1.0,,1.0,,,,[],,125,57,66,20,130,42,110,39,0.01,0.0,0.07,0.08,1.58,0.0,581,171,29,9,35,12,199,76,1.03,1.03,4.14
True,True,0.0,0.0,449428,0,0,0,0,-29.0,-2,"[{'offset': 0, 'projected_percent': '-30.5', 'likelihood': -2}, {'offset': 1, 'projected_percent': '-39.4', 'likelihood': -2}, {'offset': 2, 'projected_percent': '-48.2', 'likelihood': -3}]",,False,0,2,0.0,0.0,0,Matty,0.0,283,False,Hip injury - Expected back 5 Sep,2026-08-02T09:00:11.038361Z,40,449428.jpg,0.0,False,Jacob,0.0,False,,i,11,88,0,84,27,283,55,0.0,0.0,Jacob,,241.0,2019-07-01,2001-06-03,False,p449428,0,0,0,0,0,0,0,0,0,0,0,0,0,0.0,0.0,0.0,0.0,0,0,0,0,0,0.00,0.00,0.00,0.00,,,,,,,[],,307,113,307,115,226,81,324,114,0.0,0.0,0.0,0.0,0.0,0.0,588,174,375,127,375,127,582,199,0.0,0.0,0.0
True,True,,,661800,0,0,0,0,-12.9,3,"[{'offset': 0, 'projected_percent': '-12.0', 'likelihood': -1}, {'offset': 1, 'projected_percent': '-6.8', 'likelihood': -1}, {'offset': 2, 'projected_percent': '-1.6', 'likelihood': -1}]",,False,0,2,0.0,0.0,0,Cathal,0.0,284,False,,,40,661800.jpg,0.0,False,McCarthy,0.1,False,,a,11,88,0,948,273,1307,348,0.0,0.0,McCarthy,,,,,False,p661800,0,0,0,0,0,0,0,0,0,0,0,0,0,0.0,0.0,0.0,0.0,0,0,0,0,0,0.00,0.00,0.00,0.00,,,,,,,[],,337,138,338,141,261,111,354,139,0.0,0.0,0.0,0.0,0.0,0.0,626,207,404,151,404,151,443,156,0.0,0.0,0.0
True,True,,,160817,0,0,0,0,-4.3,-13,"[{'offset': 0, 'projected_percent': '-6.6', 'likelihood': -1}, {'offset': 1, 'projected_percent': '-21.3', 'likelihood': -2}, {'offset': 2, 'projected_percent': '-36.0', 'likelihood': -2}]",,False,0,2,0.5,0.5,0,Paddy,0.5,285,False,,,40,160817.jpg,1.0,False,McNair,0.1,False,,a,11,88,1,847,201,1101,411,0.1,0.2,McNair,,242.0,2026-01-28,1995-04-27,False,p160817,26,0,0,0,0,0,0,0,0,0,0,0,3,4.2,0.0,0.0,0.4,2,1,0,2,0,0.00,0.00,0.00,0.96,,,,,,,[],,220,91,290,105,208,70,261,96,0.0,0.0,0.0,0.0,3.32,0.0,565,158,262,85,221,68,394,141,0.0,0.0,6.92
True,True,,,540324,0,0,0,0,7.7,193,"[{'offset': 0, 'projected_percent': '8.1', 'likelihood': 1}, {'offset': 1, 'projected_percent': '10.8', 'likelihood': 1}, {'offset': 2, 'projected_percent': '13.4', 'likelihood': 1}]",,False,0,3,4.5,4.5,6,Mohamed,4.5,286,False,,,50,540324.jpg,4.5,False,Belloumi,0.7,False,,a,11,88,9,21253,7363,5947,1916,0.9,1.8,Belloumi,,3.0,2024-08-30,2002-06-01,False,p540324,172,0,1,2,0,0,0,0,0,0,0,0,31,10.6,2.2,7.0,2.0,6,8,6,20,2,0.17,0.05,0.22,2.94,3.0,,2.0,,,,[],,159,57,181,106,107,55,179,81,0.09,0.0,0.03,0.12,1.54,0.0,367,217,64,32,74,36,226,76,1.05,1.05,10.47
True,True,,,232905,0,0,0,0,0.2,45,"[{'offset': 0, 'projected_percent': '0.3', 'likelihood': 1}, {'offset': 1, 'projected_percent': '0.9', 'likelihood': 1}, {'offset': 2, 'projected_percent': '1.5', 'likelihood': 1}]",,False,0,3,3.0,3.0,6,Liam,3.0,287,False,,,50,232905.jpg,3.0,False,Millar,0.1,False,,a,11,88,6,1592,1287,1267,280,0.6,1.2,Millar,,39.0,2024-08-09,1999-09-27,False,p232905,50,1,0,0,0,0,0,0,1,0,0,0,26,2.0,0.3,2.0,0.4,2,1,1,4,0,0.58,0.00,0.58,0.87,,,,,,,[],,252,114,259,136,169,83,265,121,1.04,0.0,0.0,1.04,1.57,0.0,290,175,98,44,109,46,456,183,0.0,0.0,7.2
True,True,,,171270,0,0,0,0,-23.8,58,"[{'offset': 0, 'projected_percent': '-20.0', 'likelihood': -2}, {'offset': 1, 'projected_percent': '0.1', 'likelihood': 1}, {'offset': 2, 'projected_percent': '0.9', 'likelihood': 1}]",,False,0,3,0.0,0.0,0,Kieran,0.0,288,False,,,45,171270.jpg,0.0,False,Dowell,0.4,False,,a,11,88,0,3120,1404,5881,1623,0.0,0.0,Dowell,,241.0,2026-01-23,1997-10-10,False,p171270,0,0,0,0,0,0,0,0,0,0,0,0,0,0.0,0.0,0.0,0.0,0,0,0,0,0,0.00,0.00,0.00,0.00,,,,,,,[],,352,137,356,147,283,103,369,144,0.0,0.0,0.0,0.0,0.0,0.0,431,247,419,172,419,172,283,91,0.0,0.0,0.0
True,True,75.0,,101282,0,0,0,0,1.4,-146,"[{'offset': 0, 'projected_percent': '1.1', 'likelihood': 1}, {'offset': 1, 'projected_percent': '-7.4', 'likelihood': -1}, {'offset': 2, 'projected_percent': '-24.0', 'likelihood': -2}]",,False,0,3,0.8,1.0,0,Matt,1.0,289,False,Thigh injury - 75% chance of playing,2026-08-29T15:00:08.569326Z,45,101282.jpg,2.0,False,Crooks,0.7,False,,d,11,88,2,11963,1822,10038,4348,0.2,0.4,Crooks,,241.0,2025-01-10,1994-01-20,False,p101282,90,0,0,1,0,0,0,0,1,0,0,0,9,19.0,2.4,0.0,2.1,4,1,4,9,1,0.00,0.00,0.00,1.83,,,,,,,[],https://www.wearehullcity.co.uk/news/2026/august/29/team-news-coventry-city-a/,89,29,171,101,271,100,169,77,0.0,0.0,0.0,0.0,1.83,0.0,414,244,212,98,152,70,231,77,1.0,1.0,9.0
True,True,,,243413,0,0,0,0,42.7,684,"[{'offset': 0, 'projected_percent': '44.2', 'likelihood': 3}, {'offset': 1, 'projected_percent': '53.6', 'likelihood': 3}, {'offset': 2, 'projected_percent': '63.0', 'likelihood': 3}]",,False,0,3,4.0,4.0,2,Regan,4.0,290,False,,,45,243413.jpg,4.0,False,Slater,4.2,False,,a,11,88,8,132560,40189,35936,13562,0.9,1.8,Slater,,241.0,2022-01-27,1999-09-11,False,p243413,180,0,1,2,0,0,0,0,1,0,0,0,26,18.4,19.3,0.0,3.8,2,6,5,13,2,0.00,0.45,0.45,3.12,2.0,,,,,,[],,94,33,63,41,306,106,106,55,0.0,0.0,0.22,0.22,1.56,0.0,462,250,75,35,83,38,83,27,1.0,1.0,6.5
True,True,0.0,0.0,465525,0,0,0,0,-8.7,0,"[{'offset': 0, 'projected_percent': '-8.7', 'likelihood': -1}, {'offset': 1, 'projected_percent': '-8.7', 'likelihood': -1}, {'offset': 2, 'projected_percent': '-8.7', 'likelihood': -1}]",,False,0,3,0.0,0.0,0,Eliot,0.0,291,False,Knee injury - Unknown return date,2026-07-23T12:01:23.532635Z,45,465525.jpg,0.0,False,Matazo,0.0,False,,i,11,88,0,91,27,136,40,0.0,0.0,Matazo,,21.0,2025-01-23,2002-02-15,False,p465525,0,0,0,0,0,0,0,0,0,0,0,0,0,0.0,0.0,0.0,0.0,0,0,0,0,0,0.00,0.00,0.00,0.00,,,,,,,[],,377,140,382,150,317,108,394,147,0.0,0.0,0.0,0.0,0.0,0.0,478,252,440,175,440,175,601,257,0.0,0.0,0.0
True,True,,,208481,0,0,0,0,-65.8,-3,"[{'offset': 0, 'projected_percent': '-70.1', 'likelihood': -3}, {'offset': 1, 'projected_percent': '-96.2', 'likelihood': -4}, {'offset': 2, 'projected_percent': '-122.3', 'likelihood': -5}]",,False,0,3,0.0,0.0,0,Abdülkadir,0.0,292,False,,,50,208481.jpg,0.0,False,Ömür,0.0,False,,a,11,88,0,277,68,523,136,0.0,0.0,Ömür,,219.0,2024-02-01,1999-06-25,False,p208481,0,0,0,0,0,0,0,0,0,0,0,0,0,0.0,0.0,0.0,0.0,0,0,0,0,0,0.00,0.00,0.00,0.00,,,,,,,[],,461,179,469,188,414,151,477,186,0.0,0.0,0.0,0.0,0.0,0.0,263,162,510,209,510,209,566,235,0.0,0.0,0.0
True,False,0.0,0.0,490161,0,0,0,0,0.0,0,"[{'offset': 0, 'projected_percent': '0.0', 'likelihood': 0}, {'offset': 1, 'projected_percent': '0.0', 'likelihood': 0}, {'offset': 2, 'projected_percent': '0.0', 'likelihood': 0}]",,False,0,3,0.0,0.0,0,Abu,0.0,293,False,Has joined Portsmouth permanently,2026-08-12T14:08:23.542043Z,50,490161.jpg,0.0,False,Kamara,0.0,False,,u,11,88,0,0,0,234,37,0.0,0.0,Kamara,,241.0,2024-08-30,2003-07-21,False,p490161,0,0,0,0,0,0,0,0,0,0,0,0,0,0.0,0.0,0.0,0.0,0,0,0,0,0,0.00,0.00,0.00,0.00,,,,,,,[],,505,204,517,213,474,180,521,211,0.0,0.0,0.0,0.0,0.0,0.0,335,196,545,227,545,227,611,266,0.0,0.0,0.0
True,True,0.0,0.0,553783,0,0,0,0,-31.7,-4,"[{'offset': 0, 'projected_percent': '-32.1', 'likelihood': -2}, {'offset': 1, 'projected_percent': '-34.1', 'likelihood': -2}, {'offset': 2, 'projected_percent': '-36.2', 'likelihood': -2}]",,False,0,3,0.0,0.0,0,Óscar,0.0,294,False,Thigh injury - Unknown return date,2026-08-04T18:30:11.016909Z,45,553783.jpg,0.0,False,Zambrano,0.1,False,,i,11,88,0,837,346,2824,675,0.0,0.0,Zambrano,,62.0,2026-07-21,2004-04-20,False,p553783,0,0,0,0,0,0,0,0,0,0,0,0,0,0.0,0.0,0.0,0.0,0,0,0,0,0,0.00,0.00,0.00,0.00,,,,,,,[],,404,148,411,158,349,116,420,155,0.0,0.0,0.0,0.0,0.0,0.0,513,260,464,183,464,183,416,164,0.0,0.0,0.0
True,True,,,169432,0,0,0,0,31.4,-133,"[{'offset': 0, 'projected_percent': '31.1', 'likelihood': 2}, {'offset': 1, 'projected_percent': '29.2', 'likelihood': 2}, {'offset': 2, 'projected_percent': '27.4', 'likelihood': 2}]",,False,0,4,3.0,3.0,1,Oli,3.0,295,False,,,55,169432.jpg,3.0,False,McBurnie,2.2,False,,a,11,88,6,94005,11364,28773,12832,0.5,1.1,McBurnie,,243.0,2025-08-06,1996-06-04,False,p169432,180,0,1,2,0,0,0,0,1,0,0,0,28,17.2,21.1,52.0,9.0,3,6,0,9,2,0.16,0.02,0.18,3.12,,,,,1.0,,[],,100,10,61,4,6,2,21,5,0.08,0.0,0.01,0.09,1.56,0.0,125,31,102,12,113,17,127,20,1.0,1.0,4.5
True,True,,,213292,0,0,0,0,0.0,-2,"[{'offset': 0, 'projected_percent': '0.0', 'likelihood': 0}, {'offset': 1, 'projected_percent': '-3.7', 'likelihood': -1}, {'offset': 2, 'projected_percent': '-11.7', 'likelihood': -1}]",,False,0,3,0.0,0.0,0,David,0.0,296,False,,,50,213292.jpg,0.0,False,Akintola,0.0,False,,a,11,88,0,1315,401,1381,441,0.0,0.0,Akintola,,157.0,2025-08-15,1996-01-13,False,p213292,0,0,0,0,0,0,0,0,0,0,0,0,0,0.0,0.0,0.0,0.0,0,0,0,0,0,0.00,0.00,0.00,0.00,,,,,,,[],,463,180,471,189,417,153,479,187,0.0,0.0,0.0,0.0,0.0,0.0,268,166,512,210,512,210,502,207,0.0,0.0,0.0
True,True,0.0,0.0,470294,0,0,0,0,-41.6,-6,"[{'offset': 0, 'projected_percent': '-43.7', 'likelihood': -3}, {'offset': 1, 'projected_percent': '-57.0', 'likelihood': -3}, {'offset': 2, 'projected_percent': '-70.3', 'likelihood': -3}]",,False,0,3,0.0,0.0,0,Darko,0.0,297,False,Thigh injury - Unknown return date,2026-08-04T18:30:11.027155Z,45,470294.jpg,0.0,False,Gyabi,0.0,False,,i,11,88,0,102,38,678,152,0.0,0.0,Gyabi,,241.0,2025-09-01,2004-02-18,False,p470294,0,0,0,0,0,0,0,0,0,0,0,0,0,0.0,0.0,0.0,0.0,0,0,0,0,0,0.00,0.00,0.00,0.00,,,,,,,[],,378,141,383,151,318,109,395,148,0.0,0.0,0.0,0.0,0.0,0.0,479,253,441,176,441,176,548,225,0.0,0.0,0.0
True,False,0.0,0.0,500957,0,0,0,0,0.0,-59,"[{'offset': 0, 'projected_percent': '0.0', 'likelihood': 0}, {'offset': 1, 'projected_percent': '0.0', 'likelihood': 0}, {'offset': 2, 'projected_percent': '0.0', 'likelihood': 0}]",,False,0,4,0.0,0.0,0,Enis,0.0,298,False,Has joined Konyaspor permanently,2026-08-17T13:50:27.145733Z,45,500957.jpg,0.0,False,Destan,0.3,False,,u,11,88,0,0,0,10974,2108,0.0,0.0,Destan,,219.0,2025-08-01,2002-06-15,False,p500957,0,0,0,0,0,0,0,0,0,0,0,0,0,0.0,0.0,0.0,0.0,0,0,0,0,0,0.00,0.00,0.00,0.00,,,,,,,[],,390,26,397,34,335,32,406,35,0.0,0.0,0.0,0.0,0.0,0.0,498,64,450,44,450,44,298,51,0.0,0.0,0.0
True,False,0.0,0.0,534392,0,0,0,0,0.0,-24,"[{'offset': 0, 'projected_percent': '0.0', 'likelihood': 0}, {'offset': 1, 'projected_percent': '0.0', 'likelihood': 0}, {'offset': 2, 'projected_percent': '0.0', 'likelihood': 0}]",,False,0,4,0.0,0.0,0,Mason,0.0,299,False,Has joined Sheffield Wednesday on loan for the rest of the season,2026-08-03T14:05:20.234842Z,45,534392.jpg,0.0,False,Burstow,0.0,False,,u,11,88,0,0,0,1528,318,0.0,0.0,Burstow,,241.0,2024-08-16,2003-08-04,False,p534392,0,0,0,0,0,0,0,0,0,0,0,0,0,0.0,0.0,0.0,0.0,0,0,0,0,0,0.00,0.00,0.00,0.00,,,,,,,[],,398,27,405,35,343,33,414,36,0.0,0.0,0.0,0.0,0.0,0.0,506,65,458,45,458,45,493,66,0.0,0.0,0.0
True,True,0.0,0.0,462635,0,0,0,0,-49.6,0,"[{'offset': 0, 'projected_percent': '-49.6', 'likelihood': -3}, {'offset': 1, 'projected_percent': '-49.6', 'likelihood': -3}, {'offset': 2, 'projected_percent': '-49.6', 'likelihood': -3}]",,False,0,3,0.0,0.0,0,Joe,0.0,340,False,Ankle injury - Expected back 5 Sep,2026-08-17T21:30:07.799839Z,50,462635.jpg,0.0,False,Gelhardt,0.0,False,,i,11,88,0,61,16,366,78,0.0,0.0,Gelhardt,,241.0,2026-08-15,2002-05-04,False,p462635,0,0,0,0,0,0,0,0,0,0,0,0,0,0.0,0.0,0.0,0.0,0,0,0,0,0,0.00,0.00,0.00,0.00,,,,,,,[],,496,197,506,206,459,172,512,204,0.0,0.0,0.0,0.0,0.0,0.0,316,187,538,222,538,222,586,248,0.0,0.0,0.0
True,True,,,169359,0,0,0,0,-22.7,-64,"[{'offset': 0, 'projected_percent': '-23.4', 'likelihood': -2}, {'offset': 1, 'projected_percent': '-27.6', 'likelihood': -2}, {'offset': 2, 'projected_percent': '-31.7', 'likelihood': -2}]",,False,0,2,0.5,0.5,0,Matt,0.5,556,False,,,40,169359.jpg,1.0,False,Targett,2.2,False,,a,11,88,1,7707,2314,22166,6725,0.1,0.2,Targett,,241.0,2026-07-23,1995-09-18,False,p169359,5,0,0,0,0,0,0,0,0,0,0,0,3,0.4,0.0,0.0,0.0,0,1,0,0,0,0.00,0.00,0.00,0.07,,,,,,,[],,271,101,292,106,210,71,310,106,0.0,0.0,0.0,0.0,1.26,0.0,568,160,264,87,223,70,124,50,0.0,0.0,0.0
True,True,100.0,100.0,445028,0,0,0,0,0.0,0,"[{'offset': 0, 'projected_percent': '0.0', 'likelihood': 0}, {'offset': 1, 'projected_percent': '0.0', 'likelihood': 0}, {'offset': 2, 'projected_percent': '0.0', 'likelihood': 0}]",,False,0,3,0.5,0.5,1,Hidemasa,0.5,563,False,,2026-08-15T16:00:07.961518Z,50,445028.jpg,1.0,False,Morita,0.0,False,,a,11,88,1,218,100,408,80,0.1,0.2,Morita,,108.0,2026-07-24,1995-05-10,False,p445028,45,0,0,0,0,0,0,0,0,0,0,0,6,0.0,0.0,0.0,0.0,2,1,0,3,1,0.00,0.00,0.00,1.09,,,,,,,[],,489,193,499,202,452,168,505,200,0.0,0.0,0.0,0.0,2.18,0.0,308,183,294,132,267,117,551,228,2.0,0.0,6.0
True,True,,,473284,0,0,0,0,57.6,2312,"[{'offset': 0, 'projected_percent': '62.8', 'likelihood': 3}, {'offset': 1, 'projected_percent': '94.5', 'likelihood': 3}, {'offset': 2, 'projected_percent': '126.3', 'likelihood': 5}]",,False,2,1,10.0,10.0,10,Konstantinos,10.0,572,True,,,45,473284.jpg,10.0,False,Tzolakis,4.4,False,,a,11,88,20,187311,85341,20253,7838,2.2,4.4,Tzolakis,,83.0,2026-08-05,2002-11-08,False,p473284,180,0,0,2,0,0,0,0,0,0,8,6,73,34.6,0.0,0.0,3.5,0,33,0,0,2,0.00,0.00,0.00,3.12,,,,,,,[],,38,4,385,42,322,42,116,4,0.0,4.0,0.0,0.0,1.56,0.0,483,41,4,1,8,1,78,10,1.0,1.0,0.0
True,True,,,552946,0,0,0,0,-53.2,-15,"[{'offset': 0, 'projected_percent': '-58.0', 'likelihood': -3}, {'offset': 1, 'projected_percent': '-87.3', 'likelihood': -3}, {'offset': 2, 'projected_percent': '-116.7', 'likelihood': -5}]",,False,0,3,0.0,0.0,0,Jens,0.0,574,False,,,50,552946.jpg,0.0,False,Hjertø-Dahl,0.1,False,,a,11,88,0,408,101,1375,406,0.0,0.0,Hjertø-Dahl,,161.0,2026-08-07,2005-10-31,False,p552946,0,0,0,0,0,0,0,0,0,0,0,0,0,0.0,0.0,0.0,0.0,0,0,0,0,0,0.00,0.00,0.00,0.00,,,,,,,[],,526,216,539,225,498,194,542,223,0.0,0.0,0.0,0.0,0.0,0.0,374,222,563,237,563,237,459,185,0.0,0.0,0.0
True,True,,,608227,0,0,0,0,0.3,-4,"[{'offset': 0, 'projected_percent': '0.3', 'likelihood': 1}, {'offset': 1, 'projected_percent': '0.2', 'likelihood': 1}, {'offset': 2, 'projected_percent': '0.2', 'likelihood': 1}]",,False,0,3,1.5,1.5,0,Elliot,1.5,576,False,,,50,608227.jpg,1.5,False,Stroud,0.1,False,,a,11,88,3,1685,255,1003,406,0.3,0.6,Stroud,,206.0,2026-08-09,2002-06-22,False,p608227,128,0,0,1,0,0,0,0,1,0,0,0,9,8.4,4.8,0.0,1.3,3,7,3,13,2,0.01,0.04,0.05,2.25,,,,,,,[],,176,69,146,86,506,201,225,100,0.01,0.0,0.03,0.04,1.58,0.0,384,230,186,85,204,96,426,169,1.41,0.7,9.14
True,True,,,597462,0,0,0,0,-4.9,-7,"[{'offset': 0, 'projected_percent': '-5.1', 'likelihood': -1}, {'offset': 1, 'projected_percent': '-6.6', 'likelihood': -1}, {'offset': 2, 'projected_percent': '-8.0', 'likelihood': -1}]",,False,0,2,1.0,1.0,1,Lucas,1.0,585,False,,,40,597462.jpg,1.0,False,Herrington,0.6,False,,a,11,88,2,3624,853,4796,1194,0.2,0.5,Herrington,,13.0,2026-08-12,2007-09-05,False,p597462,57,0,0,0,0,0,0,0,0,0,0,0,7,8.0,0.0,0.0,0.8,5,0,0,5,0,0.00,0.00,0.00,1.16,,,,,,,[],,178,78,332,135,255,105,241,91,0.0,0.0,0.0,0.0,1.83,0.0,619,200,210,72,229,76,234,87,0.0,0.0,7.89
True,True,100.0,100.0,606930,0,0,0,0,41.9,831,"[{'offset': 0, 'projected_percent': '43.8', 'likelihood': 3}, {'offset': 1, 'projected_percent': '55.2', 'likelihood': 3}, {'offset': 2, 'projected_percent': '66.6', 'likelihood': 3}]",,False,1,2,8.0,8.0,1,Nobel,8.0,586,False,,2026-08-22T17:30:08.045208Z,40,606930.jpg,8.0,False,Mendy,4.9,False,,a,11,88,16,239005,59425,36105,16645,2.0,4.0,Mendy,,189.0,2026-08-12,2004-09-03,False,p606930,121,1,0,1,0,0,0,0,0,0,0,1,44,51.8,0.6,33.0,8.5,20,4,2,22,2,0.29,0.00,0.29,1.95,,,,,,,[],,4,1,237,84,23,6,27,5,0.22,0.0,0.0,0.22,1.45,0.0,621,202,14,5,20,8,70,29,1.49,0.74,16.36
True,True,,,469266,0,0,0,0,0.0,1,"[{'offset': 0, 'projected_percent': '0.0', 'likelihood': 0}, {'offset': 1, 'projected_percent': '0.0', 'likelihood': 0}, {'offset': 2, 'projected_percent': '0.0', 'likelihood': 0}]",,False,0,3,0.5,0.5,1,Lucas,0.5,589,False,,,50,469266.jpg,1.0,False,Gourna-Douath,0.0,False,,a,11,88,1,202,67,402,89,0.1,0.2,Gourna-Douath,,73.0,2026-08-15,2003-08-05,False,p469266,45,0,0,0,0,0,0,0,0,0,0,0,6,0.0,0.0,0.0,0.0,1,2,3,6,0,0.00,0.01,0.01,0.20,,,,,,,[],,498,199,509,208,464,175,514,206,0.0,0.0,0.02,0.02,0.4,0.0,323,190,297,134,271,120,538,221,0.0,0.0,12.0
True,True,,,490884,0,0,0,0,0.0,0,"[{'offset': 0, 'projected_percent': '0.0', 'likelihood': 0}, {'offset': 1, 'projected_percent': '0.0', 'likelihood': 0}, {'offset': 2, 'projected_percent': '0.0', 'likelihood': 0}]",2026-09-10T13:58:52.488087Z,False,0,3,1.5,1.5,1,Mohamed-Ali,1.0,617,False,,,50,490884.jpg,1.0,False,Cho,0.0,False,,a,11,88,1,236,211,47,45,0.2,0.2,Cho,,73.0,2026-08-27,2004-01-19,False,p490884,7,0,0,0,0,0,0,0,0,0,0,0,3,0.0,0.0,0.0,0.0,0,0,0,0,0,0.00,0.00,0.00,0.18,,,,,,,[],,507,206,519,215,476,182,523,213,0.0,0.0,0.0,0.0,2.31,0.0,337,198,236,109,274,122,609,265,0.0,0.0,0.0
True,True,,,219924,0,0,0,0,-9.7,-356,"[{'offset': 0, 'projected_percent': '-10.2', 'likelihood': -1}, {'offset': 1, 'projected_percent': '-13.3', 'likelihood': -1}, {'offset': 2, 'projected_percent': '-16.4', 'likelihood': -1}]",,False,0,2,2.0,2.0,2,Issa,2.0,259,False,,,40,219924.jpg,2.0,False,Diop,16.6,False,,a,12,40,4,36418,9905,98362,27438,0.5,1.0,Diop,,145.0,2026-07-22,1997-01-09,False,p219924,180,0,0,0,6,0,0,0,0,0,0,0,13,7.2,0.8,2.0,1.0,15,10,1,16,2,0.00,0.01,0.01,5.22,,,,,,,[],,184,81,226,76,156,52,234,88,0.0,0.0,0.0,0.0,2.61,3.0,578,168,144,52,151,54,22,7,1.0,0.0,8.0
True,True,,,212314,0,0,0,0,-8.9,-17,"[{'offset': 0, 'projected_percent': '-12.0', 'likelihood': -1}, {'offset': 1, 'projected_percent': '-31.1', 'likelihood': -2}, {'offset': 2, 'projected_percent': '-50.2', 'likelihood': -3}]",,False,0,3,3.0,3.0,1,Saša,3.0,267,False,,,50,212314.jpg,3.0,False,Lukić,0.1,False,,a,12,40,6,1416,238,1742,397,0.6,1.2,Lukić,,190.0,2026-08-08,1996-08-13,False,p212314,162,0,1,0,5,0,0,0,1,0,0,0,33,23.4,14.8,2.0,4.0,9,4,4,17,2,0.01,0.04,0.05,4.48,4.0,,,,,,[],,71,24,82,52,167,82,102,53,0.01,0.0,0.02,0.03,2.49,2.78,267,165,96,43,107,45,396,156,1.11,0.0,9.44
True,True,,,108813,0,0,0,0,-49.7,-46,"[{'offset': 0, 'projected_percent': '-51.9', 'likelihood': -3}, {'offset': 1, 'projected_percent': '-65.6', 'likelihood': -3}, {'offset': 2, 'projected_percent': '-79.4', 'likelihood': -3}]",,False,0,1,0.0,0.0,0,Christian,0.0,300,False,,,45,108813.jpg,0.0,False,Walton,0.5,False,,a,12,40,0,313,104,5520,948,0.0,0.0,Walton,,241.0,2022-01-19,1995-11-09,False,p108813,0,0,0,0,0,0,0,0,0,0,0,0,0,0.0,0.0,0.0,0.0,0,0,0,0,0,0.00,0.00,0.00,0.00,,,,,,,[],,344,46,347,28,274,28,361,46,0.0,0.0,0.0,0.0,0.0,0.0,418,27,411,47,411,47,263,34,0.0,0.0,0.0
True,True,,,112520,0,0,0,0,-7.5,-46,"[{'offset': 0, 'projected_percent': '-7.8', 'likelihood': -1}, {'offset': 1, 'projected_percent': '-9.3', 'likelihood': -1}, {'offset': 2, 'projected_percent': '-10.7', 'likelihood': -1}]",,False,0,1,0.0,0.0,0,Alex,0.0,301,False,,,40,112520.jpg,0.0,False,Palmer,4.4,False,,a,12,40,0,13588,5902,24021,6673,0.0,0.0,Palmer,,241.0,2025-02-03,1996-08-10,False,p112520,0,0,0,0,0,0,0,0,0,0,0,0,0,0.0,0.0,0.0,0.0,0,0,0,0,0,0.00,0.00,0.00,0.00,,,,,,,[],,290,29,287,9,205,9,306,29,0.0,0.0,0.0,0.0,0.0,0.0,561,57,359,30,359,30,79,11,0.0,0.0,0.0
True,True,,,50093,0,0,0,0,0.3,12,"[{'offset': 0, 'projected_percent': '0.3', 'likelihood': 1}, {'offset': 1, 'projected_percent': '0.5', 'likelihood': 1}, {'offset': 2, 'projected_percent': '0.6', 'likelihood': 1}]",,False,0,1,0.0,0.0,0,David,0.0,302,False,,,40,50093.jpg,0.0,False,Button,0.5,False,,a,12,40,0,3597,1638,2590,771,0.0,0.0,Button,,241.0,2025-07-04,1989-02-27,False,p50093,0,0,0,0,0,0,0,0,0,0,0,0,0,0.0,0.0,0.0,0.0,0,0,0,0,0,0.00,0.00,0.00,0.00,,,,,,,[],,283,24,280,4,198,4,299,24,0.0,0.0,0.0,0.0,0.0,0.0,553,52,352,25,352,25,265,35,0.0,0.0,0.0
True,True,,,183015,0,0,0,0,-38.0,-56,"[{'offset': 0, 'projected_percent': '-40.2', 'likelihood': -3}, {'offset': 1, 'projected_percent': '-53.7', 'likelihood': -3}, {'offset': 2, 'projected_percent': '-67.3', 'likelihood': -3}]",,False,0,2,0.0,0.0,0,Cédric,0.0,303,False,,,40,183015.jpg,0.0,False,Kipré,0.6,False,,a,12,40,0,470,138,6050,1103,0.0,0.0,Kipré,,54.0,2026-07-01,1996-12-09,False,p183015,0,0,0,0,0,0,0,0,0,0,0,0,0,0.0,0.0,0.0,0.0,0,0,0,0,0,0.00,0.00,0.00,0.00,,,,,,,[],,296,107,295,108,214,74,313,108,0.0,0.0,0.0,0.0,0.0,0.0,572,163,364,121,364,121,240,91,0.0,0.0,0.0
True,True,,,216616,0,0,0,0,-0.5,-86,"[{'offset': 0, 'projected_percent': '-1.1', 'likelihood': -1}, {'offset': 1, 'projected_percent': '-4.7', 'likelihood': -1}, {'offset': 2, 'projected_percent': '-8.4', 'likelihood': -1}]",,False,0,2,2.0,2.0,0,Dara,2.0,304,False,,,40,216616.jpg,2.0,False,O'Shea,3.4,False,,a,12,40,4,22308,6669,20486,6502,0.5,1.0,O'Shea,,104.0,2024-08-25,1999-03-04,False,p216616,180,0,0,0,6,0,0,0,0,0,0,0,2,48.0,24.5,2.0,7.5,17,8,2,19,2,0.07,0.17,0.24,5.22,,,,,,,[],,9,2,48,16,155,51,34,9,0.04,0.0,0.08,0.12,2.61,3.0,577,167,143,51,150,53,100,39,1.0,0.0,9.5
True,True,,,455084,0,0,0,0,-9.4,189,"[{'offset': 0, 'projected_percent': '-8.5', 'likelihood': -1}, {'offset': 1, 'projected_percent': '-2.9', 'likelihood': -1}, {'offset': 2, 'projected_percent': '1.2', 'likelihood': 1}]",,False,0,2,4.0,4.0,6,Leif,4.0,305,False,,,40,455084.jpg,4.0,False,Davis,4.8,False,,a,12,40,8,16702,9380,29778,8488,1.0,2.0,Davis,,241.0,2022-07-25,1999-12-31,False,p455084,180,1,0,0,6,0,0,0,0,0,0,0,11,15.2,2.3,0.0,1.8,11,5,0,11,2,0.49,0.13,0.62,5.22,2.0,,2.0,,,,[],,111,50,176,52,228,83,190,75,0.24,0.0,0.06,0.3,2.61,3.0,591,177,72,25,80,27,71,30,1.0,0.0,5.5
True,True,,,449429,0,0,0,0,-14.7,-75,"[{'offset': 0, 'projected_percent': '-15.9', 'likelihood': -1}, {'offset': 1, 'projected_percent': '-23.6', 'likelihood': -2}, {'offset': 2, 'projected_percent': '-31.3', 'likelihood': -2}]",,False,0,2,0.5,0.5,-1,Jacob,0.5,306,False,,,40,449429.jpg,0.5,False,Greaves,1.4,False,,a,12,40,1,2260,624,8150,2039,0.1,0.2,Greaves,,241.0,2024-07-12,2000-09-12,False,p449429,180,0,0,0,6,1,0,0,1,0,0,0,-1,16.4,1.3,0.0,1.8,13,5,4,17,2,0.00,0.01,0.01,5.22,,,,,,,[],,105,45,204,65,227,82,189,74,0.0,0.0,0.0,0.0,2.61,3.0,589,175,266,89,336,109,164,66,1.0,0.0,8.5
True,True,,,222018,0,0,0,0,-25.9,-6,"[{'offset': 0, 'projected_percent': '-27.1', 'likelihood': -2}, {'offset': 1, 'projected_percent': '-34.6', 'likelihood': -2}, {'offset': 2, 'projected_percent': '-42.2', 'likelihood': -3}]",,False,0,2,0.0,0.0,0,Ben,0.0,307,False,,,40,222018.jpg,0.0,False,Johnson,0.1,False,,a,12,40,0,606,179,1326,304,0.0,0.0,Johnson,,241.0,2024-07-01,2000-01-24,False,p222018,0,0,0,0,0,0,0,0,0,0,0,0,0,0.0,0.0,0.0,0.0,0,0,0,0,0,0.00,0.00,0.00,0.00,,,,,,,[],,301,111,300,112,220,79,318,112,0.0,0.0,0.0,0.0,0.0,0.0,580,170,369,125,369,125,413,146,0.0,0.0,0.0
True,True,,,176420,0,0,0,0,-34.6,-36,"[{'offset': 0, 'projected_percent': '-36.0', 'likelihood': -2}, {'offset': 1, 'projected_percent': '-44.9', 'likelihood': -3}, {'offset': 2, 'projected_percent': '-53.8', 'likelihood': -3}]",,False,0,2,0.5,0.5,1,Darnell,0.5,308,False,,,40,176420.jpg,1.0,False,Furlong,0.6,False,,a,12,40,1,381,112,5462,1046,0.1,0.2,Furlong,,241.0,2025-08-28,1995-10-31,False,p176420,17,0,0,0,1,0,0,0,0,0,0,0,-1,0.0,0.0,0.0,0.0,2,0,0,2,0,0.00,0.00,0.00,0.73,,,,,,,[],,295,106,294,107,213,73,312,107,0.0,0.0,0.0,0.0,3.86,5.29,571,162,265,88,224,71,242,92,0.0,0.0,10.59
True,True,,,501390,0,0,0,0,-3.6,-19,"[{'offset': 0, 'projected_percent': '-6.7', 'likelihood': -1}, {'offset': 1, 'projected_percent': '-25.8', 'likelihood': -2}, {'offset': 2, 'projected_percent': '-44.8', 'likelihood': -3}]",,False,0,3,3.0,3.0,2,Marcelino,3.0,309,False,,,50,501390.jpg,3.0,False,Núñez,0.1,False,,a,12,40,6,1563,366,1851,458,0.6,1.2,Núñez,,44.0,2025-08-29,2000-03-01,False,p501390,140,0,0,0,4,0,0,0,0,0,0,0,32,13.0,7.3,4.0,2.4,8,10,3,21,2,0.03,0.05,0.08,3.44,1.0,,1.0,,,,[],,135,45,131,77,133,66,155,70,0.02,0.0,0.03,0.05,2.21,2.57,347,202,100,45,111,47,384,148,1.29,0.0,13.5
True,True,0.0,0.0,241117,0,0,0,0,-65.8,-4,"[{'offset': 0, 'projected_percent': '-75.7', 'likelihood': -3}, {'offset': 1, 'projected_percent': '-136.4', 'likelihood': -5}, {'offset': 2, 'projected_percent': '-197.2', 'likelihood': -5}]",,False,0,3,0.0,0.0,0,Azor,0.0,310,False,Muscular injury - Unknown return date,2026-07-29T18:00:10.305484Z,50,241117.jpg,0.0,False,Matusiwa,0.0,False,,i,12,40,0,12,4,135,23,0.0,0.0,Matusiwa,,152.0,2025-07-13,1998-04-28,False,p241117,0,0,0,0,0,0,0,0,0,0,0,0,0,0.0,0.0,0.0,0.0,0,0,0,0,0,0.00,0.00,0.00,0.00,,,,,,,[],https://www.itfc.co.uk/news/2026/may/12/midfield-duo-undergo-surgery/,477,187,486,196,437,161,493,194,0.0,0.0,0.0,0.0,0.0,0.0,292,176,523,216,523,216,613,268,0.0,0.0,0.0
True,False,0.0,0.0,149929,0,0,0,0,0.0,-1,"[{'offset': 0, 'projected_percent': '0.0', 'likelihood': 0}, {'offset': 1, 'projected_percent': '0.0', 'likelihood': 0}, {'offset': 2, 'projected_percent': '0.0', 'likelihood': 0}]",,False,0,3,0.0,0.0,0,Wes,0.0,311,False,Has joined Leicester City permanently,2026-08-10T14:02:47.597478Z,50,149929.jpg,0.0,False,Burns,0.0,False,,u,12,40,0,0,0,219,28,0.0,0.0,Burns,,244.0,2021-06-09,1994-11-23,False,p149929,0,0,0,0,0,0,0,0,0,0,0,0,0,0.0,0.0,0.0,0.0,0,0,0,0,0,0.00,0.00,0.00,0.00,,,,,,,[],,449,170,457,180,397,139,465,177,0.0,0.0,0.0,0.0,0.0,0.0,242,146,503,203,503,203,608,264,0.0,0.0,0.0
True,True,0.0,0.0,231899,0,0,0,0,-43.1,-4,"[{'offset': 0, 'projected_percent': '-44.0', 'likelihood': -3}, {'offset': 1, 'projected_percent': '-49.5', 'likelihood': -3}, {'offset': 2, 'projected_percent': '-55.0', 'likelihood': -3}]",,False,0,3,0.0,0.0,0,Jack,0.0,312,False,Knee injury - Unknown return date,2026-07-29T18:00:10.319370Z,45,231899.jpg,0.0,False,Taylor,0.0,False,,i,12,40,0,171,60,1124,241,0.0,0.0,Taylor,,104.0,2023-06-26,1998-06-23,False,p231899,0,0,0,0,0,0,0,0,0,0,0,0,0,0.0,0.0,0.0,0.0,0,0,0,0,0,0.00,0.00,0.00,0.00,,,,,,,[],https://www.itfc.co.uk/news/2026/may/12/midfield-duo-undergo-surgery/,366,139,370,149,301,105,383,146,0.0,0.0,0.0,0.0,0.0,0.0,456,249,429,174,429,174,513,213,0.0,0.0,0.0
True,True,,,443261,0,0,0,0,0.3,-67,"[{'offset': 0, 'projected_percent': '0.1', 'likelihood': 1}, {'offset': 1, 'projected_percent': '-29.4', 'likelihood': -2}, {'offset': 2, 'projected_percent': '-62.8', 'likelihood': -3}]",,False,0,3,3.5,3.5,0,Jack,3.5,313,False,,,55,443261.jpg,7.0,False,Clarke,0.3,False,,a,12,40,7,3802,600,3712,1269,0.6,1.3,Clarke,Jack Clarke,241.0,2024-08-24,2000-11-23,False,p443261,19,1,0,0,0,0,0,0,0,0,0,1,27,33.6,0.6,18.0,5.2,0,1,1,2,0,0.10,0.00,0.10,0.03,3.0,,3.0,,1.0,,[],,40,18,245,130,51,26,72,39,0.47,0.0,0.0,0.47,0.14,0.0,169,105,89,40,27,14,302,103,0.0,0.0,9.47
True,True,,,229164,0,0,0,0,-79.1,-2,"[{'offset': 0, 'projected_percent': '-82.2', 'likelihood': -3}, {'offset': 1, 'projected_percent': '-101.1', 'likelihood': -5}, {'offset': 2, 'projected_percent': '-120.1', 'likelihood': -5}]",,False,0,3,0.0,0.0,0,Chiedozie,0.0,314,False,,,50,229164.jpg,0.0,False,Ogbene,0.0,False,,a,12,40,0,57,20,310,67,0.0,0.0,Ogbene,,104.0,2024-08-28,1997-05-01,False,p229164,0,0,0,0,0,0,0,0,0,0,0,0,0,0.0,0.0,0.0,0.0,0,0,0,0,0,0.00,0.00,0.00,0.00,,,,,,,[],,472,184,481,193,431,158,488,191,0.0,0.0,0.0,0.0,0.0,0.0,284,171,518,213,518,213,574,240,0.0,0.0,0.0
True,True,,,531442,0,0,0,0,-54.1,-9,"[{'offset': 0, 'projected_percent': '-55.1', 'likelihood': -3}, {'offset': 1, 'projected_percent': '-61.2', 'likelihood': -3}, {'offset': 2, 'projected_percent': '-67.2', 'likelihood': -3}]",,False,0,3,3.0,3.0,4,Abdul,3.0,315,False,,,55,531442.jpg,3.0,False,Fatawu,0.2,False,,a,12,40,6,1051,481,3568,800,0.5,1.1,Fatawu,Abdul Fatawu,81.0,2026-07-21,2004-03-08,False,p531442,147,0,1,0,6,0,0,0,1,0,0,0,47,18.6,28.4,8.0,5.5,2,4,5,11,2,0.00,0.64,0.64,5.05,,,,,,,[],,93,32,31,23,97,48,64,33,0.0,0.0,0.39,0.39,3.09,3.67,197,124,107,49,117,51,329,117,1.22,0.0,6.73
True,True,,,543968,0,0,0,0,26.3,-302,"[{'offset': 0, 'projected_percent': '25.6', 'likelihood': 2}, {'offset': 1, 'projected_percent': '21.5', 'likelihood': 2}, {'offset': 2, 'projected_percent': '17.3', 'likelihood': 1}]",,False,0,4,5.0,5.0,1,Emersonn,5.0,316,False,,,55,543968.jpg,5.0,False,Correia da Silva,2.0,False,,a,12,40,10,87758,10951,27528,10718,0.9,1.8,Emersonn,Emersonn,30.0,2026-07-08,2004-07-16,False,p543968,110,1,0,0,2,0,0,0,0,0,0,3,48,45.6,26.3,40.0,11.2,2,1,1,4,2,0.82,0.06,0.88,1.37,,,,,2.0,,[],,13,2,42,1,15,5,10,1,0.67,0.0,0.05,0.72,1.12,1.64,199,43,55,4,64,6,130,21,1.64,0.0,3.27
True,False,0.0,0.0,222625,0,0,0,0,0.0,-50,"[{'offset': 0, 'projected_percent': '0.0', 'likelihood': 0}, {'offset': 1, 'projected_percent': '0.0', 'likelihood': 0}, {'offset': 2, 'projected_percent': '0.0', 'likelihood': 0}]",,False,0,4,0.0,0.0,0,George,0.0,317,False,Has joined Stoke City permanently,2026-08-21T13:06:08.606019Z,50,222625.jpg,0.0,False,Hirst,0.1,False,,u,12,40,0,0,0,10074,1379,0.0,0.0,Hirst,,243.0,2023-07-13,1999-02-15,False,p222625,0,0,0,0,0,0,0,0,0,0,0,0,0,0.0,0.0,0.0,0.0,0,0,0,0,0,0.00,0.00,0.00,0.00,,,,,,,[],,470,36,479,44,427,42,486,45,0.0,0.0,0.0,0.0,0.0,0.0,280,51,516,53,516,53,377,54,0.0,0.0,0.0
True,True,0.0,0.0,481624,0,0,0,0,-82.9,-39,"[{'offset': 0, 'projected_percent': '-85.7', 'likelihood': -3}, {'offset': 1, 'projected_percent': '-103.1', 'likelihood': -5}, {'offset': 2, 'projected_percent': '-120.4', 'likelihood': -5}]",,False,0,3,0.0,0.0,0,Jaden,0.0,318,False,Ankle injury - Unknown return date,2026-08-25T11:30:07.532993Z,55,481624.jpg,0.0,False,Philogene,0.1,False,,i,12,40,0,112,6,5103,1175,0.0,0.0,Philogene,,241.0,2025-01-15,2002-02-08,False,p481624,0,0,0,0,0,0,0,0,0,0,0,0,0,0.0,0.0,0.0,0.0,0,0,0,0,0,0.00,0.00,0.00,0.00,5.0,,,,3.0,,[],,570,243,583,251,568,240,584,249,0.0,0.0,0.0,0.0,0.0,0.0,185,115,593,256,593,256,404,160,0.0,0.0,0.0
True,False,0.0,0.0,172453,0,0,0,0,0.0,-3,"[{'offset': 0, 'projected_percent': '0.0', 'likelihood': 0}, {'offset': 1, 'projected_percent': '0.0', 'likelihood': 0}, {'offset': 2, 'projected_percent': '0.0', 'likelihood': 0}]",,False,0,3,0.0,0.0,0,Sam,0.0,319,False,Has joined Derby County on loan for the rest of the season,2026-08-17T13:51:41.713979Z,50,172453.jpg,0.0,False,Szmodics,0.0,False,,u,12,40,0,0,0,492,83,0.0,0.0,Szmodics,,104.0,2024-08-16,1995-09-24,False,p172453,0,0,0,0,0,0,0,0,0,0,0,0,0,0.0,0.0,0.0,0.0,0,0,0,0,0,0.00,0.00,0.00,0.00,,,,,,,[],,455,175,463,185,405,146,471,182,0.0,0.0,0.0,0.0,0.0,0.0,250,153,508,207,508,207,604,260,0.0,0.0,0.0
True,True,,,147675,0,0,0,0,0.4,416,"[{'offset': 0, 'projected_percent': '1.3', 'likelihood': 1}, {'offset': 1, 'projected_percent': '7.1', 'likelihood': 1}, {'offset': 2, 'projected_percent': '12.8', 'likelihood': 1}]",,False,0,4,3.0,3.0,5,Chuba,3.0,320,False,,,50,147675.jpg,3.0,False,Akpom,0.6,False,,a,12,40,6,9107,4482,8527,2277,0.6,1.2,Akpom,,241.0,2026-07-01,1995-10-09,False,p147675,69,1,0,0,4,0,0,0,0,0,0,0,33,1.4,0.0,2.0,0.3,0,2,1,3,0,0.97,0.00,0.97,3.85,,,,,,,[],,258,21,456,43,165,26,276,29,1.27,0.0,0.0,1.27,5.02,5.22,241,49,94,11,105,16,247,39,0.0,0.0,3.91
True,True,,,557012,0,0,0,0,10.2,635,"[{'offset': 0, 'projected_percent': '11.6', 'likelihood': 1}, {'offset': 1, 'projected_percent': '20.3', 'likelihood': 2}, {'offset': 2, 'projected_percent': '29.0', 'likelihood': 2}]",,False,0,4,0.5,0.5,0,Sindre,0.5,321,False,,,45,557012.jpg,1.0,False,Walle Egeli,2.7,False,,a,12,40,1,69069,28357,34592,11151,0.1,0.2,Walle Egeli,,161.0,2025-08-29,2006-06-21,False,p557012,10,0,0,0,0,0,0,0,0,0,0,0,3,0.0,0.1,0.0,0.0,0,0,0,0,0,0.00,0.00,0.00,0.03,,,,,,,[],,407,29,274,31,352,35,423,38,0.0,0.0,0.0,0.0,0.27,0.0,516,67,279,34,249,29,110,17,0.0,0.0,0.0
True,False,0.0,0.0,462387,0,0,0,0,0.0,-43,"[{'offset': 0, 'projected_percent': '0.0', 'likelihood': 0}, {'offset': 1, 'projected_percent': '0.0', 'likelihood': 0}, {'offset': 2, 'projected_percent': '0.0', 'likelihood': 0}]",,False,0,4,0.0,0.0,0,Ali,0.0,322,False,Has joined Sheffield Wednesday on loan for the rest of the season,2026-08-27T14:54:10.215357Z,50,462387.jpg,0.0,False,Al-Hamadi,0.1,False,,u,12,40,0,755,0,4543,1541,0.0,0.0,Al-Hamadi,Ali Al Hamadi,103.0,2024-01-29,2002-03-01,False,p462387,0,0,0,0,0,0,0,0,0,0,0,0,0,0.0,0.0,0.0,0.0,0,0,0,0,0,0.00,0.00,0.00,0.00,,,,,,,[],,495,38,505,46,458,45,511,47,0.0,0.0,0.0,0.0,0.0,0.0,315,54,537,55,537,55,412,60,0.0,0.0,0.0
True,True,,,461587,0,0,0,0,-17.0,-20,"[{'offset': 0, 'projected_percent': '-17.4', 'likelihood': -1}, {'offset': 1, 'projected_percent': '-19.5', 'likelihood': -1}, {'offset': 2, 'projected_percent': '-21.7', 'likelihood': -2}]",,False,0,3,1.0,1.0,1,Kasey,1.0,323,False,,,45,461587.jpg,1.0,False,McAteer,1.3,False,,a,12,40,2,8185,2570,15498,3933,0.2,0.4,McAteer,,104.0,2025-08-22,2001-11-22,False,p461587,31,0,0,0,0,0,0,0,0,0,0,0,7,1.2,1.3,0.0,0.3,0,3,1,4,0,0.00,0.00,0.00,0.17,,,,,,,[],,261,120,206,116,316,107,274,128,0.0,0.0,0.0,0.0,0.49,0.0,476,251,217,99,243,107,167,50,0.0,0.0,11.61
True,True,,,232457,0,0,0,0,-76.5,-7,"[{'offset': 0, 'projected_percent': '-79.9', 'likelihood': -3}, {'offset': 1, 'projected_percent': '-100.7', 'likelihood': -5}, {'offset': 2, 'projected_percent': '-121.6', 'likelihood': -5}]",,False,0,3,0.0,0.0,0,Anis,0.0,324,False,,,50,232457.jpg,0.0,False,Mehmeti,0.0,False,,a,12,40,0,60,13,865,179,0.0,0.0,Mehmeti,,2.0,2026-01-23,2001-01-09,False,p232457,0,0,0,0,0,0,0,0,0,0,0,0,0,0.0,0.0,0.0,0.0,0,0,0,0,0,0.00,0.00,0.00,0.00,,,,,,,[],,475,186,484,195,435,160,491,193,0.0,0.0,0.0,0.0,0.0,0.0,288,173,521,215,521,215,496,204,0.0,0.0,0.0
True,False,0.0,0.0,546600,0,0,0,0,0.0,-3,"[{'offset': 0, 'projected_percent': '0.0', 'likelihood': 0}, {'offset': 1, 'projected_percent': '0.0', 'likelihood': 0}, {'offset': 2, 'projected_percent': '0.0', 'likelihood': 0}]",,False,0,1,0.0,0.0,0,Kayne,0.0,554,False,Has joined Valencia on loan for the rest of the season,2026-08-25T14:04:09.529320Z,45,546600.jpg,0.0,False,van Oevelen,0.0,False,,u,12,40,0,54,0,922,285,0.0,0.0,Van Oevelen,,152.0,2026-07-21,2003-08-07,False,p546600,0,0,0,0,0,0,0,0,0,0,0,0,0,0.0,0.0,0.0,0.0,0,0,0,0,0,0.00,0.00,0.00,0.00,,,,,,,[],,399,59,406,47,344,47,415,59,0.0,0.0,0.0,0.0,0.0,0.0,507,46,459,60,459,60,537,61,0.0,0.0,0.0
True,True,,,442967,0,0,0,0,-53.1,-56,"[{'offset': 0, 'projected_percent': '-56.8', 'likelihood': -3}, {'offset': 1, 'projected_percent': '-79.0', 'likelihood': -3}, {'offset': 2, 'projected_percent': '-101.2', 'likelihood': -5}]",,False,0,3,2.0,2.0,2,Daizen,2.0,562,False,,,55,442967.jpg,2.0,False,Maeda,0.4,False,,a,12,40,4,1015,275,5260,1218,0.4,0.7,Maeda,,108.0,2026-07-25,1997-10-20,False,p442967,151,0,0,0,5,0,0,0,0,0,0,0,16,12.6,1.4,7.0,2.1,5,3,5,13,2,0.66,0.01,0.67,4.45,,,,,,,[],,139,47,203,115,110,57,173,79,0.39,0.0,0.01,0.4,2.65,2.98,168,104,160,78,175,86,284,92,1.19,0.0,7.75
True,True,,,240514,0,0,0,0,-17.6,-16,"[{'offset': 0, 'projected_percent': '-18.2', 'likelihood': -1}, {'offset': 1, 'projected_percent': '-21.9', 'likelihood': -2}, {'offset': 2, 'projected_percent': '-25.7', 'likelihood': -2}]",,False,0,1,2.0,2.0,2,Kjell,2.0,564,False,,,45,240514.jpg,2.0,False,Scherpen,0.6,False,,a,12,40,4,1929,600,4855,1279,0.4,0.9,Scherpen,,152.0,2026-07-28,2000-01-23,False,p240514,180,0,0,0,6,0,0,0,0,0,8,0,21,14.4,0.0,0.0,1.4,6,23,0,0,2,0.00,0.00,0.00,5.22,,,,,,,[],,118,16,372,37,303,37,215,16,0.0,4.0,0.0,0.0,2.61,3.0,459,36,145,11,153,11,236,32,1.0,0.0,0.0
True,True,75.0,75.0,216055,0,0,0,0,-63.1,-22,"[{'offset': 0, 'projected_percent': '-65.5', 'likelihood': -3}, {'offset': 1, 'projected_percent': '-80.2', 'likelihood': -3}, {'offset': 2, 'projected_percent': '-95.0', 'likelihood': -4}]",,False,0,3,0.0,0.0,0,Florentino Ibrain,0.0,571,False,Calf injury - 75% chance of playing,2026-08-25T11:30:07.678802Z,50,216055.jpg,0.0,False,Morris Luís,0.1,False,,d,12,40,0,244,30,2813,606,0.0,0.0,Florentino,Florentino,173.0,2026-08-04,1999-08-19,False,p216055,0,0,0,0,0,0,0,0,0,0,0,0,0,0.0,0.0,0.0,0.0,0,0,0,0,0,0.00,0.00,0.00,0.00,,,,,,,[],,465,181,474,190,421,154,481,188,0.0,0.0,0.0,0.0,0.0,0.0,273,167,513,211,513,211,406,161,0.0,0.0,0.0
True,True,100.0,100.0,474120,0,0,0,0,0.0,0,"[{'offset': 0, 'projected_percent': '0.0', 'likelihood': 0}, {'offset': 1, 'projected_percent': '0.0', 'likelihood': 0}, {'offset': 2, 'projected_percent': '0.0', 'likelihood': 0}]",2026-08-31T13:58:54.247304Z,False,0,3,5.0,5.0,5,Julio,5.0,591,False,,2026-08-22T18:00:07.551930Z,55,474120.jpg,5.0,False,Enciso,0.5,False,,a,12,40,10,23296,5627,6392,1938,0.9,1.8,Enciso,,168.0,2026-08-17,2004-01-23,False,p474120,160,0,2,0,6,0,0,0,0,0,0,0,48,21.6,14.0,18.0,5.4,2,12,2,16,2,0.63,0.62,1.25,5.19,,,,,,,[],,77,25,88,56,52,27,68,36,0.35,0.0,0.35,0.7,2.92,3.38,181,112,53,27,62,31,254,85,1.12,0.0,9.0
True,True,,,572584,0,0,0,0,0.0,0,"[{'offset': 0, 'projected_percent': '0.0', 'likelihood': 0}, {'offset': 1, 'projected_percent': '0.0', 'likelihood': 0}, {'offset': 2, 'projected_percent': '0.0', 'likelihood': 0}]",2026-08-31T13:59:29.234241Z,False,0,2,1.0,1.0,1,Abdoul,1.0,592,False,,,40,572584.jpg,1.0,False,Ouattara,1.0,False,,a,12,40,2,3693,924,7463,1597,0.2,0.5,Ouattara,,54.0,2026-08-17,2005-10-22,False,p572584,27,0,0,0,1,0,0,0,0,0,0,0,3,5.2,10.0,0.0,1.5,2,1,0,2,0,0.00,0.00,0.00,0.76,,,,,,,[],,208,90,123,37,249,100,207,80,0.0,0.0,0.0,0.0,2.53,3.33,613,195,209,71,228,75,190,74,0.0,0.0,6.67
True,True,,,524180,0,0,0,0,0.0,0,"[{'offset': 0, 'projected_percent': '0.0', 'likelihood': 0}, {'offset': 1, 'projected_percent': '0.0', 'likelihood': 0}, {'offset': 2, 'projected_percent': '0.0', 'likelihood': 0}]",2026-09-04T19:31:08.856600Z,False,0,3,0.0,0.0,0,Cameron,0.0,602,False,,,45,524180.jpg,0.0,False,Humphreys,0.0,False,,a,12,40,0,1931,656,582,249,0.0,0.0,Humphreys,,241.0,2021-08-09,2003-10-30,False,p524180,0,0,0,0,0,0,0,0,0,0,0,0,0,0.0,0.0,0.0,0.0,0,0,0,0,0,0.00,0.00,0.00,0.00,,,,,,,[],,397,147,404,157,342,115,413,154,0.0,0.0,0.0,0.0,0.0,0.0,505,259,457,182,457,182,510,211,0.0,0.0,0.0
True,True,,,218543,0,0,0,0,0.0,0,"[{'offset': 0, 'projected_percent': '0.0', 'likelihood': 0}, {'offset': 1, 'projected_percent': '0.0', 'likelihood': 0}, {'offset': 2, 'projected_percent': '0.0', 'likelihood': 0}]",2026-09-10T13:59:58.521186Z,False,0,3,1.5,1.5,1,Exequiel,1.0,619,False,,,50,218543.jpg,1.0,False,Palacios,0.0,False,,a,12,40,1,655,566,94,89,0.2,0.2,Palacios,,10.0,2026-08-27,1998-10-05,False,p218543,28,0,0,0,2,0,0,0,0,0,0,0,11,0.0,0.0,0.0,0.0,2,3,1,6,0,0.00,0.01,0.01,1.74,,,,,,,[],,466,182,475,191,422,155,482,189,0.0,0.0,0.03,0.03,5.59,6.43,274,168,229,105,263,114,598,255,0.0,0.0,19.29
True,True,,,153682,0,0,0,0,-64.7,-1694,"[{'offset': 0, 'projected_percent': '-72.3', 'likelihood': -3}, {'offset': 1, 'projected_percent': '-118.9', 'likelihood': -5}, {'offset': 2, 'projected_percent': '-165.6', 'likelihood': -5}]",,False,0,3,2.0,2.0,1,Harry,2.0,260,False,,,65,153682.jpg,2.0,False,Wilson,5.2,False,,a,13,2,4,17267,2338,94943,37175,0.3,0.6,Wilson,,244.0,2026-07-08,1997-03-22,False,p153682,110,0,0,1,0,0,0,0,0,0,0,0,15,6.2,15.3,4.0,2.6,2,3,3,8,1,0.01,0.06,0.07,1.54,2.0,,,,,,[],,199,80,79,50,143,72,150,68,0.01,0.0,0.05,0.06,1.26,0.0,34,22,166,80,183,91,69,22,0.82,0.82,6.55
True,True,,,201595,0,0,0,0,-53.1,-62,"[{'offset': 0, 'projected_percent': '-55.8', 'likelihood': -3}, {'offset': 1, 'projected_percent': '-72.6', 'likelihood': -3}, {'offset': 2, 'projected_percent': '-89.3', 'likelihood': -3}]",,False,0,1,0.0,0.0,0,Lucas Estella,0.0,326,False,,,45,201595.jpg,0.0,False,Perri,0.5,False,,a,13,2,0,431,103,6612,1253,0.0,0.0,Perri,Lucas Perri,30.0,2025-07-26,1997-12-10,False,p201595,0,0,0,0,0,0,0,0,0,0,0,0,0,0.0,0.0,0.0,0.0,0,0,0,0,0,0.00,0.00,0.00,0.00,,,,,,,[],,357,52,361,34,290,34,374,52,0.0,0.0,0.0,0.0,0.0,0.0,440,33,422,53,422,53,253,33,0.0,0.0,0.0
True,True,,,434752,0,0,0,0,16.7,-33,"[{'offset': 0, 'projected_percent': '16.6', 'likelihood': 1}, {'offset': 1, 'projected_percent': '16.2', 'likelihood': 1}, {'offset': 2, 'projected_percent': '15.7', 'likelihood': 1}]",,False,0,2,5.5,5.5,1,Jaka,5.5,327,False,,,50,434752.jpg,5.5,False,Bijol,1.0,False,,a,13,2,11,51631,6412,12502,4318,1.1,2.2,Bijol,,195.0,2025-06-23,1999-02-05,False,p434752,135,0,0,1,1,0,0,0,0,0,0,2,28,23.6,0.4,15.0,3.9,16,7,1,17,2,0.11,0.00,0.11,1.21,,,,,,,[],,70,31,254,92,68,18,104,35,0.07,0.0,0.0,0.07,0.81,0.67,301,53,41,16,52,20,191,75,1.33,0.67,11.33
True,True,50.0,,214225,0,0,0,0,-0.2,-1147,"[{'offset': 0, 'projected_percent': '-4.4', 'likelihood': -1}, {'offset': 1, 'projected_percent': '-30.1', 'likelihood': -2}, {'offset': 2, 'projected_percent': '-55.8', 'likelihood': -3}]",,False,0,2,1.8,3.5,1,Joe,3.5,329,False,Hamstring injury - 50% chance of playing,2026-08-30T16:00:08.564382Z,45,214225.jpg,3.5,False,Rodon,3.5,False,,d,13,2,7,26053,4453,25986,13412,0.8,1.6,Rodon,,244.0,2024-07-02,1997-10-22,False,p214225,123,0,0,1,0,0,0,0,0,0,0,0,25,14.4,14.4,5.0,3.4,10,2,1,11,2,0.03,0.06,0.09,1.01,,,,,,,[],,117,54,86,25,122,38,118,43,0.02,0.0,0.04,0.06,0.74,0.0,443,101,84,31,95,33,98,37,1.46,0.73,8.05
True,True,,,226182,0,0,0,0,1.5,12,"[{'offset': 0, 'projected_percent': '1.5', 'likelihood': 1}, {'offset': 1, 'projected_percent': '1.7', 'likelihood': 1}, {'offset': 2, 'projected_percent': '1.8', 'likelihood': 1}]",,False,0,2,4.0,4.0,2,Jayden,4.0,330,False,,,45,226182.jpg,4.0,False,Bogle,0.5,False,,a,13,2,8,7181,1256,4199,1075,0.9,1.8,Bogle,,241.0,2024-07-20,2000-07-27,False,p226182,157,0,0,1,1,0,0,0,0,0,0,0,33,7.0,1.1,0.0,0.8,7,8,3,10,2,0.00,0.01,0.01,1.34,,,,,,,[],,189,84,219,73,298,130,243,93,0.0,0.0,0.01,0.01,0.77,0.57,452,109,74,27,82,29,248,94,1.15,0.57,5.73
True,True,100.0,75.0,243526,0,0,0,0,-0.1,0,"[{'offset': 0, 'projected_percent': '-0.1', 'likelihood': -1}, {'offset': 1, 'projected_percent': '-0.1', 'likelihood': -1}, {'offset': 2, 'projected_percent': '-0.1', 'likelihood': -1}]",2026-09-05T13:30:07.418977Z,False,0,2,0.0,0.0,0,Gabriel,0.0,331,False,,2026-08-08T20:00:07.546568Z,45,243526.jpg,0.0,False,Gudmundsson,0.0,False,,a,13,2,0,162,96,1100,108,0.0,0.0,Gudmundsson,,206.0,2025-07-08,1999-04-29,False,p243526,0,0,0,0,0,0,0,0,0,0,0,0,0,0.0,0.0,0.0,0.0,0,0,0,0,0,0.00,0.00,0.00,0.00,,,,,,,[],,370,154,375,158,307,135,387,155,0.0,0.0,0.0,0.0,0.0,0.0,463,116,432,162,432,162,500,175,0.0,0.0,0.0
True,True,,,220627,0,0,0,0,14.5,66,"[{'offset': 0, 'projected_percent': '14.6', 'likelihood': 1}, {'offset': 1, 'projected_percent': '15.5', 'likelihood': 1}, {'offset': 2, 'projected_percent': '16.4', 'likelihood': 1}]",,False,0,2,6.0,6.0,2,James,6.0,332,False,,,45,220627.jpg,6.0,False,Justin,1.3,False,,a,13,2,12,54205,10671,14000,4609,1.3,2.7,Justin,,241.0,2025-08-25,1998-02-23,False,p220627,180,0,0,1,1,0,0,0,0,0,0,2,41,24.6,2.3,2.0,2.9,12,7,8,20,2,0.04,0.02,0.06,2.22,,,,,,,[],,66,28,177,53,159,55,134,52,0.02,0.0,0.01,0.03,1.11,0.5,447,105,31,11,37,14,166,67,1.0,0.5,10.0
True,False,0.0,0.0,437738,0,0,0,0,0.0,0,"[{'offset': 0, 'projected_percent': '0.0', 'likelihood': 0}, {'offset': 1, 'projected_percent': '0.0', 'likelihood': 0}, {'offset': 2, 'projected_percent': '0.0', 'likelihood': 0}]",,False,0,2,0.0,0.0,0,Sebastiaan,0.0,333,False,Has joined Hamburg SV on loan for the rest of the season,2026-08-19T13:56:14.645970Z,45,437738.jpg,0.0,False,Bornauw,0.0,False,,u,13,2,0,0,0,185,15,0.0,0.0,Bornauw,,21.0,2025-07-01,1999-03-22,False,p437738,0,0,0,0,0,0,0,0,0,0,0,0,0,0.0,0.0,0.0,0.0,0,0,0,0,0,0.00,0.00,0.00,0.00,,,,,,,[],,375,158,379,161,313,140,392,159,0.0,0.0,0.0,0.0,0.0,0.0,471,123,437,166,437,166,610,204,0.0,0.0,0.0
True,True,,,522047,0,0,0,0,4.8,58,"[{'offset': 0, 'projected_percent': '4.9', 'likelihood': 1}, {'offset': 1, 'projected_percent': '5.7', 'likelihood': 1}, {'offset': 2, 'projected_percent': '6.5', 'likelihood': 1}]",,False,0,2,5.0,5.0,4,Tarik,5.0,334,False,,,50,522047.jpg,5.0,False,Muharemović,3.3,False,,a,13,2,10,29193,7654,19713,7871,1.0,2.0,Muharemović,,27.0,2026-07-17,2003-02-28,False,p522047,180,0,0,1,1,0,0,0,0,0,0,0,42,15.6,0.6,17.0,3.3,24,4,2,26,2,0.09,0.01,0.10,2.22,,,,,,,[],,108,48,241,87,56,15,123,46,0.04,0.0,0.0,0.04,1.11,0.5,360,71,50,20,58,22,102,40,1.0,0.5,13.0
True,True,,,466525,0,0,0,0,31.1,-196,"[{'offset': 0, 'projected_percent': '30.7', 'likelihood': 2}, {'offset': 1, 'projected_percent': '28.0', 'likelihood': 2}, {'offset': 2, 'projected_percent': '25.3', 'likelihood': 2}]",,False,1,3,8.5,8.5,4,Anton,8.5,335,False,,,60,466525.jpg,8.5,False,Stach,2.8,False,,a,13,2,17,96853,15509,25240,11561,1.4,2.8,Stach,,80.0,2025-07-22,1998-11-15,False,p466525,180,1,0,1,1,0,0,0,0,0,0,3,50,47.8,2.3,16.0,6.6,16,9,7,32,2,0.17,0.06,0.23,2.22,1.0,,1.0,,,,[],,10,7,179,105,66,36,47,29,0.08,0.0,0.03,0.11,1.11,0.5,88,56,12,6,18,9,109,32,1.0,0.5,16.0
True,True,,,435997,-1,1,-1,1,-7.8,-124,"[{'offset': 0, 'projected_percent': '-12.2', 'likelihood': -1}, {'offset': 1, 'projected_percent': '-39.2', 'likelihood': -2}, {'offset': 2, 'projected_percent': '-66.2', 'likelihood': -3}]",,False,0,3,1.5,1.5,2,Noah,1.5,336,False,,,59,435997.jpg,1.5,False,Okafor,0.4,False,,a,13,2,3,1917,562,12094,2926,0.3,0.5,Okafor,,207.0,2025-08-21,2000-05-24,False,p435997,92,0,0,0,1,0,0,0,0,0,0,0,21,10.0,14.0,4.0,2.8,2,2,3,7,1,0.08,0.17,0.25,0.81,,,,,,,[],,164,61,89,57,138,69,141,63,0.08,0.0,0.17,0.25,0.79,0.98,107,68,196,92,213,102,278,89,0.98,0.0,6.85
True,True,,,427637,0,0,0,0,-43.3,-133,"[{'offset': 0, 'projected_percent': '-47.0', 'likelihood': -3}, {'offset': 1, 'projected_percent': '-70.1', 'likelihood': -3}, {'offset': 2, 'projected_percent': '-93.2', 'likelihood': -3}]",,False,0,3,2.0,2.0,1,Brenden,2.0,337,False,,,55,427637.jpg,2.0,False,Aaronson,0.8,False,,a,13,2,4,3286,693,12204,3771,0.4,0.7,Aaronson,,229.0,2022-07-01,2000-10-22,False,p427637,126,0,0,1,1,0,0,0,0,0,0,0,22,8.0,1.1,7.0,1.6,1,7,2,10,2,0.01,0.02,0.03,1.13,,,3.0,,,,[],,179,70,221,123,109,56,203,91,0.01,0.0,0.01,0.02,0.81,0.71,159,98,157,75,172,83,214,70,1.43,0.71,7.14
True,True,,,199598,0,0,0,0,-21.5,-171,"[{'offset': 0, 'projected_percent': '-24.6', 'likelihood': -2}, {'offset': 1, 'projected_percent': '-43.4', 'likelihood': -3}, {'offset': 2, 'projected_percent': '-62.2', 'likelihood': -3}]",,False,0,3,3.5,3.5,2,Ethan,3.5,338,False,,,55,199598.jpg,3.5,False,Ampadu,1.3,False,,a,13,2,7,5672,1081,13800,4359,0.6,1.3,Ampadu,,244.0,2023-07-19,2000-09-14,False,p199598,180,0,0,1,1,0,0,0,0,0,0,0,31,18.6,23.3,0.0,4.2,12,8,4,24,2,0.01,0.14,0.15,2.22,,,,,,,[],,91,31,51,33,539,220,97,50,0.0,0.0,0.07,0.07,1.11,0.5,135,83,88,39,99,42,168,51,1.0,0.5,12.0
True,True,,,180135,0,0,0,0,-53.0,-19,"[{'offset': 0, 'projected_percent': '-56.6', 'likelihood': -3}, {'offset': 1, 'projected_percent': '-79.2', 'likelihood': -3}, {'offset': 2, 'projected_percent': '-101.8', 'likelihood': -5}]",,False,0,3,0.5,0.5,0,Sean,0.5,339,False,,,50,180135.jpg,1.0,False,Longstaff,0.1,False,,a,13,2,1,763,188,2290,659,0.1,0.2,Longstaff,,241.0,2025-07-18,1997-10-30,False,p180135,8,0,0,0,0,0,0,0,0,0,0,0,3,0.0,0.2,0.0,0.0,0,0,0,0,0,0.00,0.00,0.00,0.07,3.0,,2.0,,,,[],,457,176,268,142,408,147,473,183,0.0,0.0,0.0,0.0,0.79,0.0,253,154,286,127,258,111,398,157,0.0,0.0,0.0
True,True,100.0,75.0,492859,0,0,0,0,0.0,0,"[{'offset': 0, 'projected_percent': '0.0', 'likelihood': 0}, {'offset': 1, 'projected_percent': '0.0', 'likelihood': 0}, {'offset': 2, 'projected_percent': '0.0', 'likelihood': 0}]",2026-09-05T13:30:07.441139Z,False,0,3,0.0,0.0,0,Wilfried,0.0,341,False,,2026-08-17T20:30:08.092366Z,50,492859.jpg,0.0,False,Gnonto,0.0,False,,a,13,2,0,79,61,788,92,0.0,0.0,Gnonto,,106.0,2022-09-01,2003-11-05,False,p492859,0,0,0,0,0,0,0,0,0,0,0,0,0,0.0,0.0,0.0,0.0,0,0,0,0,0,0.00,0.00,0.00,0.00,,,,,,,[],,510,207,522,216,479,183,526,214,0.0,0.0,0.0,0.0,0.0,0.0,340,199,549,229,549,229,570,238,0.0,0.0,0.0
True,False,0.0,0.0,221399,0,0,0,0,0.0,-1,"[{'offset': 0, 'projected_percent': '0.0', 'likelihood': 0}, {'offset': 1, 'projected_percent': '0.0', 'likelihood': 0}, {'offset': 2, 'projected_percent': '0.0', 'likelihood': 0}]",,False,0,3,0.0,0.0,0,Jack,0.0,342,False,Has joined New England Revolution permanently,2026-07-28T12:59:09.492431Z,50,221399.jpg,0.0,False,Harrison,0.0,False,,u,13,2,0,0,0,40,4,0.0,0.0,Harrison,,241.0,2021-07-02,1996-11-20,False,p221399,0,0,0,0,0,0,0,0,0,0,0,0,0,0.0,0.0,0.0,0.0,0,0,0,0,0,0.00,0.00,0.00,0.00,,,,,,,[],,467,183,476,192,424,156,483,190,0.0,0.0,0.0,0.0,0.0,0.0,277,169,514,212,514,212,624,275,0.0,0.0,0.0
True,True,,,200617,0,0,0,0,-28.7,-4,"[{'offset': 0, 'projected_percent': '-29.5', 'likelihood': -2}, {'offset': 1, 'projected_percent': '-34.3', 'likelihood': -2}, {'offset': 2, 'projected_percent': '-39.1', 'likelihood': -2}]",,False,0,3,0.5,0.5,1,Daniel,0.5,343,False,,,50,200617.jpg,1.0,False,James,0.1,False,,a,13,2,1,1405,542,2312,576,0.1,0.2,James,,244.0,2021-08-31,1997-11-10,False,p200617,22,0,0,0,0,0,0,0,0,0,0,0,2,0.0,0.0,0.0,0.0,0,2,0,2,0,0.21,0.01,0.22,0.88,,,,,,,[],,459,178,467,187,410,149,475,185,0.86,0.0,0.04,0.9,3.6,0.0,256,157,287,128,259,112,400,158,0.0,0.0,8.18
True,True,25.0,0.0,486520,0,0,0,0,0.0,0,"[{'offset': 0, 'projected_percent': '0.0', 'likelihood': 0}, {'offset': 1, 'projected_percent': '0.0', 'likelihood': 0}, {'offset': 2, 'projected_percent': '0.0', 'likelihood': 0}]",2026-09-06T23:30:08.268488Z,False,0,3,0.0,0.0,0,Ilia,0.0,344,False,Knee injury - 25% chance of playing,2026-08-14T23:00:06.272027Z,50,486520.jpg,0.0,False,Gruev,0.0,False,,d,13,2,0,14,5,151,22,0.0,0.0,Gruev,,34.0,2023-08-31,2000-05-06,False,p486520,0,0,0,0,0,0,0,0,0,0,0,0,0,0.0,0.0,0.0,0.0,0,0,0,0,0,0.00,0.00,0.00,0.00,,,,,,,[],,500,200,512,209,468,176,516,207,0.0,0.0,0.0,0.0,0.0,0.0,329,192,541,224,541,224,606,262,0.0,0.0,0.0
True,True,,,248056,0,0,0,0,-93.2,-24,"[{'offset': 0, 'projected_percent': '-95.9', 'likelihood': -4}, {'offset': 1, 'projected_percent': '-112.2', 'likelihood': -5}, {'offset': 2, 'projected_percent': '-128.5', 'likelihood': -5}]",,False,0,3,0.5,0.5,1,Tanaka,0.5,345,False,,,50,248056.jpg,1.0,False,Ao,0.2,False,,a,13,2,1,1270,371,5417,1184,0.1,0.2,Tanaka,,108.0,2024-08-30,1998-09-10,False,p248056,45,0,0,0,0,0,0,0,0,0,0,0,6,0.0,0.0,0.0,0.0,5,3,3,11,0,0.00,0.02,0.02,1.01,4.0,,,,,,[],,480,189,489,198,440,163,496,196,0.0,0.0,0.04,0.04,2.02,0.0,295,178,292,130,265,115,333,119,0.0,0.0,22.0
True,True,,,177815,0,0,0,0,-20.1,640,"[{'offset': 0, 'projected_percent': '-19.6', 'likelihood': -1}, {'offset': 1, 'projected_percent': '-16.2', 'likelihood': -1}, {'offset': 2, 'projected_percent': '-12.9', 'likelihood': -1}]",,False,0,4,4.5,4.5,8,Dominic,4.5,346,False,,,60,177815.jpg,4.5,False,Calvert-Lewin,27.5,False,,a,13,2,9,124242,39928,283993,95057,0.8,1.5,Calvert-Lewin,,241.0,2025-08-15,1997-03-16,False,p177815,180,1,0,1,1,0,0,0,1,0,0,2,29,0.0,0.8,11.0,0.7,3,3,0,6,2,1.05,0.02,1.07,2.22,,,,,1.0,,[],,595,61,233,27,84,15,250,25,0.52,0.0,0.01,0.53,1.11,0.5,63,15,69,8,78,10,9,3,1.0,0.5,3.0
True,True,,,174594,0,0,0,0,-83.9,-17,"[{'offset': 0, 'projected_percent': '-84.7', 'likelihood': -3}, {'offset': 1, 'projected_percent': '-89.5', 'likelihood': -3}, {'offset': 2, 'projected_percent': '-94.4', 'likelihood': -3}]",,False,0,4,2.0,2.0,4,Lukas,2.0,347,False,,,55,174594.jpg,4.0,False,Nmecha,0.5,False,,a,13,2,4,3027,1110,11978,2434,0.4,0.7,Nmecha,,80.0,2025-07-01,1998-12-14,False,p174594,21,0,1,0,0,0,0,0,0,0,0,0,18,0.0,0.0,0.0,0.0,0,1,0,1,0,0.08,0.00,0.08,0.88,,,,,2.0,,[],,546,48,561,56,533,55,562,57,0.34,0.0,0.0,0.34,3.77,0.0,128,33,155,16,90,12,260,44,0.0,0.0,4.29
True,False,0.0,0.0,235826,0,0,0,0,0.0,-28,"[{'offset': 0, 'projected_percent': '0.0', 'likelihood': 0}, {'offset': 1, 'projected_percent': '0.0', 'likelihood': 0}, {'offset': 2, 'projected_percent': '0.0', 'likelihood': 0}]",,False,0,4,0.0,0.0,0,Joël,0.0,348,False,Has joined West Ham United on loan for the rest of the season,2026-08-19T13:56:14.666726Z,50,235826.jpg,0.0,False,Piroe,0.1,False,,u,13,2,0,0,0,6399,1048,0.0,0.0,Piroe,,203.0,2023-08-24,1999-08-02,False,p235826,0,0,0,0,0,0,0,0,0,0,0,0,0,0.0,0.0,0.0,0.0,0,0,0,0,0,0.00,0.00,0.00,0.00,,,,,3.0,,[],,476,37,485,45,436,44,492,46,0.0,0.0,0.0,0.0,0.0,0.0,291,53,522,54,522,54,410,59,0.0,0.0,0.0
True,True,0.0,0.0,565297,0,0,0,0,-25.4,-4,"[{'offset': 0, 'projected_percent': '-26.0', 'likelihood': -2}, {'offset': 1, 'projected_percent': '-29.8', 'likelihood': -2}, {'offset': 2, 'projected_percent': '-33.5', 'likelihood': -2}]",,False,0,4,0.0,0.0,0,Mateo,0.0,349,False,Knee injury - Unknown return date,2026-07-29T18:00:10.338170Z,45,565297.jpg,0.0,False,Joseph Fernández-Regatillo,0.1,False,,i,13,2,0,559,234,1386,335,0.0,0.0,Mateo Joseph,,200.0,2022-11-04,2003-10-19,False,p565297,0,0,0,0,0,0,0,0,0,0,0,0,0,0.0,0.0,0.0,0.0,0,0,0,0,0,0.00,0.00,0.00,0.00,,,,,,,[],,408,30,414,37,353,36,424,39,0.0,0.0,0.0,0.0,0.0,0.0,517,68,467,47,467,47,481,64,0.0,0.0,0.0
True,True,,,432720,0,0,0,0,21.1,299,"[{'offset': 0, 'projected_percent': '21.8', 'likelihood': 2}, {'offset': 1, 'projected_percent': '25.9', 'likelihood': 2}, {'offset': 2, 'projected_percent': '30.0', 'likelihood': 2}]",,False,0,1,6.0,6.0,3,James,6.0,385,False,,,50,432720.jpg,6.0,False,Trafford,4.8,False,,a,13,2,12,85459,21665,24806,9702,1.2,2.4,Trafford,,241.0,2026-08-06,2002-10-10,False,p432720,180,0,0,1,1,0,0,0,0,0,7,2,48,19.4,0.0,0.0,1.9,0,20,0,0,2,0.00,0.00,0.00,2.22,,,,,,,[],,87,13,491,59,444,59,185,13,0.0,3.5,0.0,0.0,1.11,0.5,299,14,33,2,39,2,72,9,1.0,0.5,0.0
True,True,,,173774,0,0,0,0,0.0,0,"[{'offset': 0, 'projected_percent': '0.0', 'likelihood': 0}, {'offset': 1, 'projected_percent': '0.0', 'likelihood': 0}, {'offset': 2, 'projected_percent': '0.0', 'likelihood': 0}]",2026-09-02T14:01:33.181261Z,False,0,2,0.5,0.5,1,Nico,0.5,598,False,,,45,173774.jpg,1.0,False,Elvedi,0.0,False,,a,13,2,1,475,121,381,102,0.1,0.2,Elvedi,,207.0,2026-08-19,1996-09-30,False,p173774,56,0,0,0,1,0,0,0,0,0,0,0,7,0.0,0.0,0.0,0.0,5,4,1,6,0,0.00,0.00,0.00,1.21,,,,,,,[],,353,143,357,147,284,120,370,144,0.0,0.0,0.0,0.0,1.94,1.61,432,93,270,92,234,80,541,188,0.0,0.0,9.64
True,True,,,643970,0,0,0,0,0.0,0,"[{'offset': 0, 'projected_percent': '0.0', 'likelihood': 0}, {'offset': 1, 'projected_percent': '0.0', 'likelihood': 0}, {'offset': 2, 'projected_percent': '0.0', 'likelihood': 0}]",2026-09-04T19:31:28.542354Z,False,0,2,0.0,0.0,0,Jayden,0.0,603,False,,,40,643970.jpg,0.0,False,Lienou,0.1,False,,a,13,2,0,2086,598,616,297,0.0,0.0,Lienou,,244.0,2026-05-10,2008-04-08,False,p643970,0,0,0,0,0,0,0,0,0,0,0,0,0,0.0,0.0,0.0,0.0,0,0,0,0,0,0.00,0.00,0.00,0.00,,,,,,,[],,335,136,336,139,259,109,352,137,0.0,0.0,0.0,0.0,0.0,0.0,624,205,402,149,402,149,450,160,0.0,0.0,0.0
True,True,,,592740,0,0,0,0,0.0,0,"[{'offset': 0, 'projected_percent': '0.0', 'likelihood': 0}, {'offset': 1, 'projected_percent': '0.0', 'likelihood': 0}, {'offset': 2, 'projected_percent': '0.0', 'likelihood': 0}]",2026-09-04T19:31:41.718342Z,False,0,3,0.0,0.0,0,Alfie,0.0,604,False,,,45,592740.jpg,0.0,False,Cresswell,0.1,False,,a,13,2,0,4683,1654,1219,509,0.0,0.0,Cresswell,,241.0,2026-05-16,2007-07-15,False,p592740,0,0,0,0,0,0,0,0,0,0,0,0,0,0.0,0.0,0.0,0.0,0,0,0,0,0,0.00,0.00,0.00,0.00,,,,,,,[],,416,153,422,163,362,121,432,160,0.0,0.0,0.0,0.0,0.0,0.0,528,266,475,188,475,188,432,174,0.0,0.0,0.0
True,True,,,97846,0,0,0,0,0.0,0,"[{'offset': 0, 'projected_percent': '0', 'likelihood': 0}, {'offset': 1, 'projected_percent': '0', 'likelihood': 0}, {'offset': 2, 'projected_percent': '0', 'likelihood': 0}]",2026-09-12T18:33:52.851482Z,True,0,1,1.0,1.0,0,Alex,0.0,625,False,,,40,97846.jpg,0.0,False,Cairns,0.0,False,,a,13,2,0,65,65,2,2,0.0,0.0,Cairns,,,,,False,p97846,0,0,0,0,0,0,0,0,0,0,0,0,0,0.0,0.0,0.0,0.0,0,0,0,0,0,0.00,0.00,0.00,0.00,,,,,,,[],,288,28,285,8,203,8,304,28,0.0,0.0,0.0,0.0,0.0,0.0,558,56,357,29,357,29,621,70,0.0,0.0,0.0
True,True,,,116535,0,0,0,0,-1.4,-136,"[{'offset': 0, 'projected_percent': '-2.2', 'likelihood': -1}, {'offset': 1, 'projected_percent': '-7.3', 'likelihood': -1}, {'offset': 2, 'projected_percent': '-12.4', 'likelihood': -1}]",,False,0,1,1.0,1.0,0,Alisson,1.0,350,False,,,55,116535.jpg,1.0,False,Becker,3.8,False,,a,14,14,2,35217,9910,36260,15037,0.2,0.4,A.Becker,Alisson Becker,30.0,2018-07-19,1992-10-02,False,p116535,180,0,0,0,4,0,0,0,1,0,4,0,2,17.8,0.0,0.0,1.8,4,10,0,0,2,0.00,0.00,0.00,3.88,,,,,,,[],,98,14,558,68,529,68,193,14,0.0,2.0,0.0,0.0,1.94,2.0,121,3,244,20,298,21,92,14,1.0,0.0,0.0
True,True,,,449027,0,0,0,0,-72.4,-12,"[{'offset': 0, 'projected_percent': '-74.3', 'likelihood': -3}, {'offset': 1, 'projected_percent': '-86.2', 'likelihood': -3}, {'offset': 2, 'projected_percent': '-98.0', 'likelihood': -4}]",,False,0,1,0.0,0.0,0,Giorgi,0.0,351,False,,,50,449027.jpg,0.0,False,Mamardashvili,0.1,False,,a,14,14,0,907,249,3004,966,0.0,0.0,Mamardashvili,,79.0,2024-08-27,2000-09-29,False,p449027,0,0,0,0,0,0,0,0,0,0,0,0,0,0.0,0.0,0.0,0.0,0,0,0,0,0,0.00,0.00,0.00,0.00,,,,,,,[],,490,69,500,62,453,62,506,69,0.0,0.0,0.0,0.0,0.0,0.0,309,17,533,69,533,69,379,41,0.0,0.0,0.0
True,True,,,155503,0,0,0,0,-4.8,64,"[{'offset': 0, 'projected_percent': '-3.5', 'likelihood': -1}, {'offset': 1, 'projected_percent': '0.5', 'likelihood': 1}, {'offset': 2, 'projected_percent': '1.4', 'likelihood': 1}]",,False,0,1,0.0,0.0,0,Freddie,0.0,352,False,,,40,155503.jpg,0.0,False,Woodman,1.1,False,,a,14,14,0,5716,2453,7510,1987,0.0,0.0,Woodman,,241.0,2025-07-01,1997-03-04,False,p155503,0,0,0,0,0,0,0,0,0,0,0,0,0,0.0,0.0,0.0,0.0,0,0,0,0,0,0.00,0.00,0.00,0.00,,,,,,,[],,292,30,289,10,207,10,308,30,0.0,0.0,0.0,0.0,0.0,0.0,564,58,361,31,361,31,184,28,0.0,0.0,0.0
True,False,0.0,0.0,586268,0,0,0,0,0.0,-6,"[{'offset': 0, 'projected_percent': '0.0', 'likelihood': 0}, {'offset': 1, 'projected_percent': '0.0', 'likelihood': 0}, {'offset': 2, 'projected_percent': '0.0', 'likelihood': 0}]",,False,0,1,0.0,0.0,0,Armin,0.0,353,False,Has joined TSV Hartberg on loan for the rest of the season,2026-08-18T14:11:18.638344Z,40,586268.jpg,0.0,False,Pecsi,0.0,False,,u,14,14,0,0,0,529,81,0.0,0.0,Pecsi,,,,,False,p586268,0,0,0,0,0,0,0,0,0,0,0,0,0,0.0,0.0,0.0,0.0,0,0,0,0,0,0.00,0.00,0.00,0.00,,,,,,,[],,331,42,331,22,254,22,348,42,0.0,0.0,0.0,0.0,0.0,0.0,618,70,398,43,398,43,545,63,0.0,0.0,0.0
True,True,0.0,0.0,432987,0,0,0,0,-0.1,-1,"[{'offset': 0, 'projected_percent': '-0.8', 'likelihood': -1}, {'offset': 1, 'projected_percent': '-4.8', 'likelihood': -1}, {'offset': 2, 'projected_percent': '-8.8', 'likelihood': -1}]",,False,0,1,0.0,0.0,0,Vitezslav,0.0,354,False,Knee injury - Unknown return date,2026-07-29T18:00:10.351066Z,40,432987.jpg,0.0,False,Jaros,0.0,False,,i,14,14,0,265,102,241,62,0.0,0.0,Jaros,,57.0,2019-07-10,2001-07-23,False,p432987,0,0,0,0,0,0,0,0,0,0,0,0,0,0.0,0.0,0.0,0.0,0,0,0,0,0,0.00,0.00,0.00,0.00,,,,,,,[],https://www.liverpoolfc.com/news/ajax-issue-vitezslav-jaros-injury-update,303,35,302,15,222,15,320,35,0.0,0.0,0.0,0.0,0.0,0.0,583,63,371,36,371,36,571,66,0.0,0.0,0.0
True,True,,,464353,0,0,0,0,0.0,7,"[{'offset': 0, 'projected_percent': '0.0', 'likelihood': 0}, {'offset': 1, 'projected_percent': '0.1', 'likelihood': 1}, {'offset': 2, 'projected_percent': '0.2', 'likelihood': 1}]",,False,0,1,0.0,0.0,0,Harvey,0.0,355,False,,,40,464353.jpg,0.0,False,Davies,0.1,False,,a,14,14,0,1007,363,981,268,0.0,0.0,Davies,,241.0,2021-03-09,2003-09-03,False,p464353,0,0,0,0,0,0,0,0,0,0,0,0,0,0.0,0.0,0.0,0.0,0,0,0,0,0,0.00,0.00,0.00,0.00,,,,,,,[],,308,38,308,18,229,18,325,38,0.0,0.0,0.0,0.0,0.0,0.0,593,66,376,39,376,39,381,42,0.0,0.0,0.0
True,True,,,97032,0,0,0,0,-10.6,-1860,"[{'offset': 0, 'projected_percent': '-12.8', 'likelihood': -1}, {'offset': 1, 'projected_percent': '-26.8', 'likelihood': -2}, {'offset': 2, 'projected_percent': '-40.9', 'likelihood': -3}]",,False,0,2,1.5,1.5,1,Virgil,1.5,356,False,,,65,97032.jpg,1.5,False,van Dijk,19.0,False,,a,14,14,3,92678,18064,152601,73481,0.2,0.5,Virgil,,152.0,2018-01-01,1991-07-08,False,p97032,180,0,0,0,4,0,0,0,1,0,0,0,13,25.6,1.6,24.0,5.1,16,11,2,18,2,0.25,0.04,0.29,3.88,,,,,,,[],,63,25,196,61,40,8,73,24,0.12,0.0,0.02,0.14,1.94,2.0,32,2,203,67,219,67,17,5,1.0,0.0,9.0
True,True,,,216094,0,0,0,0,-28.0,-303,"[{'offset': 0, 'projected_percent': '-30.1', 'likelihood': -2}, {'offset': 1, 'projected_percent': '-43.3', 'likelihood': -3}, {'offset': 2, 'projected_percent': '-56.4', 'likelihood': -3}]",,False,0,2,0.5,0.5,1,Jeremie,0.5,357,False,,,55,216094.jpg,0.5,False,Frimpong,3.3,False,,a,14,14,1,31171,6651,54385,20816,0.1,0.2,Frimpong,,152.0,2025-06-01,2000-12-10,False,p216094,160,0,0,0,4,0,0,0,1,0,0,0,12,13.6,37.8,10.0,6.1,5,6,3,8,2,0.01,0.11,0.12,3.81,,,,,,,[],,131,60,19,4,87,29,53,14,0.01,0.0,0.06,0.07,2.14,2.25,146,17,319,112,343,114,105,43,1.12,0.0,4.5
True,True,,,544877,0,0,0,0,-44.8,-388,"[{'offset': 0, 'projected_percent': '-47.5', 'likelihood': -3}, {'offset': 1, 'projected_percent': '-64.2', 'likelihood': -3}, {'offset': 2, 'projected_percent': '-80.9', 'likelihood': -3}]",,False,0,2,0.5,0.5,1,Milos,0.5,358,False,,,55,544877.jpg,0.5,False,Kerkez,3.3,False,,a,14,14,1,19103,3458,53510,19123,0.1,0.2,Kerkez,,98.0,2025-06-26,2003-11-07,False,p544877,160,0,0,0,4,0,0,0,1,0,0,0,12,18.0,13.8,12.0,4.4,11,7,4,15,2,0.02,0.03,0.05,3.81,,,,,,,[],,96,41,94,28,79,23,93,32,0.01,0.0,0.02,0.03,2.14,2.25,200,28,328,116,346,117,103,41,1.12,0.0,8.44
True,True,0.0,0.0,171287,0,0,0,0,-51.5,-3,"[{'offset': 0, 'projected_percent': '-53.2', 'likelihood': -3}, {'offset': 1, 'projected_percent': '-63.9', 'likelihood': -3}, {'offset': 2, 'projected_percent': '-74.5', 'likelihood': -3}]",,False,0,2,0.0,0.0,0,Joe,0.0,359,False,Muscular injury - Unknown return date,2026-07-26T08:30:10.078473Z,50,171287.jpg,0.0,False,Gomez,0.0,False,,i,14,14,0,106,27,531,122,0.0,0.0,Gomez,,241.0,2015-06-20,1997-05-23,False,p171287,0,0,0,0,0,0,0,0,0,0,0,0,0,0.0,0.0,0.0,0.0,0,0,0,0,0,0.00,0.00,0.00,0.00,,,,,,,[],https://www.liverpoolfc.com/news/andoni-iraola-pre-season-win-over-sunderland-it-will-give-us-good-starting-point,454,180,462,181,404,164,470,180,0.0,0.0,0.0,0.0,0.0,0.0,249,39,507,184,507,184,569,197,0.0,0.0,0.0
True,True,0.0,0.0,492777,0,0,0,0,-29.3,-2,"[{'offset': 0, 'projected_percent': '-30.7', 'likelihood': -2}, {'offset': 1, 'projected_percent': '-39.0', 'likelihood': -2}, {'offset': 2, 'projected_percent': '-47.2', 'likelihood': -3}]",,False,0,2,0.0,0.0,0,Conor,0.0,360,False,Knee injury - Unknown return date,2026-07-23T12:01:23.565711Z,50,492777.jpg,0.0,False,Bradley,0.0,False,,i,14,14,0,115,36,280,61,0.0,0.0,Bradley,,242.0,2023-09-25,2003-07-09,False,p492777,0,0,0,0,0,0,0,0,0,0,0,0,0,0.0,0.0,0.0,0.0,0,0,0,0,0,0.00,0.00,0.00,0.00,,,,,,,[],,509,195,521,195,478,186,525,195,0.0,0.0,0.0,0.0,0.0,0.0,339,67,548,195,548,195,590,200,0.0,0.0,0.0
True,True,,,519440,0,0,0,0,-16.3,-10,"[{'offset': 0, 'projected_percent': '-18.2', 'likelihood': -1}, {'offset': 1, 'projected_percent': '-29.9', 'likelihood': -2}, {'offset': 2, 'projected_percent': '-41.6', 'likelihood': -3}]",,False,0,2,0.0,0.0,0,Wellity,0.0,361,False,,,40,519440.jpg,0.0,False,Lucky,0.1,False,,a,14,14,0,962,354,1558,421,0.0,0.0,Lucky,,,,,False,p519440,0,0,0,0,0,0,0,0,0,0,0,0,0,0.0,0.0,0.0,0.0,0,0,0,0,0,0.00,0.00,0.00,0.00,,,,,,,[],,318,120,318,122,239,90,335,121,0.0,0.0,0.0,0.0,0.0,0.0,603,185,386,134,386,134,399,142,0.0,0.0,0.0
True,True,100.0,100.0,606702,0,0,0,0,6.1,262,"[{'offset': 0, 'projected_percent': '6.7', 'likelihood': 1}, {'offset': 1, 'projected_percent': '10.3', 'likelihood': 1}, {'offset': 2, 'projected_percent': '13.9', 'likelihood': 1}]",,False,0,2,2.0,2.0,3,Jeremy,2.0,362,False,,2026-07-23T12:01:23.581126Z,50,606702.jpg,2.0,False,Jacquet,2.5,False,,a,14,14,4,37824,15112,27540,9384,0.4,0.8,Jacquet,,73.0,2026-07-01,2005-07-13,False,p606702,145,0,0,0,4,0,0,0,0,0,0,0,22,12.4,11.9,0.0,2.4,10,7,4,14,2,0.00,0.07,0.07,3.27,,,,,,,[],,140,65,107,32,504,190,156,60,0.0,0.0,0.04,0.04,2.03,2.48,382,74,151,54,167,56,118,47,1.24,0.0,8.69
True,True,0.0,0.0,647681,0,0,0,0,-16.5,-5,"[{'offset': 0, 'projected_percent': '-17.6', 'likelihood': -1}, {'offset': 1, 'projected_percent': '-24.1', 'likelihood': -2}, {'offset': 2, 'projected_percent': '-30.5', 'likelihood': -2}]",,False,0,2,0.0,0.0,0,Giovanni,0.0,363,False,Knee injury - Unknown return date,2026-07-23T12:01:23.596909Z,40,647681.jpg,0.0,False,Leoni,0.0,False,,i,14,14,0,282,100,708,189,0.0,0.0,Leoni,,106.0,2025-08-15,2006-12-21,False,p647681,0,0,0,0,0,0,0,0,0,0,0,0,0,0.0,0.0,0.0,0.0,0,0,0,0,0,0.00,0.00,0.00,0.00,,,,,,,[],https://www.liverpoolfc.com/news/liverpools-injury-list-suspensions-and-availability?utm_source=premier-league-web&utm_medium=referral&utm_campaign=pl-referral-always-on&utm_term=injuries&utm_content=club-injury-article,336,137,337,140,260,110,353,138,0.0,0.0,0.0,0.0,0.0,0.0,625,206,403,150,403,150,505,176,0.0,0.0,0.0
True,True,,,214285,0,0,0,0,-51.5,-3,"[{'offset': 0, 'projected_percent': '-52.6', 'likelihood': -3}, {'offset': 1, 'projected_percent': '-59.0', 'likelihood': -3}, {'offset': 2, 'projected_percent': '-65.4', 'likelihood': -3}]",,False,0,2,0.5,0.5,1,Kostas,0.5,364,False,,,50,214285.jpg,1.0,False,Tsimikas,0.1,False,,a,14,14,1,458,119,1289,307,0.1,0.2,Tsimikas,,83.0,2020-08-10,1996-05-12,False,p214285,19,0,0,0,0,0,0,0,0,0,0,0,4,0.0,0.0,0.0,0.0,0,0,0,0,0,0.04,0.01,0.05,0.07,,,,,,,[],,464,184,472,184,418,168,480,184,0.19,0.0,0.05,0.24,0.33,0.0,269,43,289,106,262,100,458,163,0.0,0.0,0.0
True,False,0.0,0.0,489580,0,0,0,0,0.0,-49,"[{'offset': 0, 'projected_percent': '0.0', 'likelihood': 0}, {'offset': 1, 'projected_percent': '0.0', 'likelihood': 0}, {'offset': 2, 'projected_percent': '0.0', 'likelihood': 0}]",,False,0,2,0.0,0.0,0,Calvin,0.0,365,False,Has joined St Mirren on loan for the rest of the season,2026-08-26T14:05:26.748768Z,40,489580.jpg,0.0,False,Ramsay,0.2,False,,u,14,14,0,638,0,5938,2186,0.0,0.0,Ramsay,,243.0,2022-06-19,2003-07-31,False,p489580,0,0,0,0,0,0,0,0,0,0,0,0,0,0.0,0.0,0.0,0.0,0,0,0,0,0,0.00,0.00,0.00,0.00,,,,,,,[],,312,116,312,118,233,86,329,117,0.0,0.0,0.0,0.0,0.0,0.0,597,181,380,130,380,130,369,137,0.0,0.0,0.0
True,True,,,494595,0,0,0,0,-59.2,-1089,"[{'offset': 0, 'projected_percent': '-61.5', 'likelihood': -3}, {'offset': 1, 'projected_percent': '-76.0', 'likelihood': -3}, {'offset': 2, 'projected_percent': '-90.4', 'likelihood': -3}]",,False,0,3,3.0,3.0,4,Florian,3.0,366,False,,,75,494595.jpg,3.0,False,Wirtz,10.8,False,,a,14,14,6,36929,12006,177754,54492,0.4,0.8,Wirtz,,80.0,2025-06-20,2003-05-03,False,p494595,152,0,1,0,4,0,0,0,1,0,0,0,39,9.8,17.9,29.0,5.7,0,11,4,15,2,0.49,0.24,0.73,2.81,3.0,,2.0,,4.0,,[],,166,63,68,42,31,17,59,32,0.29,0.0,0.14,0.43,1.66,2.37,18,11,116,55,125,57,36,13,1.18,0.0,8.88
True,True,,,243298,0,0,0,0,88.5,30,"[{'offset': 0, 'projected_percent': '88.5', 'likelihood': 3}, {'offset': 1, 'projected_percent': '88.9', 'likelihood': 3}, {'offset': 2, 'projected_percent': '89.4', 'likelihood': 3}]",,False,1,3,8.5,8.5,5,Cody,8.5,367,False,,,70,243298.jpg,8.5,False,Gakpo,7.2,False,,a,14,14,17,257987,52283,57082,29331,1.2,2.4,Gakpo,,152.0,2023-01-01,1999-05-07,False,p243298,160,1,1,0,4,0,0,0,0,0,0,3,54,44.0,34.0,37.0,11.5,5,7,3,15,2,0.30,0.80,1.10,3.81,2.0,,,,3.0,,[],,16,9,22,17,18,9,9,8,0.17,0.0,0.45,0.62,2.14,2.25,25,16,13,7,19,10,56,20,1.12,0.0,8.44
True,True,,,424876,0,0,0,0,64.5,-2056,"[{'offset': 0, 'projected_percent': '59.9', 'likelihood': 3}, {'offset': 1, 'projected_percent': '31.7', 'likelihood': 2}, {'offset': 2, 'projected_percent': '3.5', 'likelihood': 1}]",,False,0,3,6.0,6.0,4,Dominik,6.0,368,False,,,70,424876.jpg,6.0,False,Szoboszlai,42.6,False,,a,14,14,12,299925,54922,162344,94939,0.9,1.7,Szoboszlai,,98.0,2023-07-02,2000-10-25,False,p424876,180,1,0,0,4,0,0,0,0,0,0,1,53,50.4,47.1,21.0,11.9,5,11,4,20,2,1.01,0.44,1.45,3.88,1.0,,1.0,,1.0,,[],,7,5,8,7,45,24,7,6,0.5,0.0,0.22,0.72,1.94,2.0,26,17,38,20,48,25,4,2,1.0,0.0,10.0
True,True,,,611922,0,0,0,0,-88.8,-298,"[{'offset': 0, 'projected_percent': '-95.9', 'likelihood': -4}, {'offset': 1, 'projected_percent': '-139.2', 'likelihood': -5}, {'offset': 2, 'projected_percent': '-182.5', 'likelihood': -5}]",,False,0,3,1.5,1.5,1,Rio,1.5,369,False,,,60,611922.jpg,1.5,False,Ngumoha,1.0,False,,a,14,14,3,6677,1130,25297,10420,0.2,0.5,Ngumoha,,241.0,2024-12-17,2008-08-29,False,p611922,81,0,0,0,2,0,0,0,0,0,0,0,14,2.4,6.0,5.0,1.3,0,2,1,3,1,0.04,0.05,0.09,0.58,,,,,,,[],,244,110,139,83,128,64,226,101,0.04,0.0,0.06,0.1,0.64,2.22,103,65,202,95,218,105,192,61,1.11,0.0,3.33
True,True,0.0,0.0,223541,0,0,0,0,-102.9,-63,"[{'offset': 0, 'projected_percent': '-108.8', 'likelihood': -5}, {'offset': 1, 'projected_percent': '-145.0', 'likelihood': -5}, {'offset': 2, 'projected_percent': '-181.2', 'likelihood': -5}]",,False,0,3,0.0,0.0,0,Federico,0.0,370,False,Back injury - Unknown return date,2026-08-27T13:30:07.598926Z,55,223541.jpg,0.0,False,Chiesa,0.1,False,,i,14,14,0,600,15,5485,1935,0.0,0.0,Chiesa,,106.0,2024-08-29,1997-10-25,False,p223541,0,0,0,0,0,0,0,0,0,0,0,0,0,0.0,0.0,0.0,0.0,0,0,0,0,0,0.00,0.00,0.00,0.00,,,,,,,[],https://www.liverpoolfc.com/news/federico-chiesa-injury-update-0,558,235,573,244,549,227,573,242,0.0,0.0,0.0,0.0,0.0,0.0,148,91,586,250,586,250,433,175,0.0,0.0,0.0
True,True,,,441266,0,0,0,0,-21.1,-379,"[{'offset': 0, 'projected_percent': '-25.9', 'likelihood': -2}, {'offset': 1, 'projected_percent': '-54.7', 'likelihood': -3}, {'offset': 2, 'projected_percent': '-83.6', 'likelihood': -3}]",,False,0,3,3.0,3.0,1,Ryan,3.0,371,False,,,60,441266.jpg,3.0,False,Gravenberch,1.9,False,,a,14,14,6,18066,3061,28848,13665,0.5,1.0,Gravenberch,,152.0,2023-09-01,2002-05-16,False,p441266,96,0,1,0,2,0,0,0,0,0,0,0,33,24.4,16.0,4.0,4.4,2,8,2,12,1,0.06,0.06,0.12,1.17,,,,,,,[],,68,23,75,46,141,71,94,49,0.06,0.0,0.06,0.12,1.1,1.88,80,51,113,53,123,55,133,41,0.94,0.0,11.25
True,True,,,243016,0,0,0,0,-55.4,-161,"[{'offset': 0, 'projected_percent': '-57.8', 'likelihood': -3}, {'offset': 1, 'projected_percent': '-72.7', 'likelihood': -3}, {'offset': 2, 'projected_percent': '-87.6', 'likelihood': -3}]",,False,0,3,1.5,1.5,2,Alexis,1.5,372,False,,,55,243016.jpg,1.5,False,Mac Allister,1.5,False,,a,14,14,3,9671,3104,29309,7801,0.3,0.5,Mac Allister,,10.0,2023-06-14,1998-12-24,False,p243016,103,0,0,0,2,0,0,0,0,0,0,0,19,5.8,1.4,0.0,0.7,2,6,5,13,1,0.00,0.40,0.40,3.30,,,,,5.0,,[],,204,82,202,114,552,230,246,109,0.0,0.0,0.35,0.35,2.88,1.75,154,95,191,87,209,98,152,45,0.87,0.0,11.36
True,False,0.0,75.0,206915,0,0,0,0,0.0,-10,"[{'offset': 0, 'projected_percent': '0.0', 'likelihood': 0}, {'offset': 1, 'projected_percent': '0.0', 'likelihood': 0}, {'offset': 2, 'projected_percent': '0.0', 'likelihood': 0}]",,False,0,3,0.0,0.0,0,Curtis,0.0,373,False,Has joined Internazionale permanently,2026-08-16T18:30:07.426408Z,55,206915.jpg,0.0,False,Jones,0.0,False,,u,14,14,0,34,1,1496,368,0.0,0.0,C.Jones,,241.0,2018-04-06,2001-01-30,False,p206915,0,0,0,0,0,0,0,0,0,0,0,0,0,0.0,0.0,0.0,0.0,0,0,0,0,0,0.00,0.00,0.00,0.00,,,,,,,[],,553,231,569,240,544,223,569,238,0.0,0.0,0.0,0.0,0.0,0.0,141,86,583,247,583,247,526,218,0.0,0.0,0.0
True,True,100.0,100.0,158983,0,0,0,0,-48.9,-7,"[{'offset': 0, 'projected_percent': '-51.3', 'likelihood': -3}, {'offset': 1, 'projected_percent': '-66.4', 'likelihood': -3}, {'offset': 2, 'projected_percent': '-81.4', 'likelihood': -3}]",,False,0,3,0.0,0.0,0,Endo,0.0,374,False,,2026-07-23T12:01:23.612529Z,50,158983.jpg,0.0,False,Wataru,0.1,False,,a,14,14,0,703,218,1422,437,0.0,0.0,Endo,,108.0,2023-08-18,1993-02-09,False,p158983,0,0,0,0,0,0,0,0,0,0,0,0,0,0.0,0.0,0.0,0.0,0,0,0,0,0,0.00,0.00,0.00,0.00,,,,,,,[],,453,174,461,184,402,144,469,181,0.0,0.0,0.0,0.0,0.0,0.0,247,151,506,206,506,206,470,191,0.0,0.0,0.0
True,True,,,591386,0,0,0,0,-80.4,1,"[{'offset': 0, 'projected_percent': '-79.7', 'likelihood': -3}, {'offset': 1, 'projected_percent': '-75.1', 'likelihood': -3}, {'offset': 2, 'projected_percent': '-70.6', 'likelihood': -3}]",,False,0,3,0.5,0.5,1,Trey,0.5,375,False,,,50,591386.jpg,1.0,False,Nyoni,0.0,False,,a,14,14,1,274,135,894,221,0.1,0.2,Nyoni,,241.0,2023-11-11,2007-06-30,False,p591386,13,0,0,0,0,0,0,0,0,0,0,0,3,0.0,0.0,0.0,0.0,1,2,2,5,0,0.00,0.00,0.00,0.07,,,,,,,[],,530,220,542,228,503,199,546,227,0.0,0.0,0.0,0.0,0.48,0.0,381,228,308,143,286,131,516,215,0.0,0.0,34.62
True,True,0.0,0.0,535928,0,0,0,0,-34.4,0,"[{'offset': 0, 'projected_percent': '-34.4', 'likelihood': -2}, {'offset': 1, 'projected_percent': '-34.4', 'likelihood': -2}, {'offset': 2, 'projected_percent': '-34.4', 'likelihood': -2}]",,False,0,3,0.0,0.0,0,Stefan,0.0,376,False,Hamstring injury - Unknown return date,2026-07-23T12:01:23.628373Z,50,535928.jpg,0.0,False,Bajčetić Maquieira,0.0,False,,i,14,14,0,11,3,43,14,0.0,0.0,Bajcetic,,200.0,2022-07-11,2004-10-22,False,p535928,0,0,0,0,0,0,0,0,0,0,0,0,0,0.0,0.0,0.0,0.0,0,0,0,0,0,0.00,0.00,0.00,0.00,,,,,,,[],https://www.liverpoolfc.com/news/liverpools-injury-list-suspensions-and-availability?utm_source=premier-league-web&utm_medium=referral&utm_campaign=pl-referral-always-on&utm_term=injuries&utm_content=club-injury-article,519,211,532,220,490,188,535,218,0.0,0.0,0.0,0.0,0.0,0.0,364,214,557,232,557,232,622,273,0.0,0.0,0.0
True,True,,,551499,0,0,0,0,8.2,561,"[{'offset': 0, 'projected_percent': '9.5', 'likelihood': 1}, {'offset': 1, 'projected_percent': '17.2', 'likelihood': 1}, {'offset': 2, 'projected_percent': '24.9', 'likelihood': 2}]",,False,0,3,5.0,5.0,6,Victor,5.0,377,False,,,65,551499.jpg,5.0,False,Munoz,0.9,False,,a,14,14,10,28525,22039,9999,4086,0.8,1.5,Munoz,,200.0,2026-06-18,2003-07-13,False,p551499,117,1,1,0,2,0,0,0,1,0,0,0,39,4.0,8.9,14.0,2.7,4,1,2,7,1,0.42,0.23,0.65,3.37,,,,,,,[],,226,99,127,74,74,41,146,65,0.32,0.0,0.18,0.5,2.59,1.54,48,32,57,28,66,32,209,68,0.77,0.0,5.38
True,True,,,491501,0,0,0,0,-40.5,-21,"[{'offset': 0, 'projected_percent': '-42.5', 'likelihood': -3}, {'offset': 1, 'projected_percent': '-54.5', 'likelihood': -3}, {'offset': 2, 'projected_percent': '-66.5', 'likelihood': -3}]",,False,0,3,0.0,0.0,0,James,0.0,378,False,,,45,491501.jpg,0.0,False,McConnell,0.3,False,,a,14,14,0,1283,400,3859,959,0.0,0.0,McConnell,,241.0,2023-07-18,2004-09-13,False,p491501,0,0,0,0,0,0,0,0,0,0,0,0,0,0.0,0.0,0.0,0.0,0,0,0,0,0,0.00,0.00,0.00,0.00,,,,,,,[],,384,143,391,153,329,111,400,150,0.0,0.0,0.0,0.0,0.0,0.0,492,255,444,178,444,178,316,110,0.0,0.0,0.0
True,True,,,219168,0,0,0,0,-10.5,-49,"[{'offset': 0, 'projected_percent': '-10.6', 'likelihood': -1}, {'offset': 1, 'projected_percent': '-11.0', 'likelihood': -1}, {'offset': 2, 'projected_percent': '-11.5', 'likelihood': -1}]",,False,0,4,5.0,5.0,8,Alexander,5.0,379,False,,,90,219168.jpg,5.0,False,Isak,16.2,False,,a,14,14,10,104729,31693,157836,56703,0.6,1.1,Isak,,206.0,2025-09-01,1999-09-21,False,p219168,180,1,0,0,4,0,0,0,0,0,0,2,36,11.4,14.6,66.0,9.2,1,0,1,2,2,2.08,0.01,2.09,3.88,,,,,2.0,,[],,153,11,85,7,1,1,19,4,1.04,0.0,0.0,1.04,1.94,2.0,5,2,59,6,69,8,25,4,1.0,0.0,1.0
True,True,0.0,0.0,510663,0,0,0,0,-60.3,-44,"[{'offset': 0, 'projected_percent': '-63.0', 'likelihood': -3}, {'offset': 1, 'projected_percent': '-79.6', 'likelihood': -3}, {'offset': 2, 'projected_percent': '-96.2', 'likelihood': -4}]",,False,0,4,0.0,0.0,0,Hugo,0.0,380,False,Achilles injury - Unknown return date,2026-07-23T12:01:23.643771Z,75,510663.jpg,0.0,False,Ekitiké,0.1,False,,i,14,14,0,938,229,5106,1299,0.0,0.0,Ekitiké,,73.0,2025-07-23,2002-06-20,False,p510663,0,0,0,0,0,0,0,0,0,0,0,0,0,0.0,0.0,0.0,0.0,0,0,0,0,0,0.00,0.00,0.00,0.00,,,,,,,[],https://www.liverpoolfc.com/news/lfc-fitness-update-bajcetic-bradley-ekitike-endo-and-leoni?utm_source=premier-league-web&utm_medium=referral&utm_campaign=pl-referral-always-on&utm_content=injuries-flag&utm_term=injury-news,623,72,624,72,624,72,624,72,0.0,0.0,0.0,0.0,0.0,0.0,19,7,621,72,621,72,390,56,0.0,0.0,0.0
True,True,,,514514,0,0,0,0,-19.6,0,"[{'offset': 0, 'projected_percent': '-19.6', 'likelihood': -1}, {'offset': 1, 'projected_percent': '-19.6', 'likelihood': -1}, {'offset': 2, 'projected_percent': '-19.6', 'likelihood': -1}]",,False,0,3,0.5,0.5,0,Lewis,0.5,381,False,,,50,514514.jpg,1.0,False,Koumas,0.0,False,,a,14,14,1,209,53,324,114,0.1,0.2,Koumas,,244.0,2026-08-22,2005-09-19,False,p514514,12,0,0,0,0,0,0,0,0,0,0,0,4,1.2,0.5,7.0,0.9,0,1,0,1,0,0.03,0.00,0.03,0.48,,,,,,,[],,262,121,250,133,106,54,236,107,0.22,0.0,0.0,0.22,3.6,0.0,357,209,302,139,279,126,549,226,0.0,0.0,7.5
True,True,0.0,0.0,500058,0,0,0,0,-11.7,1,"[{'offset': 0, 'projected_percent': '-11.5', 'likelihood': -1}, {'offset': 1, 'projected_percent': '-10.6', 'likelihood': -1}, {'offset': 2, 'projected_percent': '-9.6', 'likelihood': -1}]",,False,0,4,0.0,0.0,0,Jayden,0.0,382,False,Unspecified injury - Unknown return date,2026-07-23T12:01:23.659279Z,45,500058.jpg,0.0,False,Danns,0.0,False,,i,14,14,0,513,204,757,195,0.0,0.0,Danns,,,,,False,p500058,0,0,0,0,0,0,0,0,0,0,0,0,0,0.0,0.0,0.0,0.0,0,0,0,0,0,0.00,0.00,0.00,0.00,,,,,,,[],https://www.liverpoolfc.com/news/andoni-iraola-interview-pre-season-implementing-his-style-and-fitness-update,388,25,395,33,333,31,404,34,0.0,0.0,0.0,0.0,0.0,0.0,496,63,448,43,448,43,523,68,0.0,0.0,0.0
True,True,,,444884,0,0,0,0,-85.0,-12,"[{'offset': 0, 'projected_percent': '-88.8', 'likelihood': -3}, {'offset': 1, 'projected_percent': '-112.0', 'likelihood': -5}, {'offset': 2, 'projected_percent': '-135.3', 'likelihood': -5}]",,False,0,3,0.0,0.0,0,Harvey,0.0,383,False,,,55,444884.jpg,0.0,False,Elliott,0.1,False,,a,14,14,0,582,202,1788,572,0.0,0.0,Elliott,,241.0,2019-07-28,2003-04-04,False,p444884,0,0,0,0,0,0,0,0,0,0,0,0,0,0.0,0.0,0.0,0.0,0,0,0,0,0,0.00,0.00,0.00,0.00,,,,,,,[],,564,239,577,247,558,234,578,245,0.0,0.0,0.0,0.0,0.0,0.0,170,106,590,253,590,253,464,187,0.0,0.0,0.0
True,True,,,445087,0,0,0,0,-61.0,-809,"[{'offset': 0, 'projected_percent': '-68.5', 'likelihood': -3}, {'offset': 1, 'projected_percent': '-114.8', 'likelihood': -5}, {'offset': 2, 'projected_percent': '-161.0', 'likelihood': -5}]",,False,0,2,0.5,0.5,0,Ronald,0.5,579,False,,,55,445087.jpg,0.5,False,Araujo,2.5,False,,a,14,14,1,28329,4422,61374,27600,0.1,0.2,Araujo,,230.0,2026-08-10,1999-03-07,False,p445087,33,0,0,0,0,0,0,0,1,0,0,0,2,13.2,1.2,0.0,1.4,4,3,1,5,0,0.00,0.04,0.04,0.61,,,,,,,[],,134,62,215,71,559,198,219,84,0.0,0.0,0.11,0.11,1.66,0.0,171,23,324,115,345,116,116,46,0.0,0.0,13.64
True,True,100.0,100.0,114283,0,0,0,0,-59.1,-44,"[{'offset': 0, 'projected_percent': '-64.1', 'likelihood': -3}, {'offset': 1, 'projected_percent': '-94.5', 'likelihood': -3}, {'offset': 2, 'projected_percent': '-124.8', 'likelihood': -5}]",,False,0,3,0.5,0.5,0,Jack,0.5,238,False,,2026-07-29T10:00:10.492904Z,65,114283.jpg,1.0,False,Grealish,0.2,False,,a,15,43,1,1618,416,4082,1679,0.1,0.2,Grealish,,241.0,2021-08-05,1995-09-10,False,p114283,8,0,0,0,0,0,0,0,0,0,0,0,2,1.0,0.6,0.0,0.2,0,0,1,1,0,0.00,0.00,0.00,0.00,,,,,,,[],,267,124,248,132,611,267,287,136,0.0,0.0,0.0,0.0,0.0,0.0,33,21,345,166,330,162,334,120,0.0,0.0,11.25
True,True,,,204936,0,0,0,0,-17.1,-291,"[{'offset': 0, 'projected_percent': '-17.9', 'likelihood': -1}, {'offset': 1, 'projected_percent': '-23.1', 'likelihood': -2}, {'offset': 2, 'projected_percent': '-28.2', 'likelihood': -2}]",,False,0,1,1.5,1.5,0,Gianluigi,1.5,384,False,,,55,204936.jpg,1.5,False,Donnarumma,8.1,False,,a,15,43,3,47541,13533,83301,38349,0.3,0.5,Donnarumma,,106.0,2025-09-01,1999-02-25,False,p204936,180,0,0,0,2,1,0,0,0,0,4,0,17,26.8,0.0,0.0,2.7,1,12,0,0,2,0.00,0.00,0.00,1.31,,,,,,,[],,61,10,568,69,543,69,145,10,0.0,2.0,0.0,0.0,0.66,1.0,139,4,188,17,206,19,50,7,1.0,0.0,0.0
True,True,,,122074,0,0,0,0,-26.1,-4,"[{'offset': 0, 'projected_percent': '-29.4', 'likelihood': -2}, {'offset': 1, 'projected_percent': '-49.6', 'likelihood': -3}, {'offset': 2, 'projected_percent': '-69.8', 'likelihood': -3}]",,False,0,1,0.0,0.0,0,Marcus,0.0,386,False,,,45,122074.jpg,0.0,False,Bettinelli,0.0,False,,a,15,43,0,177,42,351,115,0.0,0.0,Bettinelli,,241.0,2025-06-10,1992-05-24,False,p122074,0,0,0,0,0,0,0,0,0,0,0,0,0,0.0,0.0,0.0,0.0,0,0,0,0,0,0.00,0.00,0.00,0.00,,,,,,,[],,348,49,351,31,278,31,365,49,0.0,0.0,0.0,0.0,0.0,0.0,422,30,415,50,415,50,536,60,0.0,0.0,0.0
True,True,,,472769,0,0,0,0,-18.5,-1327,"[{'offset': 0, 'projected_percent': '-20.0', 'likelihood': -2}, {'offset': 1, 'projected_percent': '-29.4', 'likelihood': -2}, {'offset': 2, 'projected_percent': '-38.8', 'likelihood': -2}]",,False,0,2,2.0,2.0,2,Nico,2.0,387,False,,,65,472769.jpg,2.0,False,O'Reilly,20.1,False,,a,15,43,4,90812,22028,189207,81877,0.3,0.6,O'Reilly,,241.0,2022-12-16,2005-03-21,False,p472769,150,0,0,0,2,0,0,0,0,0,0,0,16,8.8,30.4,11.0,5.0,1,7,2,3,2,0.09,0.43,0.52,1.21,,,,,,,[],,173,75,27,6,86,28,79,27,0.05,0.0,0.26,0.31,0.73,1.2,43,4,167,57,185,59,15,3,1.2,0.0,1.8
True,True,,,209036,0,0,0,0,54.6,-148,"[{'offset': 0, 'projected_percent': '54.3', 'likelihood': 3}, {'offset': 1, 'projected_percent': '52.3', 'likelihood': 3}, {'offset': 2, 'projected_percent': '50.3', 'likelihood': 3}]",,False,0,2,6.0,6.0,2,Marc,6.0,388,False,,,60,209036.jpg,6.0,False,Guéhi,19.4,False,,a,15,43,12,223513,40768,90294,48536,1.0,2.0,Guéhi,,241.0,2026-01-19,2000-07-13,False,p209036,180,1,0,0,2,0,0,0,0,0,0,2,43,43.6,17.5,28.0,8.9,6,8,3,9,2,0.89,0.36,1.25,1.31,,,,,,,[],,18,6,69,22,32,7,23,4,0.44,0.0,0.18,0.62,0.66,1.0,68,6,36,13,45,17,16,4,1.0,0.0,4.5
True,True,75.0,75.0,465351,0,0,0,0,-45.9,-412,"[{'offset': 0, 'projected_percent': '-49.9', 'likelihood': -3}, {'offset': 1, 'projected_percent': '-74.9', 'likelihood': -3}, {'offset': 2, 'projected_percent': '-99.8', 'likelihood': -4}]",,False,0,2,0.4,0.4,0,Matheus,0.5,389,False,Unspecified injury - 75% chance of playing,2026-08-27T11:30:08.171622Z,60,465351.jpg,1.0,False,Nunes,1.3,False,,d,15,43,1,3086,55,31110,13617,0.1,0.2,Matheus N.,Matheus Nunes,173.0,2023-09-01,1998-08-27,False,p465351,33,0,0,0,0,0,0,0,0,0,0,0,4,3.8,1.5,4.0,0.9,1,2,0,1,0,0.00,0.04,0.04,0.10,,,,,4.0,,[],https://www.mancity.com/news/mens/enzo-maresca-crystal-palace-press-conference-injury-news-63923408,229,94,199,63,142,47,238,89,0.0,0.0,0.11,0.11,0.27,0.0,87,10,338,117,323,108,170,69,0.0,0.0,2.73
True,True,,,171314,0,0,0,0,-6.1,43,"[{'offset': 0, 'projected_percent': '-5.6', 'likelihood': -1}, {'offset': 1, 'projected_percent': '-2.1', 'likelihood': -1}, {'offset': 2, 'projected_percent': '0.2', 'likelihood': 1}]",,False,0,2,2.0,2.0,2,Rúben,2.0,390,False,,,55,171314.jpg,2.0,False,dos Santos Gato Alves Dias,1.8,False,,a,15,43,4,14205,4347,19219,6662,0.4,0.7,Rúben,Rúben Dias,173.0,2020-09-29,1997-05-14,False,p171314,180,0,0,0,2,0,0,0,0,0,0,0,30,24.4,17.9,2.0,4.4,11,14,1,12,2,0.09,0.71,0.80,1.31,,,,,,,[],,67,29,67,21,175,62,92,31,0.04,0.0,0.36,0.4,0.66,1.0,126,13,154,55,170,57,141,56,1.0,0.0,6.0
True,True,,,477424,1,-1,1,-1,5.8,2563,"[{'offset': 0, 'projected_percent': '8.0', 'likelihood': 1}, {'offset': 1, 'projected_percent': '21.0', 'likelihood': 2}, {'offset': 2, 'projected_percent': '33.9', 'likelihood': 2}]",,False,0,2,7.0,7.0,5,Joško,7.0,391,False,,,56,477424.jpg,7.0,False,Gvardiol,15.9,False,,a,15,43,14,407404,178986,54760,19403,1.3,2.5,Gvardiol,,97.0,2023-08-05,2002-01-23,False,p477424,164,1,1,0,2,0,0,0,0,0,0,1,46,47.6,13.3,17.0,7.8,6,5,3,9,2,0.19,0.09,0.28,1.31,,,,,,,[],,11,3,97,29,59,17,33,8,0.1,0.0,0.05,0.15,0.72,1.1,114,12,22,8,28,11,26,9,1.1,0.0,4.94
True,True,,,448514,-1,1,-1,1,-27.0,-227,"[{'offset': 0, 'projected_percent': '-31.5', 'likelihood': -2}, {'offset': 1, 'projected_percent': '-58.7', 'likelihood': -3}, {'offset': 2, 'projected_percent': '-85.9', 'likelihood': -3}]",,False,0,2,0.0,0.0,0,Rayan,0.0,392,False,,,54,448514.jpg,0.0,False,Aït-Nouri,0.7,False,,a,15,43,0,3250,634,25881,9102,0.0,0.0,Aït-Nouri,,3.0,2025-06-09,2001-06-06,False,p448514,0,0,0,0,0,0,0,0,0,0,0,0,0,0.0,0.0,0.0,0.0,0,0,0,0,0,0.00,0.00,0.00,0.00,,,,,,,[],,538,200,551,200,519,193,554,200,0.0,0.0,0.0,0.0,0.0,0.0,220,33,571,199,571,199,229,85,0.0,0.0,0.0
True,True,,,578153,0,0,0,0,-31.5,-54,"[{'offset': 0, 'projected_percent': '-32.2', 'likelihood': -2}, {'offset': 1, 'projected_percent': '-36.8', 'likelihood': -2}, {'offset': 2, 'projected_percent': '-41.4', 'likelihood': -3}]",,False,0,2,2.0,2.0,2,Abdukodir,2.0,393,False,,,55,578153.jpg,2.0,False,Khusanov,1.7,False,,a,15,43,4,8541,2455,21347,6810,0.4,0.7,Khusanov,,231.0,2025-01-20,2004-02-29,False,p578153,178,0,0,0,2,0,0,0,0,0,0,0,31,17.0,3.4,0.0,2.0,5,9,6,11,2,0.00,0.04,0.04,1.31,,,,,,,[],,101,43,161,48,580,204,180,69,0.0,0.0,0.02,0.02,0.66,1.01,212,31,161,56,178,58,146,60,1.01,0.0,5.56
True,False,0.0,0.0,494307,0,0,0,0,0.0,-1,"[{'offset': 0, 'projected_percent': '0.0', 'likelihood': 0}, {'offset': 1, 'projected_percent': '0.0', 'likelihood': 0}, {'offset': 2, 'projected_percent': '0.0', 'likelihood': 0}]",,False,0,2,0.0,0.0,0,Max,0.0,394,False,Has joined Burnley on loan for the rest of the season,2026-08-18T14:11:56.324656Z,50,494307.jpg,0.0,False,Alleyne,0.0,False,,u,15,43,0,0,0,406,49,0.0,0.0,Alleyne,,241.0,2022-12-16,2005-07-21,False,p494307,0,0,0,0,0,0,0,0,0,0,0,0,0,0.0,0.0,0.0,0.0,0,0,0,0,0,0.00,0.00,0.00,0.00,,,,,,,[],,511,196,523,196,480,187,527,196,0.0,0.0,0.0,0.0,0.0,0.0,341,68,550,196,550,196,600,203,0.0,0.0,0.0
True,True,,,477064,0,0,0,0,-2.8,-26,"[{'offset': 0, 'projected_percent': '-5.4', 'likelihood': -1}, {'offset': 1, 'projected_percent': '-20.9', 'likelihood': -2}, {'offset': 2, 'projected_percent': '-36.5', 'likelihood': -2}]",,False,0,2,0.5,0.5,0,Rico,0.5,395,False,,,45,477064.jpg,1.0,False,Lewis,0.2,False,,a,15,43,1,4181,561,4461,1938,0.1,0.2,Lewis,,241.0,2022-07-16,2004-11-21,False,p477064,56,0,0,0,1,0,0,0,0,0,0,0,-1,3.8,3.8,39.0,4.7,2,0,0,2,1,0.17,0.02,0.19,0.55,,,,,,,[],,227,93,156,47,17,3,83,29,0.27,0.0,0.03,0.3,0.88,1.61,484,129,277,99,246,91,318,119,1.61,0.0,3.21
True,True,,,616222,0,0,0,0,-34.7,0,"[{'offset': 0, 'projected_percent': '-34.7', 'likelihood': -2}, {'offset': 1, 'projected_percent': '-34.7', 'likelihood': -2}, {'offset': 2, 'projected_percent': '-34.7', 'likelihood': -2}]",,False,0,2,0.5,0.5,1,Vitor,0.5,396,False,,,45,616222.jpg,1.0,False,de Oliveira Nunes dos Reis,0.0,False,,a,15,43,1,137,35,322,82,0.1,0.2,Vitor Reis,Vitor Reis,30.0,2025-01-21,2006-01-12,False,p616222,1,0,0,0,0,0,0,0,0,0,0,0,3,0.0,0.0,0.0,0.0,0,0,0,0,0,0.00,0.00,0.00,0.00,,,,,,,[],,424,173,430,174,371,157,440,173,0.0,0.0,0.0,0.0,0.0,0.0,538,148,281,102,252,96,546,190,0.0,0.0,0.0
True,True,,,437730,0,0,0,0,-43.0,-2593,"[{'offset': 0, 'projected_percent': '-45.7', 'likelihood': -3}, {'offset': 1, 'projected_percent': '-62.1', 'likelihood': -3}, {'offset': 2, 'projected_percent': '-78.5', 'likelihood': -3}]",,False,0,3,3.5,3.5,5,Antoine,3.5,397,False,,,85,437730.jpg,3.5,False,Semenyo,22.6,False,,a,15,43,7,66433,17333,299321,126111,0.4,0.8,Semenyo,,81.0,2026-01-09,2000-01-07,False,p437730,180,0,1,0,2,0,0,0,0,0,0,0,49,5.8,8.9,31.0,4.6,0,6,2,8,2,0.12,0.59,0.71,1.31,,,,,2.0,,[],,205,83,128,75,28,14,88,46,0.06,0.0,0.3,0.36,0.66,1.0,6,4,91,41,101,43,12,6,1.0,0.0,4.0
True,True,,,209244,0,0,0,0,-1.0,939,"[{'offset': 0, 'projected_percent': '1.7', 'likelihood': 1}, {'offset': 1, 'projected_percent': '14.6', 'likelihood': 1}, {'offset': 2, 'projected_percent': '27.4', 'likelihood': 2}]",,False,0,3,5.0,5.0,9,Phil,5.0,398,False,,,70,209244.jpg,5.0,False,Foden,4.3,False,,a,15,43,10,59733,39586,61412,14891,0.7,1.4,Foden,,241.0,2016-12-05,2000-05-28,False,p209244,171,0,2,0,2,0,0,0,1,0,0,1,53,10.4,49.6,15.0,7.5,2,7,4,13,2,0.99,0.85,1.84,1.31,3.0,,2.0,,,,[],,163,60,5,4,71,39,37,22,0.52,0.0,0.45,0.97,0.69,1.05,24,15,58,29,67,33,80,26,1.05,0.0,6.84
True,True,,,466052,1,-1,1,-1,65.6,13148,"[{'offset': 0, 'projected_percent': '76.5', 'likelihood': 3}, {'offset': 1, 'projected_percent': '143.1', 'likelihood': 5}, {'offset': 2, 'projected_percent': '209.7', 'likelihood': 5}]",,False,1,3,11.0,11.0,14,Rayan,11.0,399,True,,,76,466052.jpg,11.0,False,Cherki,17.6,False,,a,15,43,22,784333,581015,53587,12185,1.4,2.9,Cherki,,73.0,2025-06-10,2003-08-17,False,p466052,108,2,2,0,1,0,0,0,1,0,0,4,88,39.2,48.8,4.0,9.2,0,3,0,3,1,0.35,1.05,1.40,0.76,1.0,,1.0,,,,[],,28,15,6,5,146,75,18,14,0.29,0.0,0.88,1.17,0.63,0.83,13,8,2,2,6,4,20,7,0.83,0.0,2.5
True,True,0.0,0.0,248875,-1,1,-1,1,-9.5,-422,"[{'offset': 0, 'projected_percent': '-11.4', 'likelihood': -1}, {'offset': 1, 'projected_percent': '-22.7', 'likelihood': -2}, {'offset': 2, 'projected_percent': '-34.1', 'likelihood': -2}]",,False,0,3,0.0,0.0,0,Jérémy,0.0,400,False,Calf injury - Expected back 5 Sep,2026-08-18T17:00:08.385597Z,74,248875.jpg,0.0,False,Doku,1.1,False,,i,15,43,0,662,168,82590,12575,0.0,0.0,Doku,,21.0,2023-08-24,2002-05-27,False,p248875,0,0,0,0,0,0,0,0,0,0,0,0,0,0.0,0.0,0.0,0.0,0,0,0,0,0,0.00,0.00,0.00,0.00,,,,,3.0,,[],https://www.mancity.com/news/mens/enzo-maresca-bournemouth-premier-league-team-news-63922897,622,274,623,275,623,275,623,275,0.0,0.0,0.0,0.0,0.0,0.0,22,13,620,274,620,274,183,56,0.0,0.0,0.0
True,False,0.0,0.0,220566,0,0,0,0,0.0,-4,"[{'offset': 0, 'projected_percent': '0.0', 'likelihood': 0}, {'offset': 1, 'projected_percent': '0.0', 'likelihood': 0}, {'offset': 2, 'projected_percent': '0.0', 'likelihood': 0}]",,False,0,3,0.0,0.0,0,Rodrigo 'Rodri',0.0,402,False,Has joined Barcelona permanently,2026-07-23T12:01:23.675537Z,65,220566.jpg,0.0,False,Hernandez Cascante,0.0,False,,u,15,43,0,0,0,916,120,0.0,0.0,Rodrigo,Rodri,200.0,2019-07-04,1996-06-22,False,p220566,0,0,0,0,0,0,0,0,0,0,0,0,0,0.0,0.0,0.0,0.0,0,0,0,0,0,0.00,0.00,0.00,0.00,,,,,,,[],,612,269,614,270,612,268,614,270,0.0,0.0,0.0,0.0,0.0,0.0,36,24,613,270,613,270,576,241,0.0,0.0,0.0
True,False,0.0,0.0,433036,0,0,0,0,0.0,-12,"[{'offset': 0, 'projected_percent': '0.0', 'likelihood': 0}, {'offset': 1, 'projected_percent': '0.0', 'likelihood': 0}, {'offset': 2, 'projected_percent': '0.0', 'likelihood': 0}]",,False,0,3,0.0,0.0,0,Tijjani,0.0,404,False,Has joined Al Qadsiah permanently,2026-08-20T14:02:58.154273Z,60,433036.jpg,0.0,False,Reijnders,0.1,False,,u,15,43,0,0,0,6310,686,0.0,0.0,Reijnders,,152.0,2025-06-10,1998-07-29,False,p433036,0,0,0,0,0,0,0,0,0,0,0,0,0,0.0,0.0,0.0,0.0,0,0,0,0,0,0.00,0.00,0.00,0.00,,,,,,,[],,599,261,603,263,596,256,603,263,0.0,0.0,0.0,0.0,0.0,0.0,76,49,606,264,606,264,482,198,0.0,0.0,0.0
True,True,,,91651,0,0,0,0,-48.1,-23,"[{'offset': 0, 'projected_percent': '-54.4', 'likelihood': -3}, {'offset': 1, 'projected_percent': '-93.0', 'likelihood': -3}, {'offset': 2, 'projected_percent': '-131.6', 'likelihood': -5}]",,False,0,3,1.0,1.0,1,Mateo,1.0,406,False,,,55,91651.jpg,1.0,False,Kovačić,0.1,False,,a,15,43,2,1055,226,1935,646,0.2,0.4,Kovačić,,97.0,2023-06-27,1994-05-06,False,p91651,42,0,0,0,0,0,0,0,0,0,0,0,12,2.2,2.1,0.0,0.4,0,2,0,2,0,0.00,0.02,0.02,0.10,,,,,,,[],,249,113,185,108,527,215,268,124,0.0,0.0,0.04,0.04,0.21,0.0,119,77,243,114,297,140,438,176,0.0,0.0,4.29
True,True,,,575204,0,0,0,0,-86.3,-3,"[{'offset': 0, 'projected_percent': '-90.7', 'likelihood': -3}, {'offset': 1, 'projected_percent': '-117.8', 'likelihood': -5}, {'offset': 2, 'projected_percent': '-144.8', 'likelihood': -5}]",,False,0,3,0.0,0.0,0,Claudio,0.0,407,False,,,50,575204.jpg,0.0,False,Echeverri,0.0,False,,a,15,43,0,136,43,433,136,0.0,0.0,Echeverri,,10.0,2024-01-25,2006-01-02,False,p575204,0,0,0,0,0,0,0,0,0,0,0,0,0,0.0,0.0,0.0,0.0,0,0,0,0,0,0.00,0.00,0.00,0.00,,,,,,,[],,529,219,541,227,501,197,545,226,0.0,0.0,0.0,0.0,0.0,0.0,378,225,564,238,564,238,567,236,0.0,0.0,0.0
True,False,0.0,0.0,155405,0,0,0,0,0.0,-6,"[{'offset': 0, 'projected_percent': '0.0', 'likelihood': 0}, {'offset': 1, 'projected_percent': '0.0', 'likelihood': 0}, {'offset': 2, 'projected_percent': '0.0', 'likelihood': 0}]",,False,0,3,0.0,0.0,0,Kalvin,0.0,408,False,Has joined Sheffield United on loan for the rest of the season,2026-08-18T14:11:56.348781Z,50,155405.jpg,0.0,False,Phillips,0.0,False,,u,15,43,0,0,0,364,59,0.0,0.0,Phillips,,241.0,2022-07-04,1995-12-02,False,p155405,0,0,0,0,0,0,0,0,0,0,0,0,0,0.0,0.0,0.0,0.0,0,0,0,0,0,0.00,0.00,0.00,0.00,,,,,,,[],,451,172,459,182,399,141,467,179,0.0,0.0,0.0,0.0,0.0,0.0,244,148,505,205,505,205,599,256,0.0,0.0,0.0
True,True,,,590039,0,0,0,0,-62.0,-21,"[{'offset': 0, 'projected_percent': '-64.9', 'likelihood': -3}, {'offset': 1, 'projected_percent': '-82.7', 'likelihood': -3}, {'offset': 2, 'projected_percent': '-100.5', 'likelihood': -5}]",,False,0,3,0.0,0.0,0,Divine,0.0,409,False,,,45,590039.jpg,0.0,False,Mukasa,0.2,False,,a,15,43,0,1172,245,3551,1065,0.0,0.0,Mukasa,,241.0,2025-08-07,2007-08-22,False,p590039,0,0,0,0,0,0,0,0,0,0,0,0,0,0.0,0.0,0.0,0.0,0,0,0,0,0,0.00,0.00,0.00,0.00,,,,,,,[],,415,152,421,162,361,120,431,159,0.0,0.0,0.0,0.0,0.0,0.0,527,265,474,187,474,187,364,138,0.0,0.0,0.0
True,True,,,649208,0,0,0,0,-92.4,-3,"[{'offset': 0, 'projected_percent': '-97.7', 'likelihood': -4}, {'offset': 1, 'projected_percent': '-130.3', 'likelihood': -5}, {'offset': 2, 'projected_percent': '-162.9', 'likelihood': -5}]",,False,0,3,0.0,0.0,0,Jeremy,0.0,410,False,,,50,649208.jpg,0.0,False,Monga,0.0,False,,a,15,43,0,109,33,401,118,0.0,0.0,Monga,,241.0,2026-07-11,2009-07-10,False,p649208,0,0,0,0,0,0,0,0,0,0,0,0,0,0.0,0.0,0.0,0.0,0,0,0,0,0,0.00,0.00,0.00,0.00,,,,,,,[],,534,222,547,231,512,205,550,229,0.0,0.0,0.0,0.0,0.0,0.0,393,236,568,240,568,240,573,239,0.0,0.0,0.0
True,True,,,223094,0,0,0,0,16.0,1522,"[{'offset': 0, 'projected_percent': '19.4', 'likelihood': 1}, {'offset': 1, 'projected_percent': '40.3', 'likelihood': 3}, {'offset': 2, 'projected_percent': '61.2', 'likelihood': 3}]",,False,1,4,7.5,7.5,13,Erling,7.5,411,False,,,155,223094.jpg,7.5,False,Haaland,69.2,False,,a,15,43,15,184889,115284,112574,8722,0.5,1.0,Haaland,,161.0,2022-07-01,2000-07-21,False,p223094,180,2,0,0,2,0,0,0,0,0,0,3,66,3.8,5.2,50.0,5.9,3,5,0,8,2,1.40,0.02,1.42,1.31,,,,,1.0,,[],,230,16,145,17,7,3,55,9,0.7,0.0,0.01,0.71,0.66,1.0,1,1,20,2,25,2,1,1,1.0,0.0,4.0
True,True,100.0,100.0,215379,0,0,-1,1,-27.6,-859,"[{'offset': 0, 'projected_percent': '-31.1', 'likelihood': -2}, {'offset': 1, 'projected_percent': '-52.6', 'likelihood': -3}, {'offset': 2, 'projected_percent': '-74.1', 'likelihood': -3}]",,False,0,3,2.5,2.5,3,Elliot,2.5,481,False,,2026-08-23T17:00:07.952697Z,64,215379.jpg,2.5,False,Anderson,5.7,False,,a,15,43,5,17799,7563,191296,37991,0.4,0.8,Anderson,,241.0,2026-07-02,2002-11-06,False,p215379,143,0,0,0,2,0,0,0,1,0,0,0,39,7.2,20.8,0.0,2.8,5,8,7,20,2,0.07,0.47,0.54,1.21,2.0,,,,,,[],,187,74,62,40,607,263,142,64,0.04,0.0,0.3,0.34,0.76,1.26,51,35,141,67,149,69,65,21,1.26,0.0,12.59
True,True,,,106921,0,0,0,0,-23.3,0,"[{'offset': 0, 'projected_percent': '-23.3', 'likelihood': -2}, {'offset': 1, 'projected_percent': '-23.3', 'likelihood': -2}, {'offset': 2, 'projected_percent': '-23.3', 'likelihood': -2}]",,False,0,1,0.0,0.0,0,Gerónimo,0.0,587,False,,,50,106921.jpg,0.0,False,Rulli,0.0,False,,a,15,43,0,125,31,321,97,0.0,0.0,Rulli,,10.0,2026-08-12,1992-05-20,False,p106921,0,0,0,0,0,0,0,0,0,0,0,0,0,0.0,0.0,0.0,0.0,0,0,0,0,0,0.00,0.00,0.00,0.00,,,,,,,[],,443,64,450,53,391,53,459,64,0.0,0.0,0.0,0.0,0.0,0.0,235,8,499,64,499,64,555,64,0.0,0.0,0.0
True,True,,,637238,0,0,0,0,0.0,0,"[{'offset': 0, 'projected_percent': '0.0', 'likelihood': 0}, {'offset': 1, 'projected_percent': '0.0', 'likelihood': 0}, {'offset': 2, 'projected_percent': '0.0', 'likelihood': 0}]",2026-09-09T14:56:53.434190Z,False,0,3,2.0,2.0,1,Ayyoub,1.0,616,False,,,55,637238.jpg,1.0,False,Bouaddi,0.1,False,,a,15,43,1,6924,3869,1192,843,0.2,0.2,Bouaddi,,145.0,2026-08-26,2007-10-02,False,p637238,8,0,0,0,0,0,0,0,0,0,0,0,3,0.0,0.0,0.0,0.0,1,0,0,1,0,0.00,0.12,0.12,0.00,,,,,,,[],,581,251,591,256,582,248,593,256,0.0,0.0,1.35,1.35,0.0,0.0,216,136,252,121,315,152,430,172,0.0,0.0,11.25
True,True,,,616288,0,0,0,0,0.0,0,"[{'offset': 0, 'projected_percent': '0.0', 'likelihood': 0}, {'offset': 1, 'projected_percent': '0.0', 'likelihood': 0}, {'offset': 2, 'projected_percent': '0.0', 'likelihood': 0}]",2026-09-10T21:22:22.867343Z,False,0,3,1.0,1.0,1,Ryan,1.0,621,False,,,45,616288.jpg,1.0,False,McAidoo,0.0,False,,a,15,43,1,2429,2429,506,506,0.2,0.2,McAidoo,,241.0,2025-09-26,2008-06-24,False,p616288,8,0,0,0,0,0,0,0,0,0,0,0,3,0.0,0.0,0.0,0.0,0,0,0,0,0,0.10,0.00,0.10,0.00,,,,,,,[],,425,157,431,167,372,126,441,164,1.12,0.0,0.0,1.12,0.0,0.0,539,271,223,101,253,108,514,214,0.0,0.0,0.0
True,True,,,554054,0,0,0,0,0.0,0,"[{'offset': 0, 'projected_percent': '0.0', 'likelihood': 0}, {'offset': 1, 'projected_percent': '0.0', 'likelihood': 0}, {'offset': 2, 'projected_percent': '0.0', 'likelihood': 0}]",2026-09-10T21:22:36.261131Z,False,0,2,1.0,1.0,1,Kaden,1.0,622,False,,,40,554054.jpg,1.0,False,Braithwaite,0.0,False,,a,15,43,1,2131,2131,376,376,0.2,0.2,Braithwaite,,241.0,2024-09-23,2008-02-08,False,p554054,1,0,0,0,0,0,0,0,0,0,0,0,3,0.0,0.0,0.0,0.0,0,1,0,0,0,0.00,0.00,0.00,0.00,,,,,,,[],,325,127,325,129,247,98,342,128,0.0,0.0,0.0,0.0,0.0,0.0,611,193,208,70,227,74,512,179,0.0,0.0,0.0
True,True,100.0,100.0,166989,0,0,0,0,-67.2,-437,"[{'offset': 0, 'projected_percent': '-71.7', 'likelihood': -3}, {'offset': 1, 'projected_percent': '-99.4', 'likelihood': -4}, {'offset': 2, 'projected_percent': '-127.0', 'likelihood': -5}]",,False,0,3,3.0,3.0,4,Youri,3.0,43,False,,2026-07-23T12:01:23.321726Z,60,166989.jpg,3.0,False,Tielemans,2.3,False,,a,16,1,6,16359,3728,48721,13017,0.5,1.0,Tielemans,,21.0,2026-07-14,1997-05-07,False,p166989,156,0,0,0,4,0,0,0,0,0,0,0,42,5.0,11.3,4.0,2.0,3,12,2,17,2,0.60,0.22,0.82,2.95,,,,,3.0,,[],,214,90,117,69,140,70,182,82,0.35,0.0,0.13,0.48,1.7,2.31,62,42,111,51,120,53,123,38,1.15,0.0,9.81
True,True,0.0,0.0,535301,0,0,0,0,-34.4,-46,"[{'offset': 0, 'projected_percent': '-36.7', 'likelihood': -2}, {'offset': 1, 'projected_percent': '-50.9', 'likelihood': -3}, {'offset': 2, 'projected_percent': '-65.0', 'likelihood': -3}]",,False,0,3,0.0,0.0,0,Carlos,0.0,131,False,Ankle injury - Expected back 19 Sep,2026-08-06T16:00:10.997714Z,50,535301.jpg,0.0,False,Baleba,0.2,False,,i,16,1,0,2995,671,6216,1795,0.0,0.0,Baleba,,38.0,2026-08-25,2004-01-03,False,p535301,0,0,0,0,0,0,0,0,0,0,0,0,0,0.0,0.0,0.0,0.0,0,0,0,0,0,0.00,0.00,0.00,0.00,,,,,,,[],,518,210,531,219,489,187,534,217,0.0,0.0,0.0,0.0,0.0,0.0,363,213,556,231,556,231,363,137,0.0,0.0,0.0
True,True,,,532605,0,0,0,0,-52.0,-279,"[{'offset': 0, 'projected_percent': '-58.9', 'likelihood': -3}, {'offset': 1, 'projected_percent': '-101.2', 'likelihood': -5}, {'offset': 2, 'projected_percent': '-143.4', 'likelihood': -5}]",,False,0,3,1.5,1.5,1,Andrey,1.5,162,False,,,50,532605.jpg,1.5,False,Nascimento dos Santos,0.9,False,,a,16,1,3,10146,2690,21589,6440,0.3,0.6,Andrey Santos,Andrey Santos,30.0,2026-07-13,2004-05-03,False,p532605,76,0,0,0,3,0,0,0,0,0,0,0,19,11.4,4.2,2.0,1.8,3,7,4,14,1,0.00,0.23,0.23,1.94,,,,,,,[],,151,51,151,89,174,86,191,85,0.0,0.0,0.27,0.27,2.3,3.55,362,212,184,84,202,95,196,63,1.18,0.0,16.58
True,True,100.0,100.0,59735,0,0,0,0,-4.4,0,"[{'offset': 0, 'projected_percent': '-4.4', 'likelihood': -1}, {'offset': 1, 'projected_percent': '-4.4', 'likelihood': -1}, {'offset': 2, 'projected_percent': '-4.4', 'likelihood': -1}]",,False,0,1,0.0,0.0,0,Karl,0.0,325,False,,2026-07-23T12:01:23.549136Z,45,59735.jpg,0.0,False,Darlow,0.0,False,,a,16,1,0,348,106,399,142,0.0,0.0,Darlow,,244.0,2026-06-14,1990-10-08,False,p59735,0,0,0,0,0,0,0,0,0,0,0,0,0,0.0,0.0,0.0,0.0,0,0,0,0,0,0.00,0.00,0.00,0.00,,,,,,,[],,339,43,340,23,265,23,356,43,0.0,0.0,0.0,0.0,0.0,0.0,407,22,406,44,406,44,506,55,0.0,0.0,0.0
True,True,,,465247,0,0,0,0,-18.1,-1179,"[{'offset': 0, 'projected_percent': '-19.9', 'likelihood': -1}, {'offset': 1, 'projected_percent': '-31.1', 'likelihood': -2}, {'offset': 2, 'projected_percent': '-42.3', 'likelihood': -3}]",,False,0,1,1.5,1.5,2,Senne,1.5,412,False,,,50,465247.jpg,1.5,False,Lammens,15.0,False,,a,16,1,3,43713,8999,131565,42955,0.3,0.6,Lammens,,21.0,2025-09-01,2002-07-07,False,p465247,180,0,0,0,4,0,0,0,0,0,5,0,18,20.2,0.0,0.0,2.0,3,14,0,0,2,0.00,0.00,0.00,3.02,,,,,,,[],,82,12,507,63,461,63,178,12,0.0,2.5,0.0,0.0,1.51,2.0,318,18,182,16,200,18,29,5,1.0,0.0,0.0
True,False,0.0,0.0,451302,0,0,0,0,0.0,-2,"[{'offset': 0, 'projected_percent': '0.0', 'likelihood': 0}, {'offset': 1, 'projected_percent': '0.0', 'likelihood': 0}, {'offset': 2, 'projected_percent': '0.0', 'likelihood': 0}]",,False,0,1,0.0,0.0,0,Altay,0.0,413,False,Has joined Celta Vigo on loan for the rest of the season,2026-08-10T14:02:28.608415Z,45,451302.jpg,0.0,False,Bayındır,0.0,False,,u,16,1,0,0,0,688,100,0.0,0.0,Bayindir,,219.0,2023-09-01,1998-04-14,False,p451302,0,0,0,0,0,0,0,0,0,0,0,0,0,0.0,0.0,0.0,0.0,0,0,0,0,0,0.00,0.00,0.00,0.00,,,,,,,[],,376,56,380,39,314,39,393,56,0.0,0.0,0.0,0.0,0.0,0.0,473,38,439,57,439,57,564,65,0.0,0.0,0.0
True,True,0.0,0.0,21205,0,0,0,0,-19.7,-15,"[{'offset': 0, 'projected_percent': '-21.1', 'likelihood': -2}, {'offset': 1, 'projected_percent': '-29.8', 'likelihood': -2}, {'offset': 2, 'projected_percent': '-38.5', 'likelihood': -2}]",,False,0,1,0.0,0.0,0,Tom,0.0,414,False,Hamstring injury - Unknown return date,2026-08-15T16:00:07.854151Z,40,21205.jpg,0.0,False,Heaton,0.1,False,,i,16,1,0,330,115,1320,315,0.0,0.0,Heaton,,241.0,2021-07-02,1986-04-15,False,p21205,0,0,0,0,0,0,0,0,0,0,0,0,0,0.0,0.0,0.0,0.0,0,0,0,0,0,0.00,0.00,0.00,0.00,,,,,,,[],,280,21,277,1,195,1,296,21,0.0,0.0,0.0,0.0,0.0,0.0,550,49,349,22,349,22,439,48,0.0,0.0,0.0
True,True,,,596777,-1,1,-1,1,-18.5,-525,"[{'offset': 0, 'projected_percent': '-25.6', 'likelihood': -2}, {'offset': 1, 'projected_percent': '-69.4', 'likelihood': -3}, {'offset': 2, 'projected_percent': '-113.3', 'likelihood': -5}]",,False,0,3,0.5,0.5,1,Patrick,0.5,415,False,,,59,596777.jpg,0.5,False,Dorgu,1.0,False,,a,16,1,1,6155,1347,38186,9525,0.1,0.2,Dorgu,,58.0,2025-02-02,2004-10-26,False,p596777,55,0,0,0,3,0,0,0,1,0,0,0,-7,0.0,1.2,16.0,0.7,2,0,1,3,1,0.61,0.04,0.65,1.92,,,,,,,[],,588,255,217,122,65,35,249,112,1.0,0.0,0.07,1.07,3.14,4.91,110,71,335,159,347,168,189,60,1.64,0.0,4.91
True,True,0.0,0.0,209365,0,0,0,0,-40.1,-7,"[{'offset': 0, 'projected_percent': '-42.6', 'likelihood': -3}, {'offset': 1, 'projected_percent': '-57.9', 'likelihood': -3}, {'offset': 2, 'projected_percent': '-73.1', 'likelihood': -3}]",,False,0,2,0.0,0.0,0,Matthijs,0.0,416,False,Back injury - Unknown return date,2026-07-23T12:01:23.690880Z,50,209365.jpg,0.0,False,de Ligt,0.0,False,,i,16,1,0,155,38,674,176,0.0,0.0,De Ligt,,152.0,2024-08-13,1999-08-12,False,p209365,0,0,0,0,0,0,0,0,0,0,0,0,0,0.0,0.0,0.0,0.0,0,0,0,0,0,0.00,0.00,0.00,0.00,,,,,,,[],https://www.manutd.com/en/news/team-news-for-man-utd-hull-opener-aug-2026,462,183,470,183,415,167,478,183,0.0,0.0,0.0,0.0,0.0,0.0,264,42,511,185,511,185,544,189,0.0,0.0,0.0
True,True,,,216051,0,0,0,0,-57.2,-220,"[{'offset': 0, 'projected_percent': '-59.4', 'likelihood': -3}, {'offset': 1, 'projected_percent': '-72.6', 'likelihood': -3}, {'offset': 2, 'projected_percent': '-85.8', 'likelihood': -3}]",,False,0,2,1.5,1.5,2,Diogo,1.5,417,False,,,50,216051.jpg,1.5,False,Dalot Teixeira,2.4,False,,a,16,1,3,10531,2341,42273,8641,0.3,0.6,Dalot,Diogo Dalot,173.0,2018-06-08,1999-03-18,False,p216051,83,0,0,0,1,0,0,0,0,0,0,0,18,7.6,11.3,0.0,1.9,4,2,2,6,1,0.17,0.12,0.29,1.01,,,,,,,[],,181,79,115,34,420,169,183,71,0.18,0.0,0.13,0.31,1.1,1.08,272,45,179,63,197,64,122,49,1.08,0.0,6.51
True,True,,,95658,0,0,0,0,-22.6,-974,"[{'offset': 0, 'projected_percent': '-24.0', 'likelihood': -2}, {'offset': 1, 'projected_percent': '-32.6', 'likelihood': -2}, {'offset': 2, 'projected_percent': '-41.2', 'likelihood': -3}]",,False,0,2,2.5,2.5,4,Harry,2.5,418,False,,,50,95658.jpg,2.5,False,Maguire,16.3,False,,a,16,1,5,64593,11640,168410,62099,0.5,1.0,Maguire,,241.0,2019-08-05,1993-03-05,False,p95658,180,0,1,0,4,0,0,0,0,0,0,0,28,25.4,28.6,19.0,7.3,8,9,1,9,2,0.07,0.41,0.48,3.02,,,,,,,[],,64,26,30,8,47,12,40,10,0.04,0.0,0.2,0.24,1.51,2.0,231,35,124,45,133,48,23,8,1.0,0.0,4.5
True,True,100.0,100.0,221820,0,0,0,0,-53.8,-120,"[{'offset': 0, 'projected_percent': '-55.9', 'likelihood': -3}, {'offset': 1, 'projected_percent': '-69.4', 'likelihood': -3}, {'offset': 2, 'projected_percent': '-82.8', 'likelihood': -3}]",,False,0,2,0.5,0.5,1,Lisandro,0.5,419,False,,2026-07-24T20:00:10.337107Z,50,221820.jpg,1.0,False,Martínez,1.3,False,,a,16,1,1,8928,2153,23910,4335,0.1,0.2,Martinez,Lisandro Martínez,10.0,2022-07-17,1998-01-18,False,p221820,90,0,0,0,2,0,0,0,0,0,0,0,0,0.0,0.0,0.0,0.0,0,6,0,0,1,0.03,0.06,0.09,2.01,,,,,,,[],,469,186,478,186,426,172,485,186,0.03,0.0,0.06,0.09,2.01,2.0,279,48,290,107,264,101,169,68,1.0,0.0,0.0
True,True,,,550864,0,0,0,0,-92.4,-105,"[{'offset': 0, 'projected_percent': '-96.4', 'likelihood': -4}, {'offset': 1, 'projected_percent': '-121.1', 'likelihood': -5}, {'offset': 2, 'projected_percent': '-145.8', 'likelihood': -5}]",,False,0,2,0.5,0.5,1,Leny,0.5,420,False,,,50,550864.jpg,1.0,False,Yoro,0.6,False,,a,16,1,1,1969,433,13717,2973,0.1,0.2,Yoro,,73.0,2024-07-19,2005-11-13,False,p550864,16,0,0,0,1,0,0,0,0,0,0,0,-2,0.0,0.0,0.0,0.0,2,1,0,2,0,0.00,0.01,0.01,1.00,,,,,,,[],,524,198,537,198,496,189,540,198,0.0,0.0,0.06,0.06,5.62,5.62,372,72,305,109,282,105,237,89,0.0,0.0,11.25
True,True,,,606745,0,0,0,0,-26.1,-95,"[{'offset': 0, 'projected_percent': '-31.6', 'likelihood': -2}, {'offset': 1, 'projected_percent': '-65.7', 'likelihood': -3}, {'offset': 2, 'projected_percent': '-99.8', 'likelihood': -4}]",,False,0,2,0.5,0.5,0,Ayden,0.5,421,False,,,45,606745.jpg,1.0,False,Heaven,0.4,False,,a,16,1,1,3663,575,6095,1904,0.1,0.2,Heaven,,241.0,2025-02-01,2006-09-22,False,p606745,90,0,0,0,2,0,0,0,0,0,0,0,5,6.8,2.6,11.0,2.0,1,4,1,2,1,0.12,0.04,0.16,1.01,,,,,,,[],,191,85,168,50,83,27,177,68,0.12,0.0,0.04,0.16,1.01,2.0,533,146,280,101,251,95,275,105,1.0,0.0,2.0
True,True,,,230001,0,0,0,0,-6.9,-109,"[{'offset': 0, 'projected_percent': '-10.5', 'likelihood': -1}, {'offset': 1, 'projected_percent': '-32.7', 'likelihood': -2}, {'offset': 2, 'projected_percent': '-54.9', 'likelihood': -3}]",,False,0,2,1.0,1.0,1,Noussair,1.0,422,False,,,45,230001.jpg,1.0,False,Mazraoui,0.7,False,,a,16,1,2,7017,1163,9043,2951,0.2,0.4,Mazraoui,,145.0,2024-08-13,1997-11-14,False,p230001,96,0,0,0,3,0,0,0,0,0,0,0,7,17.4,29.4,9.0,5.6,4,3,1,5,1,0.22,0.05,0.27,2.01,,,,,,,[],,99,42,28,7,89,30,61,19,0.21,0.0,0.05,0.26,1.88,2.81,453,110,215,76,239,85,228,84,0.94,0.0,4.69
True,True,,,106760,0,0,0,0,-25.2,-2711,"[{'offset': 0, 'projected_percent': '-28.6', 'likelihood': -2}, {'offset': 1, 'projected_percent': '-49.4', 'likelihood': -3}, {'offset': 2, 'projected_percent': '-70.2', 'likelihood': -3}]",,False,0,2,1.5,1.5,2,Luke,1.5,423,False,,,45,106760.jpg,1.5,False,Shaw,18.6,False,,a,16,1,3,51566,8639,181424,64335,0.3,0.7,Shaw,,241.0,2014-07-01,1995-07-12,False,p106760,162,0,0,0,3,0,0,0,0,0,0,0,25,25.2,59.2,6.0,9.0,7,5,5,12,2,0.00,0.28,0.28,2.02,3.0,,,,,,[],,65,27,1,1,113,32,20,2,0.0,0.0,0.16,0.16,1.12,1.67,416,85,172,60,191,62,18,6,1.11,0.0,6.67
True,True,,,577974,0,0,0,0,-24.5,-11,"[{'offset': 0, 'projected_percent': '-25.7', 'likelihood': -2}, {'offset': 1, 'projected_percent': '-33.5', 'likelihood': -2}, {'offset': 2, 'projected_percent': '-41.2', 'likelihood': -3}]",,False,0,2,0.0,0.0,0,Harry,0.0,424,False,,,40,577974.jpg,0.0,False,Amass,0.2,False,,a,16,1,0,1264,376,2586,605,0.0,0.0,Amass,,241.0,2024-04-06,2007-03-16,False,p577974,0,0,0,0,0,0,0,0,0,0,0,0,0,0.0,0.0,0.0,0.0,0,0,0,0,0,0.00,0.00,0.00,0.00,,,,,,,[],,329,131,329,133,252,103,346,132,0.0,0.0,0.0,0.0,0.0,0.0,616,198,396,144,396,144,343,128,0.0,0.0,0.0
True,False,0.0,0.0,547676,0,0,0,0,0.0,-4,"[{'offset': 0, 'projected_percent': '0.0', 'likelihood': 0}, {'offset': 1, 'projected_percent': '0.0', 'likelihood': 0}, {'offset': 2, 'projected_percent': '0.0', 'likelihood': 0}]",,False,0,2,0.0,0.0,0,Tyler,0.0,425,False,Has joined Lausanne-Sport permanently,2026-08-18T14:12:31.904433Z,40,547676.jpg,0.0,False,Fredricson,0.0,False,,u,16,1,0,0,0,808,128,0.0,0.0,Fredricson,,241.0,2022-09-07,2005-02-23,False,p547676,0,0,0,0,0,0,0,0,0,0,0,0,0,0.0,0.0,0.0,0.0,0,0,0,0,0,0.00,0.00,0.00,0.00,,,,,,,[],,321,123,321,125,243,94,338,124,0.0,0.0,0.0,0.0,0.0,0.0,607,189,389,137,389,137,562,196,0.0,0.0,0.0
True,True,,,141746,0,0,0,0,-23.6,4738,"[{'offset': 0, 'projected_percent': '-21.2', 'likelihood': -2}, {'offset': 1, 'projected_percent': '-6.8', 'likelihood': -1}, {'offset': 2, 'projected_percent': '34.5', 'likelihood': 2}]",,False,1,3,12.5,12.5,23,Bruno,12.5,426,True,,,120,141746.jpg,12.5,False,Borges Fernandes,46.9,False,,a,16,1,25,124315,75797,377863,149283,1.0,2.1,B.Fernandes,Bruno Fernandes,173.0,2020-01-30,1994-09-08,False,p141746,180,3,1,0,4,0,0,0,0,0,0,3,104,20.2,55.4,17.0,9.3,3,9,1,13,2,2.03,0.53,2.56,3.02,1.0,,1.0,,1.0,,[],,83,28,3,2,63,33,17,13,1.02,0.0,0.26,1.28,1.51,2.0,2,1,1,1,2,2,3,1,1.0,0.0,6.5
True,True,,,446008,0,0,0,0,-47.1,-4453,"[{'offset': 0, 'projected_percent': '-50.3', 'likelihood': -3}, {'offset': 1, 'projected_percent': '-69.6', 'likelihood': -3}, {'offset': 2, 'projected_percent': '-88.8', 'likelihood': -3}]",,False,0,3,6.5,6.5,11,Bryan,6.5,427,False,,,80,446008.jpg,6.5,False,Mbeumo,33.0,False,,a,16,1,13,99121,16896,443194,223006,0.8,1.6,Mbeumo,,38.0,2025-07-21,1999-08-07,False,p446008,180,1,1,0,4,0,0,0,1,0,0,2,53,9.6,28.1,49.0,8.7,0,7,3,10,2,2.13,0.44,2.57,3.02,2.0,,2.0,,2.0,,[],,168,65,34,26,8,5,25,16,1.06,0.0,0.22,1.28,1.51,2.0,9,6,28,17,34,20,7,3,1.0,0.0,5.0
True,True,,,430871,0,0,0,0,-53.9,-1000,"[{'offset': 0, 'projected_percent': '-56.5', 'likelihood': -3}, {'offset': 1, 'projected_percent': '-72.6', 'likelihood': -3}, {'offset': 2, 'projected_percent': '-88.7', 'likelihood': -3}]",,False,0,3,5.5,5.5,9,Matheus,5.5,428,False,,,80,430871.jpg,5.5,False,Santos Carneiro da Cunha,8.9,False,,a,16,1,11,33353,6499,138214,45257,0.7,1.4,Cunha,Matheus Cunha,30.0,2025-06-01,1999-05-27,False,p430871,158,0,2,0,3,0,0,0,0,0,0,1,45,5.4,28.2,35.0,6.9,0,5,0,5,2,0.35,0.36,0.71,2.02,,,,,,,[],,207,85,33,25,22,10,46,28,0.2,0.0,0.21,0.41,1.15,1.71,8,5,47,24,55,28,46,17,1.14,0.0,2.85
True,True,,,176297,0,0,0,0,-33.9,-376,"[{'offset': 0, 'projected_percent': '-39.2', 'likelihood': -2}, {'offset': 1, 'projected_percent': '-72.1', 'likelihood': -3}, {'offset': 2, 'projected_percent': '-104.9', 'likelihood': -5}]",,False,0,3,1.5,1.5,2,Marcus,1.5,429,False,,,70,176297.jpg,1.5,False,Rashford,1.6,False,,a,16,1,3,19764,4700,32024,9946,0.2,0.4,Rashford,,241.0,2015-07-01,1997-10-31,False,p176297,124,0,0,0,1,0,0,0,0,0,0,0,26,11.6,48.6,4.0,6.4,0,4,3,7,1,0.26,0.15,0.41,1.10,,,,,,,[],,149,50,7,6,145,74,49,30,0.19,0.0,0.11,0.3,0.8,0.73,23,14,204,96,220,106,150,44,0.73,0.0,5.08
True,True,75.0,75.0,184341,0,0,0,0,-60.4,-5,"[{'offset': 0, 'projected_percent': '-62.8', 'likelihood': -3}, {'offset': 1, 'projected_percent': '-78.0', 'likelihood': -3}, {'offset': 2, 'projected_percent': '-93.1', 'likelihood': -3}]",,False,0,3,0.0,0.0,0,Mason,0.0,430,False,Foot injury - 75% chance of playing,2026-08-15T16:00:07.879135Z,55,184341.jpg,0.0,False,Mount,0.0,False,,d,16,1,0,53,18,850,155,0.0,0.0,Mount,,241.0,2023-07-05,1999-01-10,False,p184341,0,0,0,0,0,0,0,0,0,0,0,0,0,0.0,0.0,0.0,0.0,0,0,0,0,0,0.00,0.00,0.00,0.00,,,3.0,,,,[],https://www.manutd.com/en/news/team-news-for-ipswich-visit-30-august,550,229,565,238,537,218,566,236,0.0,0.0,0.0,0.0,0.0,0.0,132,81,581,245,581,245,540,222,0.0,0.0,0.0
True,True,0.0,0.0,493250,0,0,-1,1,-49.7,-528,"[{'offset': 0, 'projected_percent': '-55.3', 'likelihood': -3}, {'offset': 1, 'projected_percent': '-90.0', 'likelihood': -3}, {'offset': 2, 'projected_percent': '-124.7', 'likelihood': -5}]",,False,0,3,0.0,0.0,0,Amad,0.0,431,False,Unspecified injury - Unknown return date,2026-08-22T11:00:08.617283Z,59,493250.jpg,0.0,False,Diallo,0.8,False,,i,16,1,0,1674,98,74171,14712,0.0,0.0,Amad,,54.0,2021-01-07,2002-07-11,False,p493250,0,0,0,0,0,0,0,0,0,0,0,0,0,0.0,0.0,0.0,0.0,0,0,0,0,0,0.00,0.00,0.00,0.00,4.0,,,,,,[],https://www.manutd.com/en/news/team-news-for-ipswich-visit-30-august,586,253,594,258,585,250,596,258,0.0,0.0,0.0,0.0,0.0,0.0,108,69,600,260,600,260,219,72,0.0,0.0,0.0
True,True,,,516895,0,0,0,0,-57.6,106,"[{'offset': 0, 'projected_percent': '-55.0', 'likelihood': -3}, {'offset': 1, 'projected_percent': '-39.0', 'likelihood': -2}, {'offset': 2, 'projected_percent': '-23.1', 'likelihood': -2}]",,False,0,3,2.5,2.5,4,Kobbie,2.5,432,False,,,55,516895.jpg,2.5,False,Mainoo,0.9,False,,a,16,1,5,6164,2704,17582,3889,0.5,0.9,Mainoo,,241.0,2022-10-15,2005-04-19,False,p516895,102,0,0,0,1,0,0,0,0,0,0,0,32,2.8,2.5,2.0,0.7,2,10,3,15,1,0.21,0.06,0.27,1.08,,,,,,,[],,239,108,170,100,178,88,247,110,0.19,0.0,0.05,0.24,0.95,0.88,196,123,135,62,143,64,194,62,0.88,0.0,13.24
True,True,0.0,0.0,232112,0,0,0,0,-38.3,-2,"[{'offset': 0, 'projected_percent': '-42.9', 'likelihood': -3}, {'offset': 1, 'projected_percent': '-71.2', 'likelihood': -3}, {'offset': 2, 'projected_percent': '-99.5', 'likelihood': -4}]",,False,0,3,0.0,0.0,0,Manuel,0.0,433,False,Knee injury - Unknown return date,2026-07-23T12:01:23.706702Z,50,232112.jpg,0.0,False,Ugarte Ribeiro,0.0,False,,i,16,1,0,35,11,112,24,0.0,0.0,Ugarte,,230.0,2024-08-30,2001-04-11,False,p232112,0,0,0,0,0,0,0,0,0,0,0,0,0,0.0,0.0,0.0,0.0,0,0,0,0,0,0.00,0.00,0.00,0.00,,,,,,,[],https://www.manutd.com/en/news/an-official-update-on-manuel-ugarte,474,185,483,194,434,159,490,192,0.0,0.0,0.0,0.0,0.0,0.0,287,172,520,214,520,214,605,261,0.0,0.0,0.0
True,True,,,547037,0,0,0,0,-61.4,-2,"[{'offset': 0, 'projected_percent': '-66.1', 'likelihood': -3}, {'offset': 1, 'projected_percent': '-94.9', 'likelihood': -3}, {'offset': 2, 'projected_percent': '-123.8', 'likelihood': -5}]",,False,0,3,0.0,0.0,0,Jack,0.0,434,False,,,50,547037.jpg,0.0,False,Fletcher,0.0,False,,a,16,1,0,62,21,218,49,0.0,0.0,J.Fletcher,Jack Fletcher,241.0,2024-07-12,2007-03-19,False,p547037,0,0,0,0,0,0,0,0,0,0,0,0,0,0.0,0.0,0.0,0.0,0,0,0,0,0,0.00,0.00,0.00,0.00,,,,,,,[],,522,214,535,223,493,191,538,221,0.0,0.0,0.0,0.0,0.0,0.0,369,219,560,235,560,235,584,247,0.0,0.0,0.0
True,True,,,576628,0,0,0,0,-36.3,-24,"[{'offset': 0, 'projected_percent': '-47.3', 'likelihood': -3}, {'offset': 1, 'projected_percent': '-114.9', 'likelihood': -5}, {'offset': 2, 'projected_percent': '-182.4', 'likelihood': -5}]",,False,0,3,0.5,0.5,0,Shea,0.5,435,False,,,50,576628.jpg,1.0,False,Lacey,0.1,False,,a,16,1,1,456,129,886,296,0.1,0.2,Lacey,,241.0,2025-05-26,2007-04-14,False,p576628,10,0,0,0,0,0,0,0,0,0,0,0,3,0.2,0.6,0.0,0.1,0,1,0,1,0,0.00,0.00,0.00,0.00,,,,,,,[],,277,132,242,128,502,198,289,137,0.0,0.0,0.0,0.0,0.0,0.0,379,226,307,142,285,130,490,201,0.0,0.0,9.0
True,True,,,490881,0,0,0,0,-49.7,-4,"[{'offset': 0, 'projected_percent': '-55.2', 'likelihood': -3}, {'offset': 1, 'projected_percent': '-88.8', 'likelihood': -3}, {'offset': 2, 'projected_percent': '-122.5', 'likelihood': -5}]",,False,0,3,0.0,0.0,0,Toby,0.0,436,False,,,50,490881.jpg,0.0,False,Collyer,0.0,False,,a,16,1,0,105,45,297,63,0.0,0.0,Collyer,,241.0,2023-07-01,2004-01-03,False,p490881,0,0,0,0,0,0,0,0,0,0,0,0,0,0.0,0.0,0.0,0.0,0,0,0,0,0,0.00,0.00,0.00,0.00,,,,,,,[],,506,205,518,214,475,181,522,212,0.0,0.0,0.0,0.0,0.0,0.0,336,197,546,228,546,228,563,233,0.0,0.0,0.0
True,True,,,576620,0,0,0,0,-36.0,-5,"[{'offset': 0, 'projected_percent': '-36.7', 'likelihood': -2}, {'offset': 1, 'projected_percent': '-40.8', 'likelihood': -3}, {'offset': 2, 'projected_percent': '-44.9', 'likelihood': -3}]",,False,0,3,0.0,0.0,0,Bendito,0.0,437,False,,,45,576620.jpg,0.0,False,Mantato,0.2,False,,a,16,1,0,1429,468,3121,750,0.0,0.0,Bendito Mantato,,,,,False,p576620,0,0,0,0,0,0,0,0,0,0,0,0,0,0.0,0.0,0.0,0.0,0,0,0,0,0,0.00,0.00,0.00,0.00,,,,,,,[],,413,151,419,161,359,119,429,158,0.0,0.0,0.0,0.0,0.0,0.0,523,263,472,186,472,186,355,133,0.0,0.0,0.0
True,True,,,519913,0,0,0,0,-40.7,-26,"[{'offset': 0, 'projected_percent': '-42.6', 'likelihood': -3}, {'offset': 1, 'projected_percent': '-54.0', 'likelihood': -3}, {'offset': 2, 'projected_percent': '-65.4', 'likelihood': -3}]",,False,0,3,0.0,0.0,0,Tyler,0.0,438,False,,,45,519913.jpg,0.0,False,Fletcher,0.3,False,,a,16,1,0,1906,578,5209,1225,0.0,0.0,Fletcher,Tyler Fletcher,243.0,2025-05-26,2007-03-19,False,p519913,0,0,0,0,0,0,0,0,0,0,0,0,0,0.0,0.0,0.0,0.0,0,0,0,0,0,0.00,0.00,0.00,0.00,,,,,,,[],,396,146,403,156,341,114,412,153,0.0,0.0,0.0,0.0,0.0,0.0,504,258,456,181,456,181,293,98,0.0,0.0,0.0
True,True,100.0,100.0,485711,0,0,0,0,5.3,-762,"[{'offset': 0, 'projected_percent': '3.5', 'likelihood': 1}, {'offset': 1, 'projected_percent': '-40.0', 'likelihood': -3}, {'offset': 2, 'projected_percent': '-100.5', 'likelihood': -5}]",,False,0,4,1.0,1.0,1,Benjamin,1.0,439,False,,2026-07-23T12:01:23.722029Z,70,485711.jpg,1.0,False,Sesko,1.8,False,,a,16,1,2,36789,6235,27411,12285,0.1,0.3,Šeško,,195.0,2025-08-09,2003-05-31,False,p485711,33,0,0,0,1,0,0,0,0,0,0,0,7,0.0,0.5,9.0,0.9,0,3,0,3,0,0.04,0.01,0.05,1.07,,,,,,,[],,620,70,253,28,94,19,239,24,0.11,0.0,0.03,0.14,2.92,2.73,28,10,260,32,334,40,140,23,0.0,0.0,8.18
True,True,,,458249,-1,1,-1,1,-6.5,-148,"[{'offset': 0, 'projected_percent': '-10.4', 'likelihood': -1}, {'offset': 1, 'projected_percent': '-34.5', 'likelihood': -2}, {'offset': 2, 'projected_percent': '-58.5', 'likelihood': -3}]",,False,0,4,0.0,0.0,0,Joshua,0.0,440,False,,,54,458249.jpg,0.0,False,Zirkzee,0.5,False,,a,16,1,0,3787,1742,16549,3418,0.0,0.0,Zirkzee,,152.0,2024-07-17,2001-05-22,False,p458249,0,0,0,0,0,0,0,0,0,0,0,0,0,0.0,0.0,0.0,0.0,0,0,0,0,0,0.00,0.00,0.00,0.00,,,,,,,[],,539,45,552,53,520,52,555,54,0.0,0.0,0.0,0.0,0.0,0.0,221,48,572,62,572,62,258,42,0.0,0.0,0.0
True,True,,,596047,0,0,0,0,-14.7,66,"[{'offset': 0, 'projected_percent': '-13.4', 'likelihood': -1}, {'offset': 1, 'projected_percent': '-5.1', 'likelihood': -1}, {'offset': 2, 'projected_percent': '0.3', 'likelihood': 1}]",,False,0,4,0.0,0.0,0,Chido,0.0,441,False,,,45,596047.jpg,0.0,False,Obi,1.1,False,,a,16,1,0,11142,4826,15531,3962,0.0,0.0,Obi,,58.0,2025-02-15,2007-11-29,False,p596047,0,0,0,0,0,0,0,0,0,0,0,0,0,0.0,0.0,0.0,0.0,0,0,0,0,0,0.00,0.00,0.00,0.00,,,,,,,[],,418,33,424,40,364,39,434,42,0.0,0.0,0.0,0.0,0.0,0.0,530,71,477,50,477,50,181,28,0.0,0.0,0.0
True,True,,,465694,0,0,0,0,1.5,76,"[{'offset': 0, 'projected_percent': '1.6', 'likelihood': 1}, {'offset': 1, 'projected_percent': '2.7', 'likelihood': 1}, {'offset': 2, 'projected_percent': '3.7', 'likelihood': 1}]",,False,0,3,1.0,1.0,2,Nico,1.0,405,False,,,55,465694.jpg,2.0,False,González Iglesias,0.2,False,,a,17,4,2,5388,3001,2521,779,0.2,0.4,N.Gonzalez,,200.0,2026-08-26,2002-01-03,False,p465694,70,0,0,1,0,0,0,0,1,0,0,0,9,0.0,0.0,0.0,0.0,2,2,0,4,1,0.00,0.20,0.20,0.74,,,,,,,[],,567,240,580,248,565,237,581,246,0.0,0.0,0.26,0.26,0.95,0.0,178,109,247,117,176,87,350,130,1.29,1.29,5.14
True,True,,,98747,0,0,0,0,-52.3,-126,"[{'offset': 0, 'projected_percent': '-54.7', 'likelihood': -3}, {'offset': 1, 'projected_percent': '-69.4', 'likelihood': -3}, {'offset': 2, 'projected_percent': '-84.1', 'likelihood': -3}]",,False,0,1,0.0,0.0,0,Nick,0.0,442,False,,,50,98747.jpg,0.0,False,Pope,1.2,False,,a,17,4,0,4056,1350,17761,5457,0.0,0.0,Pope,,241.0,2022-06-23,1992-04-19,False,p98747,0,0,0,0,0,0,0,0,0,0,0,0,0,0.0,0.0,0.0,0.0,0,0,0,0,0,0.00,0.00,0.00,0.00,,,,,,,[],,440,62,447,51,388,51,456,62,0.0,0.0,0.0,0.0,0.0,0.0,232,6,497,63,497,63,175,25,0.0,0.0,0.0
True,True,,,81441,0,0,0,0,-13.1,1,"[{'offset': 0, 'projected_percent': '-12.3', 'likelihood': -1}, {'offset': 1, 'projected_percent': '-7.5', 'likelihood': -1}, {'offset': 2, 'projected_percent': '-2.6', 'likelihood': -1}]",,False,0,1,0.0,0.0,0,Mark,0.0,443,False,,,45,81441.jpg,0.0,False,Gillespie,0.0,False,,a,17,4,0,220,58,342,111,0.0,0.0,Gillespie,,241.0,2020-07-27,1992-03-27,False,p81441,0,0,0,0,0,0,0,0,0,0,0,0,0,0.0,0.0,0.0,0.0,0,0,0,0,0,0.00,0.00,0.00,0.00,,,,,,,[],,340,44,343,26,268,26,357,44,0.0,0.0,0.0,0.0,0.0,0.0,410,25,407,45,407,45,524,57,0.0,0.0,0.0
True,True,,,554578,0,0,0,0,-51.3,-2,"[{'offset': 0, 'projected_percent': '-53.0', 'likelihood': -3}, {'offset': 1, 'projected_percent': '-63.6', 'likelihood': -3}, {'offset': 2, 'projected_percent': '-74.1', 'likelihood': -3}]",,False,0,1,0.0,0.0,0,Ewen,0.0,444,False,,,45,554578.jpg,0.0,False,Jaouen,0.0,False,,a,17,4,0,181,57,506,158,0.0,0.0,Jaouen,,73.0,2026-06-15,2005-12-29,False,p554578,0,0,0,0,0,0,0,0,0,0,0,0,0,0.0,0.0,0.0,0.0,0,0,0,0,0,0.00,0.00,0.00,0.00,,,,,,,[],,405,61,412,49,350,49,421,61,0.0,0.0,0.0,0.0,0.0,0.0,514,48,465,62,465,62,539,62,0.0,0.0,0.0
True,True,,,465642,0,0,0,0,7.0,226,"[{'offset': 0, 'projected_percent': '7.5', 'likelihood': 1}, {'offset': 1, 'projected_percent': '10.6', 'likelihood': 1}, {'offset': 2, 'projected_percent': '13.8', 'likelihood': 1}]",,False,0,2,4.5,4.5,6,Malick,4.5,445,False,,,50,465642.jpg,4.5,False,Thiaw,1.9,False,,a,17,4,9,34055,14257,17398,6500,0.9,1.8,Thiaw,,80.0,2025-08-12,2001-08-08,False,p465642,180,0,0,1,2,0,0,0,0,0,0,0,25,37.8,0.2,0.0,3.8,18,3,0,18,2,0.00,0.02,0.02,4.10,,,,,,,[],,32,11,269,98,462,181,108,37,0.0,0.0,0.01,0.01,2.05,1.0,319,59,63,22,73,25,135,53,1.0,0.5,9.0
True,True,100.0,100.0,119471,0,0,0,0,-12.4,-26,"[{'offset': 0, 'projected_percent': '-14.8', 'likelihood': -1}, {'offset': 1, 'projected_percent': '-29.2', 'likelihood': -2}, {'offset': 2, 'projected_percent': '-43.5', 'likelihood': -3}]",,False,0,2,0.5,0.5,0,Fabian,0.5,446,False,,2026-08-15T16:30:07.209742Z,50,119471.jpg,1.0,False,Schär,0.3,False,,a,17,4,1,2448,553,3401,1516,0.1,0.2,Schär,,207.0,2018-07-26,1991-12-20,False,p119471,1,0,0,0,1,0,0,0,0,0,0,0,-1,0.0,0.0,0.0,0.0,0,0,0,0,0,0.00,0.00,0.00,0.79,,,2.0,,,,[],,446,178,453,179,394,162,462,178,0.0,0.0,0.0,0.0,71.1,90.0,238,37,283,103,255,97,311,115,0.0,0.0,0.0
True,True,,,220237,0,0,0,0,4.5,129,"[{'offset': 0, 'projected_percent': '4.8', 'likelihood': 1}, {'offset': 1, 'projected_percent': '6.5', 'likelihood': 1}, {'offset': 2, 'projected_percent': '8.3', 'likelihood': 1}]",,False,0,2,4.0,4.0,5,Sven,4.0,447,False,,,50,220237.jpg,4.0,False,Botman,0.6,False,,a,17,4,8,13239,4354,4718,1436,0.8,1.6,Botman,,152.0,2022-06-28,2000-01-12,False,p220237,180,0,0,1,2,0,0,0,1,0,0,0,26,32.4,0.3,0.0,3.3,14,6,1,15,2,0.01,0.01,0.02,4.10,,,,,,,[],,46,17,258,94,423,170,121,44,0.0,0.0,0.0,0.0,2.05,1.0,276,46,78,30,86,32,243,93,1.0,0.5,7.5
True,True,0.0,0.0,78916,-1,1,-1,1,-5.3,-530,"[{'offset': 0, 'projected_percent': '-7.1', 'likelihood': -1}, {'offset': 1, 'projected_percent': '-18.3', 'likelihood': -1}, {'offset': 2, 'projected_percent': '-29.5', 'likelihood': -2}]",,False,0,2,0.0,0.0,0,Dan,0.0,448,False,Ankle injury - Expected back 14 Sep,2026-08-23T18:00:08.367241Z,49,78916.jpg,0.0,False,Burn,1.4,False,,i,17,4,0,6507,260,93511,18200,0.0,0.0,Burn,,241.0,2022-01-31,1992-05-09,False,p78916,0,0,0,0,0,0,0,0,0,0,0,0,0,0.0,0.0,0.0,0.0,0,0,0,0,0,0.00,0.00,0.00,0.00,,,,,,,[],https://www.newcastleunited.com/en/news/confimed-line-up-opening-day-debuts-for-hornicek-dedic-and-steur-against-liverpool,434,176,440,177,381,160,450,176,0.0,0.0,0.0,0.0,0.0,0.0,400,78,491,181,491,181,162,65,0.0,0.0,0.0
True,True,,,487838,0,0,0,0,58.7,5006,"[{'offset': 0, 'projected_percent': '69.9', 'likelihood': 3}, {'offset': 1, 'projected_percent': '138.6', 'likelihood': 5}, {'offset': 2, 'projected_percent': '207.3', 'likelihood': 5}]",,False,1,2,7.0,7.0,11,Lewis,7.0,449,False,,,50,487838.jpg,7.0,False,Hall,5.5,False,,a,17,4,14,167289,114588,29407,9971,1.4,2.8,Hall,,241.0,2024-07-01,2004-09-08,False,p487838,180,0,0,1,2,0,0,0,0,0,0,3,60,22.0,15.2,0.0,3.7,17,14,7,24,2,0.03,0.66,0.69,4.10,1.0,,1.0,,,,[],,75,35,80,24,470,184,113,41,0.02,0.0,0.33,0.35,2.05,1.0,331,65,21,7,26,10,67,27,1.0,0.5,12.0
True,True,0.0,0.0,441191,0,0,0,0,-84.8,-10,"[{'offset': 0, 'projected_percent': '-87.3', 'likelihood': -3}, {'offset': 1, 'projected_percent': '-102.7', 'likelihood': -5}, {'offset': 2, 'projected_percent': '-118.1', 'likelihood': -5}]",,False,0,2,0.0,0.0,0,Tino,0.0,450,False,Calf injury - Unknown return date,2026-07-23T12:01:23.753221Z,50,441191.jpg,0.0,False,Livramento,0.0,False,,i,17,4,0,111,20,1529,301,0.0,0.0,Livramento,,241.0,2023-08-08,2002-11-12,False,p441191,0,0,0,0,0,0,0,0,0,0,0,0,0,0.0,0.0,0.0,0.0,0,0,0,0,0,0.00,0.00,0.00,0.00,,,,,,,[],https://www.newcastleunited.com/en/news/matthias-jaissles-team-news-update-livramento-and-joelinton-latest-ahead-of-premier-league-opener,486,189,496,189,449,177,502,189,0.0,0.0,0.0,0.0,0.0,0.0,305,54,530,189,530,189,529,185,0.0,0.0,0.0
True,False,0.0,0.0,545477,0,0,0,0,0.0,-35,"[{'offset': 0, 'projected_percent': '0.0', 'likelihood': 0}, {'offset': 1, 'projected_percent': '0.0', 'likelihood': 0}, {'offset': 2, 'projected_percent': '0.0', 'likelihood': 0}]",,False,0,2,0.0,0.0,0,Alex,0.0,451,False,Has joined FC Kaiserslautern on loan for the rest of the season,2026-08-12T14:05:29.224600Z,40,545477.jpg,0.0,False,Murphy,0.1,False,,u,17,4,0,0,0,4024,748,0.0,0.0,A.Murphy,,104.0,2023-07-19,2004-06-25,False,p545477,0,0,0,0,0,0,0,0,0,0,0,0,0,0.0,0.0,0.0,0.0,0,0,0,0,0,0.00,0.00,0.00,0.00,,,,,,,[],,320,122,320,124,242,93,337,123,0.0,0.0,0.0,0.0,0.0,0.0,606,188,388,136,388,136,436,152,0.0,0.0,0.0
True,True,,,201666,0,0,0,0,2.5,-34,"[{'offset': 0, 'projected_percent': '2.5', 'likelihood': 1}, {'offset': 1, 'projected_percent': '2.0', 'likelihood': 1}, {'offset': 2, 'projected_percent': '1.5', 'likelihood': 1}]",,False,0,3,2.5,2.5,3,Harvey,2.5,453,False,,,60,201666.jpg,2.5,False,Barnes,1.1,False,,a,17,4,5,19730,4735,16263,5933,0.4,0.8,Barnes,,241.0,2023-07-23,1997-12-09,False,p201666,180,0,0,1,2,0,0,0,0,0,0,0,21,5.2,2.4,9.0,1.7,5,4,3,12,2,0.11,0.03,0.14,4.10,5.0,,,,,,[],,210,87,175,103,91,44,202,90,0.06,0.0,0.02,0.08,2.05,1.0,66,45,139,65,147,67,182,55,1.0,0.5,6.0
True,True,,,449434,0,0,0,0,124.7,8912,"[{'offset': 0, 'projected_percent': '144.6', 'likelihood': 5}, {'offset': 1, 'projected_percent': '267.0', 'likelihood': 5}, {'offset': 2, 'projected_percent': '389.4', 'likelihood': 5}]",,False,0,3,8.5,8.5,8,Anthony,8.5,454,True,,,60,449434.jpg,8.5,False,Elanga,4.6,False,,a,17,4,17,300093,204652,24299,12426,1.4,2.8,Elanga,,206.0,2025-07-11,2002-04-27,False,p449434,156,2,0,1,1,0,0,0,0,0,0,2,63,37.4,3.5,28.0,6.9,1,2,2,5,2,0.42,0.11,0.53,2.68,4.0,,,,,,[],,33,17,160,93,34,18,45,27,0.24,0.0,0.06,0.3,1.55,0.58,83,53,11,5,17,8,76,25,1.15,0.58,2.88
True,True,,,232653,0,0,0,0,-58.1,-31,"[{'offset': 0, 'projected_percent': '-60.3', 'likelihood': -3}, {'offset': 1, 'projected_percent': '-73.8', 'likelihood': -3}, {'offset': 2, 'projected_percent': '-87.2', 'likelihood': -3}]",,False,0,3,0.5,0.5,1,Jacob,0.5,456,False,,,50,232653.jpg,0.5,False,Ramsey,0.3,False,,a,17,4,1,1964,522,6494,1814,0.1,0.2,J.Ramsey,,241.0,2025-08-17,2001-05-28,False,p232653,42,0,0,0,1,0,0,0,1,0,0,0,4,7.8,1.3,4.0,1.3,3,2,2,7,0,0.06,0.14,0.20,1.88,,,,,,,[],,180,71,208,117,132,65,224,99,0.13,0.0,0.3,0.43,4.03,2.14,289,174,291,129,339,166,292,97,0.0,0.0,15.0
True,True,,,114243,0,0,0,0,-89.7,-30,"[{'offset': 0, 'projected_percent': '-94.5', 'likelihood': -3}, {'offset': 1, 'projected_percent': '-123.4', 'likelihood': -5}, {'offset': 2, 'projected_percent': '-152.3', 'likelihood': -5}]",,False,0,3,0.5,0.5,1,Jacob,0.5,457,False,,,60,114243.jpg,0.5,False,Murphy,0.2,False,,a,17,4,1,969,252,3779,1097,0.1,0.2,J.Murphy,Jacob Murphy,241.0,2017-07-19,1995-02-24,False,p114243,22,0,0,0,1,0,0,0,1,0,0,0,2,0.0,0.1,2.0,0.1,1,3,1,5,0,0.00,0.20,0.20,1.42,2.0,,,,,,[],,592,258,276,144,182,92,293,139,0.0,0.0,0.82,0.82,5.81,4.09,58,40,337,161,348,169,376,145,0.0,0.0,20.45
True,True,0.0,0.0,180974,0,0,0,0,-94.6,-9,"[{'offset': 0, 'projected_percent': '-97.5', 'likelihood': -4}, {'offset': 1, 'projected_percent': '-115.0', 'likelihood': -5}, {'offset': 2, 'projected_percent': '-132.6', 'likelihood': -5}]",,False,0,3,0.0,0.0,0,Joelinton Cássio,0.0,458,False,Unspecified injury - Unknown return date,2026-08-16T08:00:08.074045Z,55,180974.jpg,0.0,False,Apolinário de Lira,0.0,False,,i,17,4,0,68,20,1293,225,0.0,0.0,Joelinton,Joelinton,30.0,2019-07-24,1996-08-14,False,p180974,0,0,0,0,0,0,0,0,0,0,0,0,0,0.0,0.0,0.0,0.0,0,0,0,0,0,0.00,0.00,0.00,0.00,,,,,,,[],https://www.newcastleunited.com/en/news/matthias-jaissles-team-news-update-livramento-and-joelinton-latest-ahead-of-premier-league-opener,549,228,564,237,536,217,565,235,0.0,0.0,0.0,0.0,0.0,0.0,131,80,580,244,580,244,542,223,0.0,0.0,0.0
True,True,100.0,100.0,547719,0,0,0,0,0.5,11,"[{'offset': 0, 'projected_percent': '0.6', 'likelihood': 1}, {'offset': 1, 'projected_percent': '0.7', 'likelihood': 1}, {'offset': 2, 'projected_percent': '0.9', 'likelihood': 1}]",,False,0,3,3.0,3.0,3,Lewis,3.0,459,False,,2026-07-23T12:01:23.785456Z,55,547719.jpg,3.0,False,Miley,0.1,False,,a,17,4,6,1963,572,926,392,0.5,1.1,L.Miley,,241.0,2023-02-01,2006-05-01,False,p547719,165,0,0,1,1,0,0,0,1,0,0,0,29,15.6,21.4,3.0,4.0,9,12,1,22,2,0.05,0.05,0.10,3.06,3.0,,,,,,[],,109,37,59,39,152,79,103,54,0.03,0.0,0.03,0.06,1.67,0.55,202,127,108,50,118,52,460,186,1.09,0.55,12.0
True,True,,,200089,0,0,0,0,5.1,158,"[{'offset': 0, 'projected_percent': '5.4', 'likelihood': 1}, {'offset': 1, 'projected_percent': '7.6', 'likelihood': 1}, {'offset': 2, 'projected_percent': '9.8', 'likelihood': 1}]",,False,0,3,4.5,4.5,3,Joe,4.5,460,False,,,50,200089.jpg,4.5,False,Willock,0.3,False,,a,17,4,9,14562,5799,3425,1493,0.9,1.8,Willock,,241.0,2021-08-13,1999-08-20,False,p200089,104,1,0,1,1,0,0,0,0,0,0,0,28,38.4,13.9,9.0,6.1,1,2,2,5,1,0.16,0.19,0.35,2.24,,,,,,,[],,29,16,90,58,90,43,52,31,0.14,0.0,0.16,0.3,1.94,0.87,255,156,61,31,71,35,296,101,0.87,0.87,4.33
True,True,,,611665,-1,1,-1,1,-13.0,-43,"[{'offset': 0, 'projected_percent': '-16.0', 'likelihood': -1}, {'offset': 1, 'projected_percent': '-34.7', 'likelihood': -2}, {'offset': 2, 'projected_percent': '-53.4', 'likelihood': -3}]",,False,0,3,0.5,0.5,1,Bazoumana,0.5,461,False,,,59,611665.jpg,1.0,False,Touré,0.2,False,,a,17,4,1,786,273,6732,2274,0.1,0.2,Touré,,54.0,2026-07-05,2006-03-02,False,p611665,1,0,0,0,0,0,0,0,0,0,0,0,3,0.0,0.0,0.0,0.0,0,0,0,0,0,0.00,0.00,0.00,0.00,,,,,,,[],,589,256,596,260,587,252,598,260,0.0,0.0,0.0,0.0,0.0,0.0,111,72,336,160,319,155,347,127,0.0,0.0,0.0
True,True,,,636852,0,0,0,0,-33.4,-22,"[{'offset': 0, 'projected_percent': '-38.4', 'likelihood': -2}, {'offset': 1, 'projected_percent': '-69.5', 'likelihood': -3}, {'offset': 2, 'projected_percent': '-100.6', 'likelihood': -5}]",,False,0,3,1.0,1.0,1,Sean,1.0,462,False,,,50,636852.jpg,1.0,False,Steur,0.1,False,,a,17,4,2,962,200,1815,815,0.2,0.4,Steur,,152.0,2026-07-09,2008-01-11,False,p636852,74,0,0,0,1,0,0,0,0,0,0,0,7,0.4,1.2,0.0,0.2,3,2,0,5,1,0.00,0.00,0.00,1.86,,,,,,,[],,272,128,214,120,511,204,283,134,0.0,0.0,0.0,0.0,2.26,1.22,392,235,241,113,290,135,422,166,1.22,0.0,6.08
True,True,,,470313,0,0,0,0,-97.1,-134,"[{'offset': 0, 'projected_percent': '-99.3', 'likelihood': -4}, {'offset': 1, 'projected_percent': '-112.4', 'likelihood': -5}, {'offset': 2, 'projected_percent': '-125.5', 'likelihood': -5}]",,False,0,4,2.0,2.0,4,Nick,2.0,463,False,,,60,470313.jpg,4.0,False,Woltemade,1.5,False,,a,17,4,4,10267,3074,39449,8665,0.3,0.7,Woltemade,,80.0,2025-08-30,2002-02-14,False,p470313,19,0,1,0,0,0,0,0,0,0,0,0,18,0.0,0.0,0.0,0.0,0,0,0,0,0,0.02,0.01,0.03,0.38,,,,,1.0,,[],,604,65,607,66,600,66,607,66,0.09,0.0,0.05,0.14,1.8,0.0,89,22,163,18,91,13,158,25,0.0,0.0,0.0
True,True,,,216646,0,0,0,0,158.6,9747,"[{'offset': 0, 'projected_percent': '180.4', 'likelihood': 5}, {'offset': 1, 'projected_percent': '314.3', 'likelihood': 5}, {'offset': 2, 'projected_percent': '448.1', 'likelihood': 5}]",,False,0,4,6.0,6.0,8,Yoane,6.0,464,False,,,60,216646.jpg,6.0,False,Wissa,6.2,False,,a,17,4,12,394518,235561,39998,15910,1.0,2.0,Wissa,,50.0,2025-09-01,1996-09-03,False,p216646,171,1,1,1,1,0,0,0,1,0,0,2,44,20.0,16.3,28.0,6.4,2,7,5,14,2,1.35,0.02,1.37,2.93,,,,,3.0,,[],,85,7,74,6,33,9,48,8,0.71,0.0,0.01,0.72,1.54,0.53,70,18,37,3,46,3,63,11,1.05,0.53,7.37
True,True,0.0,0.0,538207,0,0,0,0,-55.5,-429,"[{'offset': 0, 'projected_percent': '-60.3', 'likelihood': -3}, {'offset': 1, 'projected_percent': '-89.9', 'likelihood': -3}, {'offset': 2, 'projected_percent': '-119.6', 'likelihood': -5}]",,False,0,4,0.0,0.0,0,William,2.0,465,False,Foot injury - Unknown return date,2026-08-25T19:00:08.004915Z,60,538207.jpg,4.0,False,Osula,0.7,False,,i,17,4,4,20540,196,41932,15425,0.3,0.7,Osula,,58.0,2024-08-08,2003-08-04,False,p538207,55,0,1,0,1,0,0,0,0,0,0,0,18,28.2,13.7,8.0,5.0,2,2,1,5,1,0.06,0.14,0.20,1.48,,,,,2.0,,[],,59,6,95,8,100,20,78,11,0.1,0.0,0.23,0.33,2.42,1.64,99,25,165,19,92,14,223,37,1.64,0.0,8.18
True,True,,,599303,0,0,0,0,0.3,98,"[{'offset': 0, 'projected_percent': '0.5', 'likelihood': 1}, {'offset': 1, 'projected_percent': '1.9', 'likelihood': 1}, {'offset': 2, 'projected_percent': '3.2', 'likelihood': 1}]",,False,0,4,0.0,0.0,0,Sean,0.0,466,False,,,45,599303.jpg,0.0,False,Neave,0.8,False,,a,17,4,0,10765,4287,11137,3012,0.0,0.0,Neave,,241.0,2025-02-07,2007-05-27,False,p599303,0,0,0,0,0,0,0,0,0,0,0,0,0,0.0,0.0,0.0,0.0,0,0,0,0,0,0.00,0.00,0.00,0.00,,,,,,,[],,420,34,426,41,366,40,436,43,0.0,0.0,0.0,0.0,0.0,0.0,532,72,479,51,479,51,218,36,0.0,0.0,0.0
True,True,,,632794,0,0,0,0,-47.7,-15,"[{'offset': 0, 'projected_percent': '-50.4', 'likelihood': -3}, {'offset': 1, 'projected_percent': '-66.6', 'likelihood': -3}, {'offset': 2, 'projected_percent': '-82.9', 'likelihood': -3}]",,False,0,3,0.5,0.5,0,Aladji,0.5,559,False,,,50,632794.jpg,1.0,False,Bamba,0.1,False,,a,17,4,1,963,273,2461,794,0.1,0.2,Bamba,,73.0,2026-07-24,2006-07-14,False,p632794,14,0,0,0,1,0,0,0,0,0,0,0,5,4.0,0.0,0.0,0.4,1,0,1,2,0,0.00,0.00,0.00,1.04,,,,,,,[],,223,96,546,230,510,203,266,122,0.0,0.0,0.0,0.0,6.69,6.43,391,234,310,145,289,134,395,155,0.0,0.0,12.86
True,True,,,470551,0,0,0,0,4.3,389,"[{'offset': 0, 'projected_percent': '5.1', 'likelihood': 1}, {'offset': 1, 'projected_percent': '10.5', 'likelihood': 1}, {'offset': 2, 'projected_percent': '15.8', 'likelihood': 1}]",,False,0,1,4.0,4.0,7,Lukás,4.0,567,False,,,50,470551.jpg,4.0,False,Hornícek,0.8,False,,a,17,4,8,18704,13167,6982,2724,0.8,1.6,Horníček,,57.0,2026-08-03,2002-07-13,False,p470551,180,0,0,1,2,0,0,0,1,0,9,0,44,41.2,0.0,0.0,4.1,5,9,0,0,2,0.00,0.00,0.00,4.10,,,,,,,[],,24,2,510,64,465,64,100,2,0.0,4.5,0.0,0.0,2.05,1.0,324,19,79,5,87,6,211,31,1.0,0.5,0.0
True,True,,,463726,0,0,0,0,0.0,0,"[{'offset': 0, 'projected_percent': '0.0', 'likelihood': 0}, {'offset': 1, 'projected_percent': '0.0', 'likelihood': 0}, {'offset': 2, 'projected_percent': '0.0', 'likelihood': 0}]",2026-09-01T14:00:38.519566Z,False,1,2,6.0,6.0,11,Amar,6.0,593,False,,,45,463726.jpg,6.0,False,Dedic,0.9,False,,a,17,4,12,59572,49213,5858,3702,1.3,2.7,Dedić,,27.0,2026-08-18,2002-08-18,False,p463726,180,0,1,1,2,0,0,0,0,0,0,2,36,16.4,1.2,5.0,2.3,12,7,5,17,2,0.03,0.06,0.09,4.10,,,,,,,[],,106,46,212,69,123,39,161,62,0.02,0.0,0.03,0.05,2.05,1.0,477,126,32,12,38,15,204,77,1.0,0.5,8.5
True,True,,,553746,0,0,0,0,0.0,0,"[{'offset': 0, 'projected_percent': '0.0', 'likelihood': 0}, {'offset': 1, 'projected_percent': '0.0', 'likelihood': 0}, {'offset': 2, 'projected_percent': '0.0', 'likelihood': 0}]",2026-09-05T18:21:27.993732Z,False,0,2,0.0,0.0,0,Leo,0.0,609,False,,,40,553746.jpg,0.0,False,Shahar,0.2,False,,a,17,4,0,7040,3047,1414,769,0.0,0.0,Shahar,,241.0,2024-08-08,2007-03-18,False,p553746,0,0,0,0,0,0,0,0,0,0,0,0,0,0.0,0.0,0.0,0.0,0,0,0,0,0,0.00,0.00,0.00,0.00,,,,,,,[],,324,126,324,128,246,97,341,127,0.0,0.0,0.0,0.0,0.0,0.0,610,192,392,140,392,140,360,134,0.0,0.0,0.0
True,True,,,463034,0,0,0,0,3.4,222,"[{'offset': 0, 'projected_percent': '3.9', 'likelihood': 1}, {'offset': 1, 'projected_percent': '6.9', 'likelihood': 1}, {'offset': 2, 'projected_percent': '10.0', 'likelihood': 1}]",,False,0,4,0.5,0.5,1,Liam,0.5,167,False,,,55,463034.jpg,1.0,False,Delap,0.6,False,,a,18,17,1,17692,9952,10567,3002,0.1,0.2,Delap,,241.0,2026-08-27,2003-02-08,False,p463034,24,0,0,0,1,0,0,0,0,0,0,0,9,0.0,0.0,0.0,0.0,0,0,0,0,0,0.07,0.00,0.07,0.33,,,,,3.0,,[],,565,52,578,58,562,59,579,60,0.26,0.0,0.0,0.26,1.24,3.75,174,39,325,37,306,33,241,38,0.0,0.0,0.0
True,True,,,85633,0,0,0,0,-26.0,-45,"[{'offset': 0, 'projected_percent': '-26.7', 'likelihood': -2}, {'offset': 1, 'projected_percent': '-31.0', 'likelihood': -2}, {'offset': 2, 'projected_percent': '-35.3', 'likelihood': -2}]",,False,0,1,1.5,1.5,1,Matz,1.5,467,False,,,50,85633.jpg,1.5,False,Sels,1.5,False,,a,18,17,3,5553,2203,15503,3757,0.3,0.6,Sels,,21.0,2024-02-01,1992-02-26,False,p85633,180,0,0,0,3,0,0,0,0,0,4,0,17,14.2,0.0,0.0,1.4,3,15,0,0,2,0.00,0.01,0.01,2.22,,,,,,,[],,122,18,446,50,387,50,217,18,0.0,2.0,0.0,0.0,1.11,1.5,229,5,177,14,195,16,157,24,1.0,0.0,0.0
True,True,,,221389,0,0,0,0,-25.0,-8,"[{'offset': 0, 'projected_percent': '-28.1', 'likelihood': -2}, {'offset': 1, 'projected_percent': '-47.2', 'likelihood': -3}, {'offset': 2, 'projected_percent': '-66.3', 'likelihood': -3}]",,False,0,1,0.0,0.0,0,John Victor,0.0,468,False,,,45,221389.jpg,0.0,False,Maciel Furtado,0.1,False,,a,18,17,0,239,61,631,165,0.0,0.0,John,John Victor,30.0,2025-08-31,1996-02-13,False,p221389,0,0,0,0,0,0,0,0,0,0,0,0,0,0.0,0.0,0.0,0.0,0,0,0,0,0,0.00,0.00,0.00,0.00,,,,,,,[],,362,53,366,35,295,35,379,53,0.0,0.0,0.0,0.0,0.0,0.0,448,34,426,54,426,54,474,53,0.0,0.0,0.0
True,True,,,215136,0,0,0,0,-34.0,140,"[{'offset': 0, 'projected_percent': '-33.7', 'likelihood': -2}, {'offset': 1, 'projected_percent': '-31.4', 'likelihood': -2}, {'offset': 2, 'projected_percent': '-29.1', 'likelihood': -2}]",,False,0,2,4.0,4.0,6,Neco,4.0,469,False,,,50,215136.jpg,4.0,False,Williams,8.7,False,,a,18,17,8,27732,13582,101578,19444,0.8,1.6,N.Williams,,244.0,2022-07-11,2001-04-13,False,p215136,180,0,1,0,3,0,0,0,0,0,0,0,29,15.2,5.8,6.0,2.7,9,11,9,18,2,0.12,0.17,0.29,2.22,2.0,,2.0,,,,[],,113,52,141,41,115,34,144,57,0.06,0.0,0.08,0.14,1.11,1.5,271,44,77,29,85,31,47,18,1.0,0.0,9.0
True,True,,,485047,0,0,0,0,-63.9,-4,"[{'offset': 0, 'projected_percent': '-66.0', 'likelihood': -3}, {'offset': 1, 'projected_percent': '-78.6', 'likelihood': -3}, {'offset': 2, 'projected_percent': '-91.2', 'likelihood': -3}]",,False,0,2,0.0,0.0,0,Felipe,0.0,470,False,,,50,485047.jpg,0.0,False,Rodrigues da Silva,0.0,False,,a,18,17,0,306,76,908,241,0.0,0.0,Morato,Morato,30.0,2024-08-30,2001-06-30,False,p485047,0,0,0,0,0,0,0,0,0,0,0,0,0,0.0,0.0,0.0,0.0,0,0,0,0,0,0.00,0.00,0.00,0.00,,,,,,,[],,499,193,511,193,467,183,515,193,0.0,0.0,0.0,0.0,0.0,0.0,328,64,540,193,540,193,497,174,0.0,0.0,0.0
True,True,,,227444,0,0,0,0,-39.8,-82,"[{'offset': 0, 'projected_percent': '-40.9', 'likelihood': -3}, {'offset': 1, 'projected_percent': '-47.6', 'likelihood': -3}, {'offset': 2, 'projected_percent': '-54.3', 'likelihood': -3}]",,False,0,2,2.5,2.5,3,Nikola,2.5,471,False,,,55,227444.jpg,2.5,False,Milenković,1.7,False,,a,18,17,5,4232,1641,20894,3853,0.5,0.9,Milenković,,190.0,2024-07-18,1997-10-12,False,p227444,180,0,0,0,3,0,0,0,0,0,0,0,7,7.6,0.6,14.0,2.2,17,9,3,20,2,0.11,0.02,0.13,2.22,,,,,,,[],,182,80,244,88,72,19,166,65,0.06,0.0,0.01,0.07,1.11,1.5,151,19,129,46,138,49,142,57,1.0,0.0,10.0
True,True,100.0,100.0,575476,0,0,0,0,-10.2,-70,"[{'offset': 0, 'projected_percent': '-11.2', 'likelihood': -1}, {'offset': 1, 'projected_percent': '-17.3', 'likelihood': -1}, {'offset': 2, 'projected_percent': '-23.5', 'likelihood': -2}]",,False,0,2,2.5,2.5,1,Murillo,2.5,472,False,,2026-07-23T12:01:23.801183Z,55,575476.jpg,2.5,False,Costa dos Santos,1.6,False,,a,18,17,5,11528,2948,16404,4567,0.5,0.9,Murillo,Murillo,30.0,2023-08-31,2002-07-04,False,p575476,180,0,0,0,3,0,0,0,0,0,0,0,17,32.2,25.9,0.0,5.8,18,6,2,20,2,0.18,0.28,0.46,2.22,,,3.0,,,,[],,47,18,45,14,579,203,57,16,0.09,0.0,0.14,0.23,1.11,1.5,210,30,138,49,146,52,151,62,1.0,0.0,10.0
True,True,,,159506,0,0,0,0,-9.7,-157,"[{'offset': 0, 'projected_percent': '-10.7', 'likelihood': -1}, {'offset': 1, 'projected_percent': '-17.3', 'likelihood': -1}, {'offset': 2, 'projected_percent': '-23.9', 'likelihood': -2}]",,False,0,2,2.5,2.5,0,Ola,2.5,473,False,,,45,159506.jpg,2.5,False,Aina,3.4,False,,a,18,17,5,24395,6625,34825,11988,0.6,1.1,Aina,,157.0,2023-07-22,1996-10-08,False,p159506,158,0,0,1,2,0,0,0,2,0,0,0,26,16.0,35.6,11.0,6.3,5,8,2,7,2,0.04,0.52,0.56,2.09,,,,,,,[],,107,47,20,5,81,25,50,12,0.02,0.0,0.3,0.32,1.19,1.14,427,89,120,42,129,45,99,38,1.14,0.57,3.99
True,True,,,575458,0,0,0,0,-29.0,-5,"[{'offset': 0, 'projected_percent': '-29.5', 'likelihood': -2}, {'offset': 1, 'projected_percent': '-32.6', 'likelihood': -2}, {'offset': 2, 'projected_percent': '-35.7', 'likelihood': -2}]",,False,0,2,1.0,1.0,1,Jair,1.0,474,False,,,45,575458.jpg,1.0,False,Paula da Cunha Filho,0.2,False,,a,18,17,2,514,255,2000,441,0.2,0.4,Jair Cunha,Jair Cunha,30.0,2025-07-11,2005-03-07,False,p575458,180,0,0,0,3,0,0,0,1,0,0,0,11,20.8,1.3,0.0,2.2,13,3,3,16,2,0.00,0.00,0.00,2.22,,,,,,,[],,80,37,207,67,358,154,164,64,0.0,0.0,0.0,0.0,1.11,1.5,522,143,221,81,250,94,332,124,1.0,0.0,8.0
True,True,0.0,0.0,500151,0,0,0,0,0.0,0,"[{'offset': 0, 'projected_percent': '0.0', 'likelihood': 0}, {'offset': 1, 'projected_percent': '0.0', 'likelihood': 0}, {'offset': 2, 'projected_percent': '0.0', 'likelihood': 0}]",,False,0,2,0.0,0.0,0,Nicolò,0.0,475,False,Knee injury - Unknown return date,2026-07-23T12:01:23.816304Z,45,500151.jpg,0.0,False,Savona,0.0,False,,i,18,17,0,123,10,63,15,0.0,0.0,Savona,,106.0,2025-08-30,2003-03-19,False,p500151,0,0,0,0,0,0,0,0,0,0,0,0,0,0.0,0.0,0.0,0.0,0,0,0,0,0,0.00,0.00,0.00,0.00,,,,,,,[],https://www.nottinghamforest.co.uk/news/2026/august/20/early-team-news-for-forest-s-clash-with-leeds/?utm_source=premier-league-web&utm_medium=referral&utm_campaign=pl-referral-always-on&utm_content=home&utm_term=live-bar,389,163,396,164,334,146,405,163,0.0,0.0,0.0,0.0,0.0,0.0,497,134,449,169,449,169,614,205,0.0,0.0,0.0
True,True,,,204822,0,0,0,0,-29.6,0,"[{'offset': 0, 'projected_percent': '-29.6', 'likelihood': -2}, {'offset': 1, 'projected_percent': '-29.6', 'likelihood': -2}, {'offset': 2, 'projected_percent': '-29.6', 'likelihood': -2}]",,False,0,2,0.0,0.0,0,Omar,0.0,476,False,,,40,204822.jpg,0.0,False,Richards,0.2,False,,a,18,17,0,739,244,2611,603,0.0,0.0,O.Richards,,241.0,2022-07-10,1998-02-15,False,p204822,0,0,0,0,0,0,0,0,0,0,0,0,0,0.0,0.0,0.0,0.0,0,0,0,0,0,0.00,0.00,0.00,0.00,,,,,,,[],,298,109,297,110,217,77,315,110,0.0,0.0,0.0,0.0,0.0,0.0,575,166,366,123,366,123,323,121,0.0,0.0,0.0
True,True,,,549067,0,0,0,0,-19.3,9,"[{'offset': 0, 'projected_percent': '-18.5', 'likelihood': -1}, {'offset': 1, 'projected_percent': '-13.6', 'likelihood': -1}, {'offset': 2, 'projected_percent': '-8.7', 'likelihood': -1}]",,False,0,2,0.0,0.0,0,Zach,0.0,477,False,,,40,549067.jpg,0.0,False,Abbott,0.2,False,,a,18,17,0,1445,449,2934,711,0.0,0.0,Abbott,,241.0,2022-08-22,2006-05-13,False,p549067,0,0,0,0,0,0,0,0,0,0,0,0,0,0.0,0.0,0.0,0.0,0,0,0,0,0,0.00,0.00,0.00,0.00,,,,,,,[],,323,125,323,127,245,96,340,126,0.0,0.0,0.0,0.0,0.0,0.0,609,191,391,139,391,139,317,118,0.0,0.0,0.0
True,True,,,470315,0,0,0,0,-32.8,0,"[{'offset': 0, 'projected_percent': '-32.8', 'likelihood': -2}, {'offset': 1, 'projected_percent': '-32.8', 'likelihood': -2}, {'offset': 2, 'projected_percent': '-32.8', 'likelihood': -2}]",,False,0,2,1.0,1.0,1,Luca,1.0,478,False,,,45,470315.jpg,1.0,False,Netz,0.0,False,,a,18,17,2,165,53,404,116,0.2,0.4,Netz,,80.0,2026-02-02,2003-05-15,False,p470315,20,0,0,0,1,0,0,0,0,0,0,0,3,0.0,0.9,0.0,0.1,0,1,1,1,0,0.00,0.00,0.00,0.13,,,,,,,[],,379,159,224,75,319,141,288,101,0.0,0.0,0.0,0.0,0.58,4.5,480,127,218,78,244,89,522,183,0.0,0.0,4.5
True,True,,,538638,0,0,0,0,-25.1,-7,"[{'offset': 0, 'projected_percent': '-26.0', 'likelihood': -2}, {'offset': 1, 'projected_percent': '-31.9', 'likelihood': -2}, {'offset': 2, 'projected_percent': '-37.7', 'likelihood': -2}]",,False,0,2,0.0,0.0,0,Tyler,0.0,479,False,,,40,538638.jpg,0.0,False,Bindon,0.2,False,,a,18,17,0,530,165,1860,443,0.0,0.0,Bindon,,154.0,2025-02-03,2005-01-27,False,p538638,0,0,0,0,0,0,0,0,0,0,0,0,0,0.0,0.0,0.0,0.0,0,0,0,0,0,0.00,0.00,0.00,0.00,,,,,,,[],,319,121,319,123,240,91,336,122,0.0,0.0,0.0,0.0,0.0,0.0,604,186,387,135,387,135,356,133,0.0,0.0,0.0
True,True,100.0,100.0,222531,-1,1,-1,1,9.3,701,"[{'offset': 0, 'projected_percent': '10.8', 'likelihood': 1}, {'offset': 1, 'projected_percent': '20.4', 'likelihood': 2}, {'offset': 2, 'projected_percent': '30.1', 'likelihood': 2}]",,False,1,3,7.5,7.5,13,Morgan,7.5,480,False,,2026-08-24T15:30:08.350159Z,79,222531.jpg,7.5,False,Gibbs-White,8.7,False,,a,18,17,15,57640,48860,316903,33810,0.9,1.9,Gibbs-White,,241.0,2022-08-19,2000-01-27,False,p222531,180,1,1,0,3,0,0,0,0,0,0,3,46,0.0,9.3,16.0,2.4,2,4,2,8,2,0.92,0.10,1.02,2.22,,,1.0,,1.0,,[],,626,276,126,73,67,37,160,73,0.46,0.0,0.05,0.51,1.11,1.5,12,7,19,11,24,13,48,18,1.0,0.0,4.0
True,True,100.0,100.0,209046,-1,1,-1,1,-10.2,-32,"[{'offset': 0, 'projected_percent': '-12.2', 'likelihood': -1}, {'offset': 1, 'projected_percent': '-24.8', 'likelihood': -2}, {'offset': 2, 'projected_percent': '-37.4', 'likelihood': -2}]",,False,0,3,0.5,0.5,1,Callum,0.5,482,False,,2026-07-23T12:01:23.832709Z,59,209046.jpg,1.0,False,Hudson-Odoi,0.2,False,,a,18,17,1,1252,526,6867,1383,0.1,0.2,Hudson-Odoi,,241.0,2023-09-01,2000-11-07,False,p209046,1,0,0,0,0,0,0,0,0,0,0,0,2,0.0,0.0,0.0,0.0,0,0,0,0,0,0.00,0.00,0.00,0.00,,,4.0,,,,[],,585,252,593,257,584,249,595,257,0.0,0.0,0.0,0.0,0.0,0.0,106,67,334,158,318,154,330,118,0.0,0.0,0.0
True,True,,,456512,0,0,0,0,2.0,187,"[{'offset': 0, 'projected_percent': '2.4', 'likelihood': 1}, {'offset': 1, 'projected_percent': '5.0', 'likelihood': 1}, {'offset': 2, 'projected_percent': '7.6', 'likelihood': 1}]",,False,0,3,6.0,6.0,9,Dan,6.0,483,False,,,55,456512.jpg,6.0,False,Ndoye,0.5,False,,a,18,17,12,12127,10636,7622,2360,1.1,2.2,Ndoye,,207.0,2025-07-31,2000-10-25,False,p456512,126,1,0,1,1,0,0,0,0,0,0,2,35,1.4,2.5,0.0,0.4,2,9,1,12,2,0.35,0.63,0.98,1.67,,,,,,,[],,259,119,169,99,561,236,269,125,0.25,0.0,0.45,0.7,1.19,0.71,173,108,35,19,42,23,250,84,1.43,0.71,8.57
True,True,,,503301,0,0,0,0,-92.4,-27,"[{'offset': 0, 'projected_percent': '-96.7', 'likelihood': -4}, {'offset': 1, 'projected_percent': '-122.6', 'likelihood': -5}, {'offset': 2, 'projected_percent': '-148.6', 'likelihood': -5}]",,False,0,3,0.0,0.0,0,Omari,0.0,484,False,,,55,503301.jpg,0.0,False,Hutchinson,0.2,False,,a,18,17,0,318,104,3124,878,0.0,0.0,Hutchinson,,241.0,2025-08-16,2003-10-30,False,p503301,0,0,0,0,0,0,0,0,0,0,0,0,0,0.0,0.0,0.0,0.0,0,0,0,0,0,0.00,0.00,0.00,0.00,,,,,,,[],,573,245,586,253,573,243,586,251,0.0,0.0,0.0,0.0,0.0,0.0,194,121,595,258,595,258,375,144,0.0,0.0,0.0
True,False,0.0,0.0,476887,0,0,0,0,0.0,0,"[{'offset': 0, 'projected_percent': '0.0', 'likelihood': 0}, {'offset': 1, 'projected_percent': '0.0', 'likelihood': 0}, {'offset': 2, 'projected_percent': '0.0', 'likelihood': 0}]",,False,0,3,0.0,0.0,0,Dilane,0.0,485,False,Has joined Lille on loan for the rest of the season,2026-08-27T14:53:03.381941Z,55,476887.jpg,0.0,False,Bakwa,0.0,False,,u,18,17,0,107,0,622,217,0.0,0.0,Bakwa,,73.0,2025-09-01,2002-08-26,False,p476887,0,0,0,0,0,0,0,0,0,0,0,0,0,0.0,0.0,0.0,0.0,0,0,0,0,0,0.00,0.00,0.00,0.00,,,,,,,[],,569,242,582,250,567,239,583,248,0.0,0.0,0.0,0.0,0.0,0.0,182,113,592,255,592,255,588,250,0.0,0.0,0.0
True,True,,,432714,0,0,0,0,0.5,20,"[{'offset': 0, 'projected_percent': '0.6', 'likelihood': 1}, {'offset': 1, 'projected_percent': '0.8', 'likelihood': 1}, {'offset': 2, 'projected_percent': '1.1', 'likelihood': 1}]",,False,0,3,2.5,2.5,2,James,2.5,486,False,,,55,432714.jpg,2.5,False,McAtee,0.1,False,,a,18,17,5,1831,1157,826,351,0.5,0.9,McAtee,,241.0,2025-08-16,2002-10-18,False,p432714,163,0,0,1,2,0,0,0,0,0,0,0,34,11.6,42.5,0.0,5.4,4,10,2,16,2,0.00,0.32,0.32,2.09,1.0,,,,,,[],,146,49,12,10,553,231,67,35,0.0,0.0,0.18,0.18,1.15,1.1,161,100,130,60,139,62,471,192,1.1,0.55,8.83
True,True,,,250199,0,0,0,0,-60.5,-4,"[{'offset': 0, 'projected_percent': '-61.6', 'likelihood': -3}, {'offset': 1, 'projected_percent': '-68.3', 'likelihood': -3}, {'offset': 2, 'projected_percent': '-75.0', 'likelihood': -3}]",,False,0,3,0.5,0.5,1,Nicolás,0.5,487,False,,,50,250199.jpg,1.0,False,Domínguez,0.1,False,,a,18,17,1,326,112,1360,298,0.1,0.2,Dominguez,,10.0,2023-09-01,1998-06-28,False,p250199,1,0,0,0,0,0,0,0,0,0,0,0,3,0.0,0.0,0.0,0.0,0,0,0,0,0,0.00,0.00,0.00,0.00,,,,,,,[],,481,190,490,199,441,164,497,197,0.0,0.0,0.0,0.0,0.0,0.0,296,179,293,131,266,116,457,184,0.0,0.0,0.0
True,True,0.0,0.0,210462,0,0,0,0,-56.3,-308,"[{'offset': 0, 'projected_percent': '-59.6', 'likelihood': -3}, {'offset': 1, 'projected_percent': '-79.6', 'likelihood': -3}, {'offset': 2, 'projected_percent': '-99.7', 'likelihood': -4}]",,False,0,3,0.0,0.0,0,Ibrahim,1.0,488,False,Calf injury - Unknown return date,2026-08-28T09:30:07.471668Z,50,210462.jpg,2.0,False,Sangaré,0.8,False,,i,18,17,2,2937,87,26821,8844,0.2,0.4,I.Sangaré,,54.0,2023-09-01,1997-12-02,False,p210462,90,0,0,0,1,0,0,0,0,0,0,0,10,17.8,13.0,3.0,3.4,3,3,0,6,1,0.03,0.01,0.04,0.47,,,,,,,[],https://www.nottinghamforest.co.uk/news/2026/august/28/glasner-provides-injury-update-ahead-of-liverpool-clash/,97,34,99,61,149,76,119,59,0.03,0.0,0.01,0.04,0.47,1.0,266,164,227,104,160,75,217,71,1.0,0.0,6.0
True,True,100.0,100.0,204968,0,0,0,0,-0.1,0,"[{'offset': 0, 'projected_percent': '-0.1', 'likelihood': -1}, {'offset': 1, 'projected_percent': '-0.1', 'likelihood': -1}, {'offset': 2, 'projected_percent': '-0.1', 'likelihood': -1}]",2026-09-05T09:30:07.492167Z,False,0,3,0.0,0.0,0,Ryan,0.0,489,False,,2026-08-17T20:30:08.195072Z,45,204968.jpg,0.0,False,Yates,1.5,False,,a,18,17,0,7961,6218,42570,5487,0.0,0.0,Yates,,241.0,2018-08-01,1997-11-21,False,p204968,0,0,0,0,0,0,0,0,0,0,0,0,0,0.0,0.0,0.0,0.0,0,0,0,0,0,0.00,0.00,0.00,0.00,,,,,,,[],,358,138,362,148,291,104,375,145,0.0,0.0,0.0,0.0,0.0,0.0,442,248,423,173,423,173,156,47,0.0,0.0,0.0
True,True,,,60689,-1,1,-1,1,-10.4,-351,"[{'offset': 0, 'projected_percent': '-13.8', 'likelihood': -1}, {'offset': 1, 'projected_percent': '-34.4', 'likelihood': -2}, {'offset': 2, 'projected_percent': '-54.9', 'likelihood': -3}]",,False,0,4,0.5,0.5,0,Chris,0.5,490,False,,,59,60689.jpg,1.0,False,Wood,1.4,False,,a,18,17,1,6583,2014,42881,13530,0.1,0.2,Wood,,154.0,2023-07-01,1991-12-07,False,p60689,28,0,0,0,1,0,0,0,0,0,0,0,3,0.0,2.4,3.0,0.4,0,1,0,1,0,0.12,0.01,0.13,0.22,,,,,2.0,,[],,584,58,174,21,153,25,271,28,0.39,0.0,0.03,0.42,0.71,3.21,104,28,332,39,316,36,161,26,0.0,0.0,3.21
True,True,,,482973,0,0,0,0,-85.7,-599,"[{'offset': 0, 'projected_percent': '-89.8', 'likelihood': -3}, {'offset': 1, 'projected_percent': '-114.5', 'likelihood': -5}, {'offset': 2, 'projected_percent': '-139.3', 'likelihood': -5}]",,False,0,4,1.5,1.5,1,Igor Jesus,1.5,491,False,,,60,482973.jpg,1.5,False,Maciel da Cruz,3.5,False,,a,18,17,3,15854,5617,81286,22736,0.2,0.5,Igor Jesus,Igor Jesus,30.0,2025-07-05,2001-02-25,False,p482973,180,0,0,0,3,0,0,0,1,0,0,0,12,5.2,6.8,31.0,4.3,5,2,1,8,2,0.96,0.06,1.02,2.22,,,,,4.0,,[],,211,14,133,16,26,8,96,13,0.48,0.0,0.03,0.51,1.11,1.5,90,23,200,24,216,28,97,15,1.0,0.0,4.0
True,True,,,465680,0,0,0,0,-68.2,-4,"[{'offset': 0, 'projected_percent': '-70.1', 'likelihood': -3}, {'offset': 1, 'projected_percent': '-81.6', 'likelihood': -3}, {'offset': 2, 'projected_percent': '-93.1', 'likelihood': -3}]",,False,0,4,0.5,0.5,0,Arnaud,0.5,493,False,,,55,465680.jpg,1.0,False,Kalimuendo,0.0,False,,a,18,17,1,457,118,1138,381,0.1,0.2,Kalimuendo,,73.0,2025-08-18,2002-01-20,False,p465680,1,0,0,0,0,0,0,0,0,0,0,0,3,0.0,0.0,0.0,0.0,0,0,0,0,0,0.00,0.00,0.00,0.00,,,,,,,[],,566,53,579,59,564,60,580,61,0.0,0.0,0.0,0.0,0.0,0.0,177,41,326,38,307,34,491,65,0.0,0.0,0.0
True,True,,,204561,0,0,0,0,-38.5,4,"[{'offset': 0, 'projected_percent': '-37.6', 'likelihood': -2}, {'offset': 1, 'projected_percent': '-31.9', 'likelihood': -2}, {'offset': 2, 'projected_percent': '-26.1', 'likelihood': -2}]",,False,0,3,2.5,2.5,4,Xaver,2.5,558,False,,,50,204561.jpg,2.5,False,Schlager,0.1,False,,a,18,17,5,516,358,1429,285,0.5,1.0,Schlager,Xaver Schlager,14.0,2026-07-23,1997-09-28,False,p204561,106,0,0,0,3,0,0,0,0,0,0,0,18,0.6,1.0,2.0,0.4,3,8,5,16,1,0.05,0.00,0.05,1.88,3.0,,,,,,[],,270,127,222,124,166,81,264,120,0.04,0.0,0.0,0.04,1.6,2.55,260,159,125,56,134,58,418,165,0.85,0.0,13.58
True,True,,,568420,0,0,0,0,-57.3,-130,"[{'offset': 0, 'projected_percent': '-61.8', 'likelihood': -3}, {'offset': 1, 'projected_percent': '-88.9', 'likelihood': -3}, {'offset': 2, 'projected_percent': '-116.0', 'likelihood': -5}]",,False,0,2,0.0,0.0,0,Ousmane,0.0,581,False,,,55,568420.jpg,0.0,False,Diomande,0.7,False,,a,18,17,0,4620,1136,16968,4867,0.0,0.0,Diomande,,54.0,2026-08-11,2003-12-04,False,p568420,0,0,0,0,0,0,0,0,0,0,0,0,0,0.0,0.0,0.0,0.0,0,0,0,0,0,0.00,0.00,0.00,0.00,,,,,,,[],,578,205,589,205,578,202,590,205,0.0,0.0,0.0,0.0,0.0,0.0,207,29,597,203,597,203,230,86,0.0,0.0,0.0
True,True,,,428971,0,0,0,0,0.0,1,"[{'offset': 0, 'projected_percent': '0.0', 'likelihood': 0}, {'offset': 1, 'projected_percent': '0.0', 'likelihood': 0}, {'offset': 2, 'projected_percent': '0.0', 'likelihood': 0}]",,False,0,1,0.0,0.0,0,Steven,0.0,590,False,,,45,428971.jpg,0.0,False,Benda,0.1,False,,a,18,17,0,907,282,774,230,0.0,0.0,Benda,,80.0,2026-08-15,1998-10-01,False,p428971,0,0,0,0,0,0,0,0,0,0,0,0,0,0.0,0.0,0.0,0.0,0,0,0,0,0,0.00,0.00,0.00,0.00,,,,,,,[],,373,55,377,38,311,38,390,55,0.0,0.0,0.0,0.0,0.0,0.0,468,37,435,56,435,56,467,52,0.0,0.0,0.0
True,True,,,469142,0,0,0,0,-51.3,-1650,"[{'offset': 0, 'projected_percent': '-55.7', 'likelihood': -3}, {'offset': 1, 'projected_percent': '-82.1', 'likelihood': -3}, {'offset': 2, 'projected_percent': '-108.6', 'likelihood': -5}]",,False,0,2,1.0,1.0,1,Jan Paul,1.0,112,False,,,50,469142.jpg,1.0,False,van Hecke,8.9,False,,a,19,6,2,42755,6151,155372,56604,0.2,0.4,Van Hecke,,152.0,2026-06-18,2000-06-08,False,p469142,180,0,0,0,5,0,0,0,0,0,0,0,12,28.2,2.8,2.0,3.3,13,7,4,17,2,0.11,0.06,0.17,4.59,,,,,,,[],,58,22,166,49,170,60,122,45,0.06,0.0,0.03,0.09,2.3,2.5,321,61,234,82,270,102,45,17,1.0,0.0,8.5
True,True,,,438234,0,0,0,0,20.9,478,"[{'offset': 0, 'projected_percent': '22.0', 'likelihood': 2}, {'offset': 1, 'projected_percent': '28.6', 'likelihood': 2}, {'offset': 2, 'projected_percent': '35.1', 'likelihood': 2}]",,False,0,4,1.0,1.0,2,Omar,1.0,401,False,,,70,438234.jpg,2.0,False,Marmoush,1.7,False,,a,19,6,2,75487,35679,29933,10572,0.1,0.3,Marmoush,Omar Marmoush,63.0,2026-08-27,1999-02-07,False,p438234,90,0,0,0,2,0,0,0,0,0,0,0,14,0.0,0.0,0.0,0.0,0,3,1,4,1,0.17,0.07,0.24,0.72,,,,,2.0,,[],,619,69,621,70,621,70,621,70,0.17,0.0,0.07,0.24,0.72,2.0,27,9,259,31,188,23,147,24,1.0,0.0,4.0
True,True,75.0,,510281,0,0,0,0,22.0,-318,"[{'offset': 0, 'projected_percent': '21.3', 'likelihood': 2}, {'offset': 1, 'projected_percent': '16.9', 'likelihood': 1}, {'offset': 2, 'projected_percent': '12.6', 'likelihood': 1}]",,False,0,3,0.0,0.0,0,Sávio,0.0,403,False,Muscular injury - 75% chance of playing,2026-08-29T16:30:08.380416Z,65,510281.jpg,0.0,False,Moreira de Oliveira,0.9,False,,d,19,6,0,65523,9776,17997,11133,0.0,0.0,Sávio,Sávio,30.0,2026-08-25,2004-04-10,False,p510281,0,0,0,0,0,0,0,0,0,0,0,0,0,0.0,0.0,0.0,0.0,0,0,0,0,0,0.00,0.00,0.00,0.00,,,,,,,[],,616,272,618,273,616,271,618,273,0.0,0.0,0.0,0.0,0.0,0.0,45,30,616,272,616,272,202,66,0.0,0.0,0.0
True,True,,,432422,0,0,0,0,-84.0,-960,"[{'offset': 0, 'projected_percent': '-90.5', 'likelihood': -3}, {'offset': 1, 'projected_percent': '-130.2', 'likelihood': -5}, {'offset': 2, 'projected_percent': '-170.0', 'likelihood': -5}]",,False,0,3,2.0,2.0,2,Sandro,2.0,455,False,,,55,432422.jpg,2.0,False,Tonali,3.5,False,,a,19,6,4,17106,2987,79596,27380,0.4,0.7,Tonali,,106.0,2026-07-06,2000-05-08,False,p432422,164,0,0,0,5,0,0,0,0,0,0,0,30,6.2,6.4,8.0,2.1,1,6,1,8,2,0.09,0.08,0.17,4.59,,,5.0,,,,[],,198,79,135,79,96,47,172,78,0.05,0.0,0.04,0.09,2.52,2.74,160,99,158,76,173,84,96,31,1.1,0.0,4.39
True,False,0.0,0.0,184254,0,0,0,0,0.0,-64,"[{'offset': 0, 'projected_percent': '0.0', 'likelihood': 0}, {'offset': 1, 'projected_percent': '0.0', 'likelihood': 0}, {'offset': 2, 'projected_percent': '0.0', 'likelihood': 0}]",,False,0,1,0.0,0.0,0,Guglielmo,0.0,494,False,Has joined Juventus on loan for the rest of the season,2026-08-19T13:55:33.193962Z,45,184254.jpg,0.0,False,Vicario,0.2,False,,u,19,6,0,0,0,13669,2232,0.0,0.0,Vicario,,106.0,2023-07-01,1996-10-07,False,p184254,0,0,0,0,0,0,0,0,0,0,0,0,0,0.0,0.0,0.0,0.0,0,0,0,0,0,0.00,0.00,0.00,0.00,,,,,,,[],,354,51,358,33,285,33,371,51,0.0,0.0,0.0,0.0,0.0,0.0,433,32,420,52,420,52,328,37,0.0,0.0,0.0
True,True,,,214572,0,0,0,0,0.2,30,"[{'offset': 0, 'projected_percent': '0.3', 'likelihood': 1}, {'offset': 1, 'projected_percent': '0.7', 'likelihood': 1}, {'offset': 2, 'projected_percent': '1.1', 'likelihood': 1}]",,False,0,1,0.0,0.0,0,Brandon,0.0,495,False,,,40,214572.jpg,0.0,False,Austin,0.9,False,,a,19,6,0,5280,2068,5024,1322,0.0,0.0,Austin,,241.0,2017-07-22,1999-01-08,False,p214572,0,0,0,0,0,0,0,0,0,0,0,0,0,0.0,0.0,0.0,0.0,0,0,0,0,0,0.00,0.00,0.00,0.00,,,,,,,[],,299,33,298,13,218,13,316,33,0.0,0.0,0.0,0.0,0.0,0.0,576,61,367,34,367,34,203,29,0.0,0.0,0.0
True,True,,,485055,0,0,0,0,-13.6,-1189,"[{'offset': 0, 'projected_percent': '-14.8', 'likelihood': -1}, {'offset': 1, 'projected_percent': '-22.7', 'likelihood': -2}, {'offset': 2, 'projected_percent': '-30.5', 'likelihood': -2}]",,False,0,1,1.5,1.5,1,Antonín,1.5,496,False,,,45,485055.jpg,1.5,False,Kinský,21.7,False,,a,19,6,3,52698,12073,150298,68147,0.3,0.7,Kinsky,,57.0,2025-01-05,2003-03-13,False,p485055,180,0,0,0,5,0,0,0,0,0,5,0,19,43.6,0.0,0.0,4.4,4,18,0,0,2,0.00,0.00,0.00,4.59,,,,,,,[],,17,1,386,43,323,43,90,1,0.0,2.5,0.0,0.0,2.3,2.5,485,42,176,13,194,15,13,2,1.0,0.0,0.0
True,True,,,67089,0,0,0,0,-6.9,-192,"[{'offset': 0, 'projected_percent': '-7.2', 'likelihood': -1}, {'offset': 1, 'projected_percent': '-8.7', 'likelihood': -1}, {'offset': 2, 'projected_percent': '-10.2', 'likelihood': -1}]",,False,0,1,0.0,0.0,0,Martin,0.0,497,False,,,40,67089.jpg,0.0,False,Dubravka,18.3,False,,a,19,6,0,59117,24031,92355,28538,0.0,0.0,Dubravka,,194.0,2026-07-01,1989-01-15,False,p67089,0,0,0,0,0,0,0,0,0,0,0,0,0,0.0,0.0,0.0,0.0,0,0,0,0,0,0.00,0.00,0.00,0.00,,,,,,,[],,284,25,281,5,199,5,300,25,0.0,0.0,0.0,0.0,0.0,0.0,554,53,353,26,353,26,19,4,0.0,0.0,0.0
True,True,,,221466,0,0,0,0,-63.7,-2053,"[{'offset': 0, 'projected_percent': '-70.6', 'likelihood': -3}, {'offset': 1, 'projected_percent': '-112.9', 'likelihood': -5}, {'offset': 2, 'projected_percent': '-155.2', 'likelihood': -5}]",,False,0,2,1.5,1.5,0,Marcos,1.5,498,False,,,60,221466.jpg,3.0,False,Senesi Barón,6.9,False,,a,19,6,3,18222,2280,116976,52741,0.2,0.5,Senesi,,10.0,2026-07-01,1997-05-10,False,p221466,90,0,0,0,3,0,0,0,0,0,0,0,10,36.6,2.2,0.0,3.9,11,2,5,16,1,0.00,0.02,0.02,3.87,,,,,,,[],,37,12,183,55,594,205,105,36,0.0,0.0,0.02,0.02,3.87,3.0,71,7,197,66,121,42,58,24,1.0,0.0,16.0
True,True,100.0,100.0,441164,0,0,0,0,-0.4,0,"[{'offset': 0, 'projected_percent': '-0.4', 'likelihood': -1}, {'offset': 1, 'projected_percent': '-0.4', 'likelihood': -1}, {'offset': 2, 'projected_percent': '-0.4', 'likelihood': -1}]",2026-08-31T17:30:09.162542Z,False,0,2,0.5,0.5,1,Pedro,0.5,499,False,,2026-08-21T15:22:48.149081Z,55,441164.jpg,1.0,False,Porro Sauceda,13.1,False,,a,19,6,1,38301,17727,370010,52492,0.1,0.2,Pedro Porro,,200.0,2023-07-01,1999-09-13,False,p441164,90,0,0,0,2,0,0,0,0,0,0,0,1,0.0,0.0,0.0,0.0,3,2,1,4,1,0.33,0.10,0.43,0.72,3.0,,1.0,,,,[],,563,204,576,204,557,197,577,204,0.33,0.0,0.1,0.43,0.72,2.0,167,22,323,114,305,107,30,10,1.0,0.0,4.0
True,False,0.0,0.0,221632,0,0,0,0,0.0,-66,"[{'offset': 0, 'projected_percent': '0.0', 'likelihood': 0}, {'offset': 1, 'projected_percent': '0.0', 'likelihood': 0}, {'offset': 2, 'projected_percent': '0.0', 'likelihood': 0}]",,False,0,2,0.0,0.0,0,Cristian,0.0,500,False,Has joined Atletico Madrid permanently,2026-08-17T13:49:05.465401Z,50,221632.jpg,0.0,False,Romero,0.1,False,,u,19,6,0,0,0,12372,1593,0.0,0.0,Romero,,10.0,2022-08-30,1998-04-27,False,p221632,0,0,0,0,0,0,0,0,0,0,0,0,0,0.0,0.0,0.0,0.0,0,0,0,0,0,0.00,0.00,0.00,0.00,,,,,,,[],,468,185,477,185,425,171,484,185,0.0,0.0,0.0,0.0,0.0,0.0,278,47,515,186,515,186,392,140,0.0,0.0,0.0
True,True,,,135720,0,0,0,0,-55.3,-35,"[{'offset': 0, 'projected_percent': '-60.1', 'likelihood': -3}, {'offset': 1, 'projected_percent': '-89.4', 'likelihood': -3}, {'offset': 2, 'projected_percent': '-118.7', 'likelihood': -5}]",,False,0,2,0.0,0.0,0,Kevin,0.0,501,False,,,50,135720.jpg,0.0,False,Danso,0.2,False,,a,19,6,0,1246,226,3377,945,0.0,0.0,Danso,,14.0,2025-07-01,1998-09-19,False,p135720,0,0,0,0,0,0,0,0,0,0,0,0,0,0.0,0.0,0.0,0.0,0,0,0,0,0,0.00,0.00,0.00,0.00,,,,,,,[],,448,179,455,180,396,163,464,179,0.0,0.0,0.0,0.0,0.0,0.0,240,38,502,183,502,183,361,135,0.0,0.0,0.0
True,True,,,122798,0,0,0,0,-7.2,-287,"[{'offset': 0, 'projected_percent': '-9.0', 'likelihood': -1}, {'offset': 1, 'projected_percent': '-20.2', 'likelihood': -2}, {'offset': 2, 'projected_percent': '-31.3', 'likelihood': -2}]",,False,0,2,2.5,2.5,2,Andrew,2.5,502,False,,,45,122798.jpg,2.5,False,Robertson,3.7,False,,a,19,6,5,26796,4625,38505,15207,0.6,1.1,Robertson,,243.0,2026-07-01,1994-03-11,False,p122798,157,0,0,0,4,0,0,0,0,0,0,0,20,31.8,19.2,2.0,5.3,11,4,3,14,2,0.06,0.08,0.14,4.35,1.0,,,,,,[],,48,19,64,19,158,54,69,23,0.03,0.0,0.05,0.08,2.49,2.29,423,87,119,41,128,44,94,36,1.15,0.0,8.03
True,True,100.0,100.0,491279,0,0,0,0,0.0,0,"[{'offset': 0, 'projected_percent': '0.0', 'likelihood': 0}, {'offset': 1, 'projected_percent': '0.0', 'likelihood': 0}, {'offset': 2, 'projected_percent': '0.0', 'likelihood': 0}]",2026-08-31T18:30:08.314043Z,False,0,2,0.0,0.0,0,Micky,0.0,503,False,,2026-08-21T15:00:07.610517Z,50,491279.jpg,0.0,False,van de Ven,4.2,False,,a,19,6,0,14285,5911,144805,20102,0.0,0.0,Van de Ven,,152.0,2023-08-08,2001-04-19,False,p491279,90,0,0,0,2,0,0,0,1,0,0,0,5,0.0,0.0,0.0,0.0,7,4,1,8,1,0.00,0.02,0.02,0.72,,,,,,,[],,508,194,520,194,477,185,524,194,0.0,0.0,0.02,0.02,0.72,2.0,338,66,547,194,547,194,84,33,1.0,0.0,8.0
True,False,0.0,0.0,232859,0,0,0,0,0.0,-221,"[{'offset': 0, 'projected_percent': '0.0', 'likelihood': 0}, {'offset': 1, 'projected_percent': '0.0', 'likelihood': 0}, {'offset': 2, 'projected_percent': '0.0', 'likelihood': 0}]",,False,0,2,0.0,0.0,0,Djed,0.0,505,False,Has joined Internazionale permanently,2026-08-18T14:13:08.454214Z,45,232859.jpg,0.0,False,Spence,0.4,False,,u,19,6,0,0,0,51903,6121,0.0,0.0,Spence,,241.0,2022-07-19,2000-08-09,False,p232859,0,0,0,0,0,0,0,0,0,0,0,0,0,0.0,0.0,0.0,0.0,0,0,0,0,0,0.00,0.00,0.00,0.00,,,,,,,[],,367,151,371,155,302,132,384,152,0.0,0.0,0.0,0.0,0.0,0.0,457,112,430,160,430,160,272,102,0.0,0.0,0.0
True,True,,,487053,0,0,0,0,-42.9,-54,"[{'offset': 0, 'projected_percent': '-45.6', 'likelihood': -3}, {'offset': 1, 'projected_percent': '-62.1', 'likelihood': -3}, {'offset': 2, 'projected_percent': '-78.6', 'likelihood': -3}]",,False,0,2,1.0,1.0,1,Destiny,1.0,506,False,,,45,487053.jpg,1.0,False,Udogie,0.5,False,,a,19,6,2,2065,380,6539,1847,0.2,0.4,Udogie,,106.0,2022-08-16,2002-11-28,False,p487053,26,0,0,0,1,0,0,0,0,0,0,0,5,0.0,0.7,0.0,0.0,0,3,1,1,0,0.00,0.21,0.21,0.68,,,,,,,[],,381,161,235,82,324,143,397,161,0.0,0.0,0.73,0.73,2.35,3.46,486,130,220,80,247,92,264,98,0.0,0.0,3.46
True,False,0.0,0.0,548308,0,0,0,0,0.0,-4,"[{'offset': 0, 'projected_percent': '0.0', 'likelihood': 0}, {'offset': 1, 'projected_percent': '0.0', 'likelihood': 0}, {'offset': 2, 'projected_percent': '0.0', 'likelihood': 0}]",,False,0,2,0.0,0.0,0,Ashley,0.0,507,False,Has joined Middlesbrough permanently,2026-08-18T14:13:08.474144Z,45,548308.jpg,0.0,False,Phillips,0.0,False,,u,19,6,0,0,0,775,117,0.0,0.0,Phillips,,241.0,2023-08-05,2005-06-26,False,p548308,0,0,0,0,0,0,0,0,0,0,0,0,0,0.0,0.0,0.0,0.0,0,0,0,0,0,0.00,0.00,0.00,0.00,,,,,,,[],,400,167,407,168,345,150,416,167,0.0,0.0,0.0,0.0,0.0,0.0,508,138,460,173,460,173,560,195,0.0,0.0,0.0
True,True,,,115556,0,0,0,0,-31.0,-67,"[{'offset': 0, 'projected_percent': '-32.5', 'likelihood': -2}, {'offset': 1, 'projected_percent': '-42.0', 'likelihood': -3}, {'offset': 2, 'projected_percent': '-51.5', 'likelihood': -3}]",,False,0,2,0.0,0.0,0,Ben,0.0,508,False,,,40,115556.jpg,0.0,False,Davies,1.0,False,,a,19,6,0,3868,991,12161,3178,0.0,0.0,Davies,,244.0,2014-07-23,1993-04-24,False,p115556,0,0,0,0,0,0,0,0,0,0,0,0,0,0.0,0.0,0.0,0.0,0,0,0,0,0,0.00,0.00,0.00,0.00,,,,,,,[],,291,105,288,104,206,69,307,105,0.0,0.0,0.0,0.0,0.0,0.0,562,156,360,120,360,120,188,73,0.0,0.0,0.0
True,True,,,640419,0,0,0,0,-15.4,-3,"[{'offset': 0, 'projected_percent': '-16.7', 'likelihood': -1}, {'offset': 1, 'projected_percent': '-24.7', 'likelihood': -2}, {'offset': 2, 'projected_percent': '-32.6', 'likelihood': -2}]",,False,0,2,0.0,0.0,0,Jun'ai,0.0,509,False,,,40,640419.jpg,0.0,False,Byfield,0.1,False,,a,19,6,0,448,129,733,175,0.0,0.0,Byfield,,,,,False,p640419,0,0,0,0,0,0,0,0,0,0,0,0,0,0.0,0.0,0.0,0.0,0,0,0,0,0,0.00,0.00,0.00,0.00,,,,,,,[],,334,135,335,138,258,108,351,136,0.0,0.0,0.0,0.0,0.0,0.0,623,204,401,148,401,148,483,168,0.0,0.0,0.0
True,True,,,499716,0,0,0,0,-21.3,-2,"[{'offset': 0, 'projected_percent': '-21.8', 'likelihood': -2}, {'offset': 1, 'projected_percent': '-25.5', 'likelihood': -2}, {'offset': 2, 'projected_percent': '-29.1', 'likelihood': -2}]",,False,0,2,0.0,0.0,0,James,0.0,510,False,,,40,499716.jpg,0.0,False,Rowswell,0.1,False,,a,19,6,0,484,149,964,269,0.0,0.0,Rowswell,,,,,False,p499716,0,0,0,0,0,0,0,0,0,0,0,0,0,0.0,0.0,0.0,0.0,0,0,0,0,0,0.00,0.00,0.00,0.00,,,,,,,[],,315,118,315,120,236,88,332,119,0.0,0.0,0.0,0.0,0.0,0.0,600,183,383,132,383,132,449,159,0.0,0.0,0.0
True,True,,,616221,0,0,0,0,-23.0,5,"[{'offset': 0, 'projected_percent': '-22.6', 'likelihood': -2}, {'offset': 1, 'projected_percent': '-20.4', 'likelihood': -2}, {'offset': 2, 'projected_percent': '-18.2', 'likelihood': -1}]",,False,0,2,0.0,0.0,0,João Victor,0.0,511,False,,,40,616221.jpg,0.0,False,de Souza Menezes,0.3,False,,a,19,6,0,1791,598,3614,920,0.0,0.0,Souza,Souza,30.0,2026-01-22,2006-06-16,False,p616221,0,0,0,0,0,0,0,0,0,0,0,0,0,0.0,0.0,0.0,0.0,0,0,0,0,0,0.00,0.00,0.00,0.00,,,,,,,[],,333,134,334,137,257,107,350,135,0.0,0.0,0.0,0.0,0.0,0.0,622,203,400,147,400,147,300,111,0.0,0.0,0.0
True,True,100.0,75.0,460842,0,0,0,0,0.1,27,"[{'offset': 0, 'projected_percent': '0.1', 'likelihood': 1}, {'offset': 1, 'projected_percent': '0.5', 'likelihood': 1}, {'offset': 2, 'projected_percent': '0.9', 'likelihood': 1}]",,False,0,3,0.5,0.4,1,Mohammed,0.5,512,False,,2026-07-23T12:01:23.848657Z,65,460842.jpg,1.0,False,Kudus,0.1,False,,a,19,6,1,1117,848,2990,584,0.1,0.2,Kudus,,81.0,2025-07-10,2000-08-02,False,p460842,22,0,0,0,1,0,0,0,0,0,0,0,4,0.0,0.0,0.0,0.0,0,2,0,2,0,0.04,0.01,0.05,0.24,,,3.0,,3.0,,[],,615,271,617,272,615,270,617,272,0.16,0.0,0.04,0.2,0.98,4.09,42,28,346,167,331,163,451,180,0.0,0.0,8.18
True,True,0.0,0.0,493362,0,0,0,0,-57.2,-4,"[{'offset': 0, 'projected_percent': '-59.7', 'likelihood': -3}, {'offset': 1, 'projected_percent': '-74.6', 'likelihood': -3}, {'offset': 2, 'projected_percent': '-89.5', 'likelihood': -3}]",,False,0,3,0.0,0.0,0,Xavi,0.0,513,False,Knee injury - Unknown return date,2026-07-23T12:01:23.864304Z,60,493362.jpg,0.0,False,Simons,0.0,False,,i,19,6,0,105,28,498,142,0.0,0.0,Xavi,,152.0,2025-08-29,2003-04-21,False,p493362,0,0,0,0,0,0,0,0,0,0,0,0,0,0.0,0.0,0.0,0.0,0,0,0,0,0,0.00,0.00,0.00,0.00,,,2.0,,4.0,,[],,606,265,609,267,603,261,609,267,0.0,0.0,0.0,0.0,0.0,0.0,93,59,610,267,610,267,578,243,0.0,0.0,0.0
True,True,,,511499,0,0,0,0,-125.6,-171,"[{'offset': 0, 'projected_percent': '-134.7', 'likelihood': -5}, {'offset': 1, 'projected_percent': '-190.8', 'likelihood': -5}, {'offset': 2, 'projected_percent': '-246.9', 'likelihood': -5}]",,False,0,3,2.0,2.0,2,Mathys,2.0,514,False,,,60,511499.jpg,2.0,False,Tel,0.4,False,,a,19,6,4,4653,479,15980,5519,0.3,0.7,Tel,,73.0,2025-07-01,2005-04-27,False,p511499,157,0,0,0,4,0,0,0,0,0,0,0,27,10.4,26.0,9.0,4.5,1,9,1,11,2,0.20,0.09,0.29,4.35,,,4.0,,,,[],,162,59,44,30,93,45,89,47,0.11,0.0,0.05,0.16,2.49,2.29,95,61,164,79,182,90,267,88,1.15,0.0,6.31
True,True,75.0,75.0,172780,-1,1,-1,1,-22.8,-469,"[{'offset': 0, 'projected_percent': '-27.0', 'likelihood': -2}, {'offset': 1, 'projected_percent': '-52.5', 'likelihood': -3}, {'offset': 2, 'projected_percent': '-78.1', 'likelihood': -3}]",,False,0,3,0.4,0.4,0,James,0.5,515,False,Shoulder injury - 75% chance of playing,2026-08-25T14:30:07.623508Z,64,172780.jpg,1.0,False,Maddison,0.8,False,,d,19,6,1,2770,84,50270,13284,0.1,0.2,Maddison,,241.0,2023-06-28,1996-11-23,False,p172780,22,0,0,0,0,0,0,0,0,0,0,0,6,4.4,8.3,8.0,2.1,1,1,0,2,0,0.00,0.01,0.01,0.85,,,,,,,[],https://www.tottenhamhotspur.com/news/1086784/team-news-porro-van-de-ven-available-maddison-a-doubt-for-charlton-clash?utm_source=chatgpt.com,219,94,129,76,101,51,174,80,0.0,0.0,0.04,0.04,3.48,0.0,50,34,342,163,327,159,212,69,0.0,0.0,8.18
True,True,,,202993,0,0,0,0,-44.3,-18,"[{'offset': 0, 'projected_percent': '-46.6', 'likelihood': -3}, {'offset': 1, 'projected_percent': '-60.6', 'likelihood': -3}, {'offset': 2, 'projected_percent': '-74.5', 'likelihood': -3}]",,False,0,3,1.5,1.5,2,Rodrigo,1.5,516,False,,,55,202993.jpg,1.5,False,Bentancur,0.2,False,,a,19,6,3,871,269,2677,646,0.3,0.5,Bentancur,,230.0,2022-01-31,1997-06-25,False,p202993,135,0,0,0,3,0,0,0,0,0,0,0,25,2.0,14.7,0.0,1.7,3,8,5,16,1,0.00,0.03,0.03,2.90,,,,,,,[],,253,115,84,54,542,222,199,88,0.0,0.0,0.02,0.02,1.93,2.0,138,85,187,86,205,97,351,131,0.67,0.0,10.67
True,True,0.0,0.0,550839,0,0,0,0,-16.8,0,"[{'offset': 0, 'projected_percent': '-16.8', 'likelihood': -1}, {'offset': 1, 'projected_percent': '-16.8', 'likelihood': -1}, {'offset': 2, 'projected_percent': '-16.8', 'likelihood': -1}]",,False,0,3,0.0,0.0,0,Wilson,0.0,517,False,Knee injury - Unknown return date,2026-07-23T12:01:23.879434Z,55,550839.jpg,0.0,False,Odobert,0.0,False,,i,19,6,0,26,10,34,15,0.0,0.0,Odobert,,73.0,2024-08-16,2004-11-28,False,p550839,0,0,0,0,0,0,0,0,0,0,0,0,0,0.0,0.0,0.0,0.0,0,0,0,0,0,0.00,0.00,0.00,0.00,,,,,,,[],https://www.tottenhamhotspur.com/news/1008505/odobert-suffers-acl-injury,577,249,588,255,576,246,589,254,0.0,0.0,0.0,0.0,0.0,0.0,205,130,596,259,596,259,623,274,0.0,0.0,0.0
True,True,100.0,0.0,482442,0,0,-1,1,-0.0,0,"[{'offset': 0, 'projected_percent': '-0.0', 'likelihood': 0}, {'offset': 1, 'projected_percent': '-0.0', 'likelihood': 0}, {'offset': 2, 'projected_percent': '-0.0', 'likelihood': 0}]",2026-09-05T18:30:08.546151Z,False,0,3,0.0,0.0,0,Pape Matar,0.0,518,False,,2026-08-21T14:30:08.419690Z,49,482442.jpg,0.0,False,Sarr,0.2,False,,a,19,6,0,2384,2271,11591,1127,0.0,0.0,P.M.Sarr,Pape Matar Sarr,189.0,2021-08-27,2002-09-14,False,p482442,0,0,0,0,0,0,0,0,0,0,0,0,0,0.0,0.0,0.0,0.0,0,0,0,0,0,0.00,0.00,0.00,0.00,,,,,,,[],,435,163,441,173,382,132,451,170,0.0,0.0,0.0,0.0,0.0,0.0,401,241,492,197,492,197,357,134,0.0,0.0,0.0
True,True,,,232787,0,0,0,0,-96.6,-62,"[{'offset': 0, 'projected_percent': '-102.2', 'likelihood': -5}, {'offset': 1, 'projected_percent': '-136.2', 'likelihood': -5}, {'offset': 2, 'projected_percent': '-170.2', 'likelihood': -5}]",,False,0,3,0.0,0.0,0,Conor,0.0,519,False,,,55,232787.jpg,0.0,False,Gallagher,0.3,False,,a,19,6,0,1470,262,6506,1859,0.0,0.0,Gallagher,,241.0,2026-01-14,2000-02-06,False,p232787,45,0,0,0,2,0,0,0,1,0,0,0,1,0.0,5.5,1.0,0.5,0,2,1,3,1,0.02,0.06,0.08,1.70,,,,,,,[],,559,236,143,85,191,97,259,118,0.04,0.0,0.12,0.16,3.4,4.0,152,93,587,251,587,251,310,109,2.0,0.0,6.0
True,True,,,570526,0,0,0,0,-56.6,-26,"[{'offset': 0, 'projected_percent': '-59.8', 'likelihood': -3}, {'offset': 1, 'projected_percent': '-78.8', 'likelihood': -3}, {'offset': 2, 'projected_percent': '-97.9', 'likelihood': -4}]",,False,0,3,0.5,0.5,0,Lucas,0.5,520,False,,,55,570526.jpg,1.0,False,Bergvall,0.2,False,,a,19,6,1,807,172,3175,976,0.1,0.2,Bergvall,,206.0,2024-07-01,2006-02-02,False,p570526,45,0,0,0,2,0,0,0,0,0,0,0,2,0.0,2.0,2.0,0.0,0,7,1,8,1,0.00,0.01,0.01,1.70,,,,,,,[],,579,250,187,109,180,90,591,255,0.0,0.0,0.02,0.02,3.4,4.0,208,132,330,155,313,150,342,125,2.0,0.0,16.0
True,True,0.0,0.0,445044,0,0,0,0,-41.1,-5,"[{'offset': 0, 'projected_percent': '-46.0', 'likelihood': -3}, {'offset': 1, 'projected_percent': '-76.0', 'likelihood': -3}, {'offset': 2, 'projected_percent': '-106.0', 'likelihood': -5}]",,False,0,3,0.0,0.0,0,Dejan,0.0,521,False,Knee injury - Unknown return date,2026-07-23T12:01:23.895175Z,65,445044.jpg,0.0,False,Kulusevski,0.0,False,,i,19,6,0,98,23,298,57,0.0,0.0,Kulusevski,,206.0,2023-07-01,2000-04-25,False,p445044,0,0,0,0,0,0,0,0,0,0,0,0,0,0.0,0.0,0.0,0.0,0,0,0,0,0,0.00,0.00,0.00,0.00,,,,,,,[],,613,270,615,271,613,269,615,271,0.0,0.0,0.0,0.0,0.0,0.0,40,27,614,271,614,271,593,252,0.0,0.0,0.0
True,True,,,547701,0,0,0,0,-19.5,2,"[{'offset': 0, 'projected_percent': '-19.3', 'likelihood': -1}, {'offset': 1, 'projected_percent': '-18.0', 'likelihood': -1}, {'offset': 2, 'projected_percent': '-16.7', 'likelihood': -1}]",,False,0,3,2.0,2.0,2,Archie,2.0,522,False,,,50,547701.jpg,2.0,False,Gray,0.2,False,,a,19,6,4,2484,773,3685,1141,0.4,0.8,Gray,,241.0,2024-07-02,2006-03-12,False,p547701,152,0,0,0,4,0,0,0,0,0,0,0,24,6.2,3.3,0.0,1.0,5,5,1,11,2,0.00,0.01,0.01,3.91,,,,,,,[],,197,78,163,95,494,192,235,106,0.0,0.0,0.01,0.01,2.32,2.37,370,220,150,71,166,79,325,115,1.18,0.0,6.51
True,True,,,499721,0,0,0,0,-12.5,-27,"[{'offset': 0, 'projected_percent': '-15.9', 'likelihood': -1}, {'offset': 1, 'projected_percent': '-36.7', 'likelihood': -2}, {'offset': 2, 'projected_percent': '-57.6', 'likelihood': -3}]",,False,0,3,1.5,1.5,1,Mikey,1.5,523,False,,,50,499721.jpg,1.5,False,Moore,0.2,False,,a,19,6,3,2880,461,3747,1221,0.3,0.6,Moore,,241.0,2024-05-01,2007-08-11,False,p499721,89,0,0,0,4,0,0,0,0,0,0,0,11,14.2,5.9,55.0,7.5,0,2,1,3,1,0.40,0.02,0.42,3.26,,,,,,,[],,123,40,140,84,4,3,35,20,0.4,0.0,0.02,0.42,3.3,4.04,346,201,183,83,201,94,353,132,1.01,0.0,3.03
True,True,,,499726,0,0,0,0,-48.8,-64,"[{'offset': 0, 'projected_percent': '-50.7', 'likelihood': -3}, {'offset': 1, 'projected_percent': '-62.5', 'likelihood': -3}, {'offset': 2, 'projected_percent': '-74.3', 'likelihood': -3}]",,False,0,3,0.0,0.0,0,Callum,0.0,524,False,,,45,499726.jpg,0.0,False,Olusesi,0.8,False,,a,19,6,0,2504,490,12249,2937,0.0,0.0,Olusesi,,,,,False,p499726,0,0,0,0,0,0,0,0,0,0,0,0,0,0.0,0.0,0.0,0.0,0,0,0,0,0,0.00,0.00,0.00,0.00,,,,,,,[],,387,145,394,155,332,113,403,152,0.0,0.0,0.0,0.0,0.0,0.0,495,257,447,180,447,180,220,73,0.0,0.0,0.0
True,True,,,551226,0,0,0,0,-128.1,-457,"[{'offset': 0, 'projected_percent': '-135.2', 'likelihood': -5}, {'offset': 1, 'projected_percent': '-179.2', 'likelihood': -5}, {'offset': 2, 'projected_percent': '-223.1', 'likelihood': -5}]",,False,0,3,1.5,1.5,2,Mateus,1.5,525,False,,,60,551226.jpg,1.5,False,Fernandes,1.5,False,,a,19,6,3,5792,1263,44680,13351,0.2,0.5,Fernandes,Mateus Fernandes,173.0,2026-07-02,2004-07-10,False,p551226,135,0,0,0,3,0,0,0,0,0,0,0,34,7.2,27.2,2.0,3.6,0,6,4,10,1,0.01,0.23,0.24,2.90,2.0,,,,,,[],,186,73,37,27,186,94,114,57,0.01,0.0,0.15,0.16,1.93,2.0,100,64,201,94,217,104,155,46,0.67,0.0,6.67
True,True,,,154566,0,0,0,0,-83.4,-368,"[{'offset': 0, 'projected_percent': '-90.4', 'likelihood': -3}, {'offset': 1, 'projected_percent': '-132.9', 'likelihood': -5}, {'offset': 2, 'projected_percent': '-175.5', 'likelihood': -5}]",,False,0,4,1.0,1.0,1,Dominic,1.0,526,False,,,60,154566.jpg,1.0,False,Solanke-Mitchell,1.2,False,,a,19,6,2,10420,2208,31500,10682,0.2,0.3,Solanke,,241.0,2024-08-10,1997-09-14,False,p154566,37,0,0,0,0,0,0,0,0,0,0,0,9,0.0,0.0,5.0,0.5,0,0,0,0,0,0.27,0.00,0.27,0.85,,,,,1.0,,[],,594,60,601,64,127,24,260,27,0.66,0.0,0.0,0.66,2.07,0.0,61,14,253,28,320,37,172,27,0.0,0.0,0.0
True,True,,,212319,0,0,0,0,-126.4,-1160,"[{'offset': 0, 'projected_percent': '-137.5', 'likelihood': -5}, {'offset': 1, 'projected_percent': '-205.7', 'likelihood': -5}, {'offset': 2, 'projected_percent': '-273.8', 'likelihood': -5}]",,False,0,4,1.0,1.0,0,Richarlison,1.0,527,False,,,60,212319.jpg,2.0,False,de Andrade,2.4,False,,a,19,6,2,17126,2403,80652,34181,0.2,0.3,Richarlison,Richarlison,30.0,2022-07-01,1997-05-10,False,p212319,67,0,0,0,3,0,0,0,0,0,0,0,6,0.0,2.2,0.0,0.2,1,0,0,1,1,0.00,0.00,0.00,3.02,,,,,5.0,,[],,598,63,182,22,593,65,286,31,0.0,0.0,0.0,0.0,4.06,4.03,69,17,255,29,180,20,120,18,1.34,0.0,1.34
True,True,,,490145,0,0,0,0,0.5,183,"[{'offset': 0, 'projected_percent': '1.0', 'likelihood': 1}, {'offset': 1, 'projected_percent': '3.5', 'likelihood': 1}, {'offset': 2, 'projected_percent': '6.0', 'likelihood': 1}]",,False,0,4,0.0,0.0,0,Dane,0.0,528,False,,,45,490145.jpg,0.0,False,Scarlett,1.8,False,,a,19,6,0,23075,9891,23850,6670,0.0,0.0,Scarlett,,241.0,2020-08-21,2004-03-24,False,p490145,0,0,0,0,0,0,0,0,0,0,0,0,0,0.0,0.0,0.0,0.0,0,0,0,0,0,0.00,0.00,0.00,0.00,,,,,,,[],,382,24,389,32,327,30,398,33,0.0,0.0,0.0,0.0,0.0,0.0,490,62,442,42,442,42,139,22,0.0,0.0,0.0
True,True,,,611917,0,0,0,0,0.0,0,"[{'offset': 0, 'projected_percent': '0.0', 'likelihood': 0}, {'offset': 1, 'projected_percent': '0.0', 'likelihood': 0}, {'offset': 2, 'projected_percent': '0.0', 'likelihood': 0}]",2026-09-04T19:30:49.058576Z,False,0,3,0.0,0.0,0,Luca,0.0,601,False,,,45,611917.jpg,0.0,False,Williams-Barnett,0.1,False,,a,19,6,0,4037,1401,1177,593,0.0,0.0,Williams-Barnett,,241.0,2025-07-25,2008-10-01,False,p611917,0,0,0,0,0,0,0,0,0,0,0,0,0,0.0,0.0,0.0,0.0,0,0,0,0,0,0.00,0.00,0.00,0.00,,,,,,,[],,421,155,427,165,368,124,437,162,0.0,0.0,0.0,0.0,0.0,0.0,535,269,480,190,480,190,424,168,0.0,0.0,0.0
True,True,,,498016,0,0,0,0,-30.5,-82,"[{'offset': 0, 'projected_percent': '-31.0', 'likelihood': -2}, {'offset': 1, 'projected_percent': '-34.2', 'likelihood': -2}, {'offset': 2, 'projected_percent': '-37.3', 'likelihood': -2}]",,False,0,1,3.5,3.5,6,Robin,3.5,529,False,,,50,498016.jpg,3.5,False,Roefs,3.8,False,,a,20,56,7,6548,1782,43249,12915,0.7,1.4,Roefs,,152.0,2025-08-01,2003-01-17,False,p498016,180,0,0,1,2,0,0,0,0,0,1,0,29,15.2,0.0,0.0,1.5,3,15,0,0,2,0.00,0.00,0.00,2.82,,,,,,,[],,114,15,524,65,481,65,209,15,0.0,0.5,0.0,0.0,1.41,1.0,343,20,87,6,98,7,93,15,1.0,0.5,0.0
True,False,0.0,0.0,232571,0,0,0,0,0.0,-14,"[{'offset': 0, 'projected_percent': '0.0', 'likelihood': 0}, {'offset': 1, 'projected_percent': '0.0', 'likelihood': 0}, {'offset': 2, 'projected_percent': '0.0', 'likelihood': 0}]",,False,0,1,0.0,0.0,0,Anthony,0.0,530,False,Has joined Wrexham permanently,2026-08-12T14:08:03.064533Z,40,232571.jpg,0.0,False,Patterson,0.2,False,,u,20,56,0,0,0,2893,586,0.0,0.0,Patterson,,241.0,2018-10-09,2000-05-10,False,p232571,0,0,0,0,0,0,0,0,0,0,0,0,0,0.0,0.0,0.0,0.0,0,0,0,0,0,0.00,0.00,0.00,0.00,,,,,,,[],,302,34,301,14,221,14,319,34,0.0,0.0,0.0,0.0,0.0,0.0,582,62,370,35,370,35,372,40,0.0,0.0,0.0
True,True,,,515046,0,0,0,0,-37.2,-4,"[{'offset': 0, 'projected_percent': '-38.3', 'likelihood': -2}, {'offset': 1, 'projected_percent': '-44.8', 'likelihood': -3}, {'offset': 2, 'projected_percent': '-51.3', 'likelihood': -3}]",,False,0,1,0.0,0.0,0,Melker,0.0,531,False,,,45,515046.jpg,0.0,False,Ellborg,0.1,False,,a,20,56,0,289,80,1081,227,0.0,0.0,Ellborg,,206.0,2026-02-01,2003-05-22,False,p515046,0,0,0,0,0,0,0,0,0,0,0,0,0,0.0,0.0,0.0,0.0,0,0,0,0,0,0.00,0.00,0.00,0.00,,,,,,,[],,394,58,401,46,339,46,410,58,0.0,0.0,0.0,0.0,0.0,0.0,502,45,454,59,454,59,435,47,0.0,0.0,0.0
True,True,,,223827,0,0,0,0,-44.4,-378,"[{'offset': 0, 'projected_percent': '-46.2', 'likelihood': -3}, {'offset': 1, 'projected_percent': '-57.7', 'likelihood': -3}, {'offset': 2, 'projected_percent': '-69.2', 'likelihood': -3}]",,False,0,2,3.0,3.0,6,Daniel,3.0,532,False,,,50,223827.jpg,3.0,False,Ballard,4.7,False,,a,20,56,6,15614,2816,72402,22698,0.6,1.2,Ballard,,242.0,2022-07-01,1999-09-22,False,p223827,180,0,0,1,2,0,0,0,1,0,0,0,30,18.2,1.2,0.0,1.9,14,1,3,17,2,0.01,0.01,0.02,2.82,,,,,,,[],,95,40,213,70,429,174,184,72,0.0,0.0,0.0,0.0,1.41,1.0,282,50,97,36,108,39,73,31,1.0,0.5,8.5
True,True,100.0,100.0,200834,0,0,0,0,-63.7,275,"[{'offset': 0, 'projected_percent': '-61.1', 'likelihood': -3}, {'offset': 1, 'projected_percent': '-45.0', 'likelihood': -3}, {'offset': 2, 'projected_percent': '-28.8', 'likelihood': -2}]",,False,1,2,5.5,5.5,11,Nordi,5.5,533,False,,2026-08-09T08:30:05.954750Z,55,200834.jpg,11.0,False,Mukiele,2.4,False,,a,20,56,11,10979,5391,45571,6984,1.0,2.0,Mukiele,,73.0,2025-08-17,1997-11-01,False,p200834,90,0,0,1,0,0,0,0,0,0,0,3,29,0.0,0.0,0.0,0.0,17,4,2,19,1,0.00,0.01,0.01,1.02,,,,,,,[],,552,203,567,203,541,196,568,203,0.0,0.0,0.01,0.01,1.02,0.0,137,16,44,18,4,2,121,48,1.0,1.0,19.0
True,True,,,487676,0,0,0,0,-18.4,-243,"[{'offset': 0, 'projected_percent': '-19.4', 'likelihood': -1}, {'offset': 1, 'projected_percent': '-25.1', 'likelihood': -2}, {'offset': 2, 'projected_percent': '-30.8', 'likelihood': -2}]",,False,0,2,4.0,4.0,6,Trai,4.0,534,False,,,45,487676.jpg,4.0,False,Hume,6.1,False,,a,20,56,8,17365,3746,56402,19031,0.9,1.8,Hume,,242.0,2022-01-04,2002-03-18,False,p487676,169,0,0,1,1,0,0,0,0,0,0,0,38,9.4,39.4,13.0,6.2,3,10,7,10,2,0.04,0.28,0.32,2.71,3.0,,,,,,[],,169,73,17,3,75,20,51,13,0.02,0.0,0.15,0.17,1.44,0.53,487,131,76,28,84,30,64,25,1.07,0.53,5.33
True,True,100.0,100.0,201895,0,0,0,0,-39.0,-95,"[{'offset': 0, 'projected_percent': '-44.2', 'likelihood': -3}, {'offset': 1, 'projected_percent': '-76.6', 'likelihood': -3}, {'offset': 2, 'projected_percent': '-108.9', 'likelihood': -5}]",,False,0,2,0.5,0.5,0,Omar,0.5,535,False,,2026-08-09T08:30:05.962393Z,50,201895.jpg,1.0,False,Alderete,0.4,False,,a,20,56,1,3139,542,7542,2278,0.1,0.2,Alderete,,168.0,2025-08-12,1996-12-26,False,p201895,23,0,0,0,1,0,0,0,0,0,0,0,2,0.0,0.6,0.0,0.0,0,2,0,0,0,0.00,0.01,0.01,0.10,,,,,,,[],,460,182,240,86,413,166,476,182,0.0,0.0,0.04,0.04,0.39,3.91,259,41,288,105,261,99,270,100,0.0,0.0,0.0
True,True,,,434399,0,0,0,0,-27.9,-10,"[{'offset': 0, 'projected_percent': '-28.4', 'likelihood': -2}, {'offset': 1, 'projected_percent': '-31.6', 'likelihood': -2}, {'offset': 2, 'projected_percent': '-34.8', 'likelihood': -2}]",,False,0,2,3.5,3.5,6,Reinildo,3.5,536,False,,,45,434399.jpg,3.5,False,Mandava,0.4,False,,a,20,56,7,1342,367,4601,1023,0.8,1.6,Reinildo,Reinildo Mandava,146.0,2025-07-08,1994-01-21,False,p434399,180,0,0,1,2,0,0,0,0,0,0,0,34,23.0,27.5,4.0,5.5,9,8,4,13,2,0.00,0.30,0.30,2.82,,,,,,,[],,74,34,36,10,131,43,62,20,0.0,0.0,0.15,0.15,1.41,1.0,469,121,85,32,96,34,268,99,1.0,0.5,6.5
True,False,0.0,,519634,0,0,0,0,0.0,-2,"[{'offset': 0, 'projected_percent': '0.0', 'likelihood': 0}, {'offset': 1, 'projected_percent': '0.0', 'likelihood': 0}, {'offset': 2, 'projected_percent': '0.0', 'likelihood': 0}]",,False,0,2,0.0,0.0,0,Jenson,0.0,537,False,Has joined Swansea City on loan for the rest of the season,2026-08-29T00:34:52.425076Z,45,519634.jpg,0.0,False,Seelt,0.0,False,,u,20,56,0,61,3,258,131,0.0,0.0,Seelt,,152.0,2023-07-01,2003-05-23,False,p519634,0,0,0,0,0,0,0,0,0,0,0,0,0,0.0,0.0,0.0,0.0,0,0,0,0,0,0.00,0.00,0.00,0.00,,,,,,,[],,395,166,402,167,340,149,411,166,0.0,0.0,0.0,0.0,0.0,0.0,503,137,455,172,455,172,592,202,0.0,0.0,0.0
True,False,0.0,0.0,477547,0,0,0,0,0.0,-8,"[{'offset': 0, 'projected_percent': '0.0', 'likelihood': 0}, {'offset': 1, 'projected_percent': '0.0', 'likelihood': 0}, {'offset': 2, 'projected_percent': '0.0', 'likelihood': 0}]",,False,0,2,0.0,0.0,0,Leo Fuhr,0.0,538,False,Has joined KV Mechelen on loan for the rest of the season,2026-08-12T14:08:03.081789Z,40,477547.jpg,0.0,False,Hjelde,0.0,False,,u,20,56,0,0,0,1250,260,0.0,0.0,Hjelde,,161.0,2024-01-30,2003-08-26,False,p477547,0,0,0,0,0,0,0,0,0,0,0,0,0,0.0,0.0,0.0,0.0,0,0,0,0,0,0.00,0.00,0.00,0.00,,,,,,,[],,310,115,310,117,231,85,327,116,0.0,0.0,0.0,0.0,0.0,0.0,595,180,378,129,378,129,492,173,0.0,0.0,0.0
True,True,,,167512,0,0,0,0,-17.4,-276,"[{'offset': 0, 'projected_percent': '-19.3', 'likelihood': -1}, {'offset': 1, 'projected_percent': '-31.3', 'likelihood': -2}, {'offset': 2, 'projected_percent': '-43.3', 'likelihood': -3}]",,False,0,2,0.5,0.5,0,Luke,0.5,539,False,,,40,167512.jpg,1.0,False,O'Nien,3.3,False,,a,20,56,1,5891,1289,24984,7445,0.1,0.2,O'Nien,,241.0,2018-07-30,1994-11-21,False,p167512,66,0,0,0,1,0,0,0,1,0,0,0,1,11.4,1.4,4.0,1.7,4,4,1,5,1,0.01,0.01,0.02,1.69,,,,,,,[],,150,71,200,64,129,41,195,76,0.01,0.0,0.01,0.02,2.3,1.36,566,159,263,86,222,69,104,42,1.36,0.0,6.82
True,False,0.0,0.0,105717,0,0,0,0,0.0,-24,"[{'offset': 0, 'projected_percent': '0.0', 'likelihood': 0}, {'offset': 1, 'projected_percent': '0.0', 'likelihood': 0}, {'offset': 2, 'projected_percent': '0.0', 'likelihood': 0}]",,False,0,2,0.0,0.0,0,Arthur,0.0,540,False,Has joined Konyaspor permanently,2026-08-12T14:08:03.097784Z,40,105717.jpg,0.0,False,Masuaku,0.2,False,,u,20,56,0,0,0,6037,1169,0.0,0.0,Masuaku,,50.0,2025-08-10,1993-11-07,False,p105717,0,0,0,0,0,0,0,0,0,0,0,0,0,0.0,0.0,0.0,0.0,0,0,0,0,0,0.00,0.00,0.00,0.00,,,,,,,[],,289,104,286,103,204,68,305,104,0.0,0.0,0.0,0.0,0.0,0.0,559,154,358,119,358,119,344,129,0.0,0.0,0.0
True,True,100.0,100.0,93605,0,0,0,0,-5.6,30,"[{'offset': 0, 'projected_percent': '-3.2', 'likelihood': -1}, {'offset': 1, 'projected_percent': '0.3', 'likelihood': 1}, {'offset': 2, 'projected_percent': '0.7', 'likelihood': 1}]",,False,0,2,4.0,4.0,7,Thomas,4.0,541,False,,2026-08-16T08:30:07.830062Z,45,93605.jpg,4.0,False,Meunier,0.3,False,,a,20,56,8,1677,667,2236,518,0.9,1.8,Meunier,,21.0,2026-07-15,1991-09-12,False,p93605,180,0,0,1,2,0,0,0,0,0,0,1,32,13.8,5.3,11.0,3.0,9,8,2,11,2,0.10,0.11,0.21,2.82,,,,,,,[],,126,58,144,43,80,24,131,50,0.05,0.0,0.06,0.11,1.41,1.0,412,83,73,26,81,28,297,110,1.0,0.5,5.5
True,True,,,484420,0,0,0,0,-93.6,-3352,"[{'offset': 0, 'projected_percent': '-103.6', 'likelihood': -5}, {'offset': 1, 'projected_percent': '-164.5', 'likelihood': -5}, {'offset': 2, 'projected_percent': '-225.5', 'likelihood': -5}]",,False,0,3,2.5,2.5,3,Enzo,2.5,542,False,,,60,484420.jpg,2.5,False,Le Fée,7.9,False,,a,20,56,5,13248,1862,176928,61818,0.4,0.8,E.Le Fée,,73.0,2025-07-01,2000-02-03,False,p484420,168,0,0,1,1,0,0,0,0,0,0,0,28,4.6,9.9,0.0,1.5,1,5,2,8,2,0.21,0.20,0.41,2.60,1.0,,2.0,,2.0,,[],,218,93,124,72,601,259,211,94,0.11,0.0,0.11,0.22,1.39,0.54,91,57,140,66,148,68,52,19,1.07,0.54,4.29
True,True,75.0,,547027,0,0,0,0,-44.3,-26,"[{'offset': 0, 'projected_percent': '-49.2', 'likelihood': -3}, {'offset': 1, 'projected_percent': '-79.4', 'likelihood': -3}, {'offset': 2, 'projected_percent': '-109.7', 'likelihood': -5}]",,False,0,3,1.9,2.5,4,Habib,2.5,543,False,Unspecified injury - 75% chance of playing,2026-08-30T16:30:08.428960Z,55,547027.jpg,2.5,False,Diarra,0.1,False,,d,20,56,5,424,89,1568,391,0.5,0.9,Diarra,,189.0,2025-07-01,2004-01-03,False,p547027,28,0,1,0,1,0,0,0,0,0,0,0,18,0.4,0.6,2.0,0.3,0,0,0,0,0,0.03,0.18,0.21,0.12,,,,,1.0,,[],,275,130,247,131,179,89,279,132,0.1,0.0,0.58,0.68,0.39,3.21,201,126,136,63,144,65,469,190,0.0,0.0,0.0
True,True,,,84450,0,0,0,0,12.0,-238,"[{'offset': 0, 'projected_percent': '11.5', 'likelihood': 1}, {'offset': 1, 'projected_percent': '8.2', 'likelihood': 1}, {'offset': 2, 'projected_percent': '5.0', 'likelihood': 1}]",,False,0,3,6.0,6.0,3,Granit,6.0,544,False,,,55,84450.jpg,6.0,False,Xhaka,4.6,False,,a,20,56,12,51852,9071,29649,11434,1.1,2.2,Xhaka,,207.0,2025-07-30,1992-09-27,False,p84450,180,0,1,1,2,0,0,0,0,0,0,2,57,18.8,31.4,0.0,5.0,3,14,3,20,2,0.00,0.39,0.39,2.82,2.0,,1.0,,,,[],,90,30,24,19,526,214,76,41,0.0,0.0,0.2,0.2,1.41,1.0,118,76,34,18,40,21,75,24,1.0,0.5,10.0
True,True,,,577669,0,0,0,0,-35.8,-24,"[{'offset': 0, 'projected_percent': '-37.5', 'likelihood': -2}, {'offset': 1, 'projected_percent': '-48.2', 'likelihood': -3}, {'offset': 2, 'projected_percent': '-58.9', 'likelihood': -3}]",,False,0,3,2.5,2.5,3,Noah,2.5,545,False,,,50,577669.jpg,2.5,False,Sadiki,0.3,False,,a,20,56,5,1640,475,4682,1185,0.5,1.0,Sadiki,,50.0,2025-07-04,2004-12-17,False,p577669,180,0,0,1,2,0,0,0,0,0,0,0,39,14.6,32.1,25.0,7.2,6,4,3,13,2,0.08,0.05,0.13,2.82,,,,,,,[],,116,38,23,18,36,20,42,24,0.04,0.0,0.02,0.06,1.41,1.0,380,227,128,59,137,61,294,99,1.0,0.5,6.5
True,True,0.0,0.0,535818,-1,1,-1,1,-7.9,-32,"[{'offset': 0, 'projected_percent': '-10.7', 'likelihood': -1}, {'offset': 1, 'projected_percent': '-27.7', 'likelihood': -2}, {'offset': 2, 'projected_percent': '-44.7', 'likelihood': -3}]",,False,0,3,0.0,0.0,0,Simon,0.0,546,False,Ankle injury - Unknown return date,2026-08-20T14:00:08.416985Z,49,535818.jpg,0.0,False,Adingra,0.1,False,,i,20,56,0,138,85,4177,618,0.0,0.0,Adingra,,54.0,2025-07-10,2002-01-01,False,p535818,0,0,0,0,0,0,0,0,0,0,0,0,0,0.0,0.0,0.0,0.0,0,0,0,0,0,0.00,0.00,0.00,0.00,,,,,,,[],https://www.safc.com/news/2026/august/20/le-bris-provides-latest-team-news-ahead-of-ipswich/,436,164,442,174,383,133,452,171,0.0,0.0,0.0,0.0,0.0,0.0,402,242,493,198,493,198,479,196,0.0,0.0,0.0
True,True,,,461199,0,0,0,0,-70.0,0,"[{'offset': 0, 'projected_percent': '-70.0', 'likelihood': -3}, {'offset': 1, 'projected_percent': '-70.0', 'likelihood': -3}, {'offset': 2, 'projected_percent': '-70.0', 'likelihood': -3}]",,False,0,3,0.5,0.5,1,Romaine,0.5,547,False,,,50,461199.jpg,1.0,False,Mundle,0.0,False,,a,20,56,1,59,19,188,38,0.1,0.2,Mundle,,241.0,2024-02-01,2003-04-24,False,p461199,1,0,0,0,0,0,0,0,0,0,0,0,2,0.0,0.0,0.0,0.0,1,0,0,1,0,0.06,0.00,0.06,0.10,,,,,,,[],,494,196,504,205,457,171,510,203,5.4,0.0,0.0,5.4,9.0,0.0,314,186,296,133,268,118,596,254,0.0,0.0,90.0
True,True,,,554197,0,0,0,0,-48.2,-9,"[{'offset': 0, 'projected_percent': '-51.5', 'likelihood': -3}, {'offset': 1, 'projected_percent': '-72.1', 'likelihood': -3}, {'offset': 2, 'projected_percent': '-92.7', 'likelihood': -3}]",,False,0,3,1.0,1.0,1,Chris,1.0,548,False,,,50,554197.jpg,1.0,False,Rigg,0.1,False,,a,20,56,2,142,43,845,225,0.2,0.4,Rigg,,241.0,2022-12-31,2007-06-18,False,p554197,17,0,0,0,1,0,0,0,0,0,0,0,6,0.0,0.3,0.0,0.0,0,1,1,2,0,0.00,0.00,0.00,0.49,,,,,,,[],,527,217,262,138,499,195,543,224,0.0,0.0,0.0,0.0,2.59,5.29,375,223,239,111,283,128,475,193,0.0,0.0,10.59
True,True,,,549912,0,0,0,0,-81.7,-68,"[{'offset': 0, 'projected_percent': '-89.7', 'likelihood': -3}, {'offset': 1, 'projected_percent': '-139.0', 'likelihood': -5}, {'offset': 2, 'projected_percent': '-188.2', 'likelihood': -5}]",,False,0,3,0.5,0.5,0,Chemsdine,0.5,549,False,,,55,549912.jpg,1.0,False,Talbi,0.2,False,,a,20,56,1,354,70,3832,988,0.1,0.2,Talbi,,145.0,2025-07-09,2005-05-09,False,p549912,31,0,0,0,1,0,0,0,0,0,0,0,1,0.0,0.9,0.0,0.0,0,2,0,2,0,0.00,0.00,0.00,0.14,,,,,,,[],,576,248,225,125,575,245,588,253,0.0,0.0,0.0,0.0,0.41,2.9,203,128,329,154,311,148,339,123,0.0,0.0,5.81
True,True,,,699989,0,0,0,0,-44.7,0,"[{'offset': 0, 'projected_percent': '-44.7', 'likelihood': -3}, {'offset': 1, 'projected_percent': '-44.7', 'likelihood': -3}, {'offset': 2, 'projected_percent': '-44.7', 'likelihood': -3}]",,False,0,3,0.0,0.0,0,Djiamgone Jocelin Ta,0.0,550,False,,,50,699989.jpg,0.0,False,Bi,0.0,False,,a,20,56,0,71,20,127,26,0.0,0.0,Jocelin.T,,54.0,2026-01-16,2005-02-09,False,p699989,0,0,0,0,0,0,0,0,0,0,0,0,0,0.0,0.0,0.0,0.0,0,0,0,0,0,0.00,0.00,0.00,0.00,,,,,,,[],,537,224,550,233,516,208,553,231,0.0,0.0,0.0,0.0,0.0,0.0,398,239,570,241,570,241,602,258,0.0,0.0,0.0
True,True,,,536661,0,0,0,0,2.1,6,"[{'offset': 0, 'projected_percent': '2.1', 'likelihood': 1}, {'offset': 1, 'projected_percent': '2.2', 'likelihood': 1}, {'offset': 2, 'projected_percent': '2.3', 'likelihood': 1}]",,False,0,3,4.0,4.0,3,Nilson,4.0,551,False,,,50,536661.jpg,4.0,False,Angulo,0.1,False,,a,20,56,8,6547,1204,2065,686,0.8,1.6,Angulo,,62.0,2026-02-02,2003-06-19,False,p536661,122,1,0,1,1,0,0,0,1,0,0,0,36,32.8,3.3,16.0,5.2,1,9,2,12,2,0.15,0.05,0.20,2.26,,,3.0,,,,[],,45,20,162,94,64,34,71,38,0.11,0.0,0.04,0.15,1.67,0.74,365,215,81,37,89,40,389,152,1.48,0.74,8.85
True,True,,,441264,0,0,0,0,-55.6,-3976,"[{'offset': 0, 'projected_percent': '-63.5', 'likelihood': -3}, {'offset': 1, 'projected_percent': '-111.9', 'likelihood': -5}, {'offset': 2, 'projected_percent': '-160.3', 'likelihood': -5}]",,False,0,4,2.0,2.0,2,Brian,2.0,552,False,,,60,441264.jpg,2.0,False,Brobbey,11.7,False,,a,20,56,4,47037,8768,208425,88798,0.3,0.7,Brobbey,,152.0,2025-09-01,2002-02-01,False,p441264,129,0,0,1,1,0,0,0,0,0,0,0,6,0.0,1.5,9.0,1.1,1,3,0,4,2,0.36,0.00,0.36,2.29,,,,,,,[],,600,64,198,23,92,18,233,22,0.25,0.0,0.0,0.25,1.6,0.7,79,20,162,17,181,21,34,6,1.4,0.7,2.79
True,True,,,437505,0,0,0,0,-51.3,265,"[{'offset': 0, 'projected_percent': '-44.2', 'likelihood': -3}, {'offset': 1, 'projected_percent': '-0.8', 'likelihood': -1}, {'offset': 2, 'projected_percent': '3.6', 'likelihood': 1}]",,False,0,4,4.5,4.5,8,Wilson,4.5,553,False,,,55,437505.jpg,4.5,False,Isidor,0.9,False,,a,20,56,9,6638,4168,16455,3534,0.8,1.6,Isidor,,92.0,2025-02-01,2000-08-27,False,p437505,49,1,0,0,1,0,0,0,0,0,0,3,32,0.0,0.2,0.0,0.0,0,0,0,0,0,1.38,0.00,1.38,0.51,,,,,,,[],,561,51,271,30,554,58,575,59,2.53,0.0,0.0,2.53,0.94,1.84,164,38,66,7,76,9,207,33,0.0,0.0,0.0
True,True,0.0,0.0,638411,0,0,0,0,0.0,0,"[{'offset': 0, 'projected_percent': '0.0', 'likelihood': 0}, {'offset': 1, 'projected_percent': '0.0', 'likelihood': 0}, {'offset': 2, 'projected_percent': '0.0', 'likelihood': 0}]",2026-09-07T14:00:38.220168Z,False,0,2,0.0,0.0,0,Dayann,0.0,612,False,Suspended until 5 Sep,2026-08-28T13:00:08.950445Z,45,638411.jpg,0.0,False,Méthalie,0.0,False,,s,20,56,0,129,34,47,20,0.0,0.0,Methalie,,73.0,2026-08-21,2006-02-15,False,p638411,0,0,0,0,0,0,0,0,0,0,0,0,0,0.0,0.0,0.0,0.0,0,0,0,0,0,0.00,0.00,0.00,0.00,,,,,,,[],https://www.safc.com/news/2026/august/28/le-bris-provides-latest-team-news-ahead-of-fulham/,429,175,435,176,376,159,445,175,0.0,0.0,0.0,0.0,0.0,0.0,543,150,486,180,486,180,619,207,0.0,0.0,0.0
True,True,,,696104,0,0,0,0,0.0,0,"[{'offset': 0, 'projected_percent': '0.0', 'likelihood': 0}, {'offset': 1, 'projected_percent': '0.0', 'likelihood': 0}, {'offset': 2, 'projected_percent': '0.0', 'likelihood': 0}]",2026-09-08T14:02:40.674207Z,False,0,3,1.0,1.0,0,Jules,0.0,613,False,,,45,696104.jpg,0.0,False,Ahoka,0.1,False,,a,20,56,0,7320,4845,1488,1090,0.0,0.0,Ahoka,,50.0,2026-08-24,2006-05-08,False,p696104,0,0,0,0,0,0,0,0,0,0,0,0,0,0.0,0.0,0.0,0.0,0,0,0,0,0,0.00,0.00,0.00,0.00,,,,,,,[],,433,162,439,172,380,131,449,169,0.0,0.0,0.0,0.0,0.0,0.0,547,276,490,196,490,196,385,149,0.0,0.0,0.0
